donor_id,donor_age,donor_gender,donor_country,donor_type,registration_date
100001,22,Male,Peru,Small Business,2016-05-12
100002,59,Female,India,Individual,2015-04-12
100003,52,Female,Philippines,Individual,2015-12-14
100004,41,Female,Uganda,NGO,2016-09-13
100005,40,Male,Peru,Individual,2014-02-19
100006,63,Male,India,Individual,2014-04-23
100007,22,Female,Costa Rica,Individual,2016-07-31
100008,54,Female,United States,Individual,2015-08-06
100009,28,Female,Tajikistan,NGO,2015-09-26
100010,22,Female,Colombia,Individual,2014-12-16
100011,45,Male,Colombia,Individual,2016-04-27
100012,69,Male,Pakistan,Individual,2015-10-25
100013,56,Male,Philippines,Individual,2014-09-22
100014,58,Male,Nigeria,Individual,2015-10-27
100015,56,Male,Bolivia,Individual,2014-01-05
100016,59,Female,Peru,Small Business,2014-09-04
100017,45,Male,Tanzania,Individual,2014-07-29
100018,24,Male,Ecuador,Individual,2016-03-16
100019,62,Female,El Salvador,Individual,2016-01-24
100020,41,Male,Philippines,Individual,2014-04-04
100021,44,Male,Philippines,Individual,2016-07-17
100022,37,Female,Kenya,Individual,2016-04-18
100023,27,Male,Cambodia,NGO,2015-03-22
100024,67,Female,Philippines,Individual,2014-08-06
100025,59,Female,Philippines,Individual,2015-03-07
100026,52,Male,Philippines,Individual,2015-08-28
100027,39,Female,Honduras,Individual,2015-10-08
100028,61,Female,Honduras,Individual,2014-12-23
100029,46,Female,El Salvador,Individual,2014-04-15
100030,41,Female,Philippines,Individual,2015-09-17
100031,41,Female,Philippines,Individual,2015-12-24
100032,30,Female,Philippines,Individual,2014-10-02
100033,22,Female,El Salvador,Individual,2015-10-18
100034,47,Male,Philippines,Individual,2015-08-07
100035,65,Female,Kenya,Individual,2015-05-29
100036,21,Female,Albania,Corporate,2014-01-09
100037,63,Female,Peru,Individual,2014-11-12
100038,61,Male,Rwanda,Individual,2015-01-19
100039,32,Male,Philippines,NGO,2016-05-04
100040,51,Female,Kenya,Individual,2016-04-26
100041,26,Female,Azerbaijan,Individual,2016-06-14
100042,58,Male,El Salvador,Individual,2015-04-20
100043,55,Male,Nicaragua,Individual,2014-12-02
100044,36,Male,Madagascar,Individual,2015-05-27
100045,21,Female,Pakistan,Individual,2016-03-22
100046,69,Male,Kenya,Small Business,2015-09-30
100047,41,Female,Peru,NGO,2015-09-09
100048,65,Male,Philippines,Individual,2015-03-22
100049,53,Male,Philippines,Individual,2015-12-15
100050,59,Male,Philippines,Individual,2016-06-07
100051,58,Female,Togo,Individual,2015-11-16
100052,28,Female,Ecuador,Individual,2015-02-18
100053,37,Female,Kenya,Individual,2016-05-10
100054,42,Female,Philippines,Individual,2016-08-23
100055,44,Male,Ecuador,NGO,2016-03-27
100056,20,Female,Liberia,Individual,2016-06-17
100057,46,Male,Kenya,Individual,2014-09-30
100058,26,Male,Kenya,Individual,2015-03-08
100059,57,Male,Indonesia,Individual,2014-09-13
100060,54,Male,Sierra Leone,Individual,2015-01-11
100061,66,Female,Ghana,Individual,2016-01-22
100062,57,Female,Kenya,Individual,2015-11-25
100063,37,Female,Philippines,Small Business,2014-01-04
100064,69,Female,Uganda,Corporate,2016-02-13
100065,39,Female,Kenya,Individual,2014-07-17
100066,35,Male,Togo,Individual,2014-07-10
100067,65,Male,Philippines,Individual,2015-07-12
100068,37,Male,Nicaragua,Individual,2014-09-05
100069,22,Female,Jordan,Corporate,2016-09-13
100070,42,Other,Madagascar,Individual,2014-05-31
100071,60,Male,Nicaragua,Individual,2016-02-19
100072,28,Female,Mozambique,NGO,2014-10-21
100073,42,Female,Philippines,Individual,2016-01-03
100074,24,Female,El Salvador,Individual,2015-11-30
100075,54,Female,Philippines,Individual,2014-07-14
100076,43,Female,Kosovo,Individual,2015-08-18
100077,35,Female,Jordan,Individual,2015-07-05
100078,30,Female,Philippines,Corporate,2014-04-08
100079,47,Male,Philippines,Individual,2016-02-23
100080,53,Female,El Salvador,Individual,2016-05-28
100081,67,Male,Kenya,Individual,2016-08-28
100082,41,Female,United States,Individual,2014-04-01
100083,26,Male,Philippines,Individual,2014-07-03
100084,62,Male,Guatemala,Small Business,2016-04-25
100085,51,Male,Pakistan,Individual,2014-11-09
100086,55,Male,El Salvador,Individual,2015-10-04
100087,23,Male,Philippines,Individual,2014-12-24
100088,34,Male,Congo,Individual,2014-08-12
100089,58,Male,Tajikistan,Individual,2015-10-03
100090,62,Male,Uganda,Small Business,2014-07-30
100091,41,Female,El Salvador,Individual,2014-05-21
100092,60,Female,Jordan,NGO,2015-06-28
100093,62,Female,Rwanda,Small Business,2014-07-18
100094,38,Male,Lebanon,Individual,2014-07-17
100095,65,Male,Tajikistan,Individual,2016-03-10
100096,33,Female,Sierra Leone,Small Business,2015-06-26
100097,30,Male,Kenya,Corporate,2015-07-10
100098,54,Male,Vietnam,Individual,2014-05-28
100099,51,Female,El Salvador,Individual,2014-06-14
100100,25,Female,Colombia,Individual,2015-02-05
100101,62,Male,Solomon Islands,Small Business,2015-02-03
100102,28,Female,Burundi,NGO,2015-04-08
100103,60,Male,Peru,NGO,2014-05-19
100104,18,Female,Colombia,Individual,2016-07-09
100105,60,Male,Zimbabwe,Individual,2015-01-07
100106,59,Male,Ukraine,Small Business,2016-04-16
100107,59,Female,Honduras,Individual,2015-02-15
100108,53,Male,Philippines,NGO,2015-04-30
100109,42,Female,Kenya,Individual,2014-04-26
100110,55,Male,Zimbabwe,NGO,2015-11-25
100111,32,Female,Armenia,Individual,2014-03-03
100112,59,Female,India,Individual,2016-02-06
100113,47,Female,Ecuador,Individual,2016-06-22
100114,42,Female,El Salvador,Individual,2015-01-06
100115,44,Male,El Salvador,Individual,2016-06-28
100116,48,Female,Lebanon,Small Business,2015-12-18
100117,19,Male,Kenya,Individual,2014-01-04
100118,25,Female,Nigeria,Individual,2014-07-28
100119,31,Female,Bolivia,Individual,2015-10-20
100120,24,Female,Palestine,Corporate,2015-12-21
100121,41,Female,Kenya,Small Business,2014-04-07
100122,53,Female,India,Small Business,2015-12-03
100123,52,Male,Philippines,Small Business,2016-04-10
100124,42,Female,Philippines,Individual,2014-04-05
100125,63,Female,El Salvador,NGO,2016-06-20
100126,47,Male,Philippines,Individual,2015-07-01
100127,22,Female,Mozambique,Individual,2015-09-24
100128,58,Male,Jordan,Individual,2014-02-22
100129,48,Male,Philippines,Individual,2015-09-21
100130,51,Male,Palestine,Small Business,2015-04-11
100131,47,Male,Peru,Individual,2015-01-16
100132,47,Female,Vietnam,Small Business,2016-03-10
100133,22,Female,Sierra Leone,Corporate,2014-09-13
100134,47,Female,Colombia,Individual,2014-03-03
100135,60,Female,Philippines,Individual,2015-05-27
100136,34,Male,Philippines,Individual,2016-02-02
100137,49,Male,Cambodia,Individual,2014-05-18
100138,19,Male,Mozambique,Small Business,2016-10-05
100139,36,Female,Colombia,Individual,2015-11-20
100140,41,Male,El Salvador,Individual,2016-08-15
100141,70,Female,Philippines,Individual,2015-04-27
100142,29,Female,Liberia,Individual,2014-05-07
100143,32,Female,Kenya,Individual,2014-07-02
100144,39,Female,Vietnam,Individual,2015-05-29
100145,70,Male,Nigeria,Individual,2015-08-26
100146,63,Female,Kenya,NGO,2016-01-23
100147,19,Female,Philippines,Individual,2016-03-25
100148,30,Female,El Salvador,Individual,2016-02-21
100149,61,Female,Kenya,Individual,2015-08-27
100150,21,Female,Vietnam,Individual,2014-01-19
100151,63,Other,Rwanda,Individual,2015-06-27
100152,32,Male,Philippines,Small Business,2016-04-19
100153,66,Female,Peru,Individual,2016-05-18
100154,33,Female,Philippines,Individual,2016-05-05
100155,41,Male,Philippines,Individual,2014-01-12
100156,53,Female,Armenia,Individual,2015-03-23
100157,24,Male,Kyrgyzstan,Individual,2015-09-25
100158,47,Female,Honduras,Small Business,2014-09-11
100159,44,Male,Philippines,Corporate,2015-02-25
100160,59,Male,Pakistan,Individual,2014-04-11
100161,70,Female,El Salvador,Corporate,2014-07-18
100162,53,Male,Zambia,Individual,2014-01-07
100163,39,Male,Paraguay,Individual,2016-09-30
100164,39,Male,Timor-Leste,Individual,2016-05-30
100165,40,Female,Philippines,Individual,2015-02-19
100166,61,Female,Uganda,Individual,2014-01-05
100167,35,Female,Honduras,Individual,2014-12-10
100168,26,Male,El Salvador,Individual,2015-03-22
100169,35,Female,Nicaragua,Individual,2014-06-23
100170,19,Male,Peru,NGO,2015-11-10
100171,23,Female,Cameroon,Individual,2016-10-19
100172,22,Male,Philippines,NGO,2016-05-14
100173,58,Male,Timor-Leste,Individual,2016-05-27
100174,56,Male,El Salvador,Individual,2016-05-01
100175,54,Female,Cambodia,Individual,2014-03-14
100176,42,Female,Peru,Individual,2015-07-20
100177,56,Male,Kenya,Individual,2015-08-03
100178,26,Female,Costa Rica,Individual,2014-04-14
100179,65,Female,Ghana,Individual,2014-06-01
100180,44,Male,Mongolia,Individual,2015-08-03
100181,67,Female,South Sudan,Corporate,2016-01-04
100182,26,Female,Ecuador,Individual,2014-08-03
100183,44,Male,Uganda,Individual,2015-05-12
100184,54,Female,United States,Individual,2014-03-19
100185,44,Male,Philippines,Individual,2014-04-24
100186,41,Female,Samoa,Individual,2015-08-18
100187,26,Male,Cambodia,Small Business,2015-07-25
100188,38,Female,Ecuador,Individual,2016-02-08
100189,30,Male,El Salvador,Individual,2016-07-22
100190,33,Female,El Salvador,Individual,2014-07-15
100191,54,Female,Philippines,Individual,2014-12-16
100192,51,Male,Uganda,Individual,2016-05-26
100193,50,Female,El Salvador,NGO,2014-02-22
100194,37,Other,Philippines,Individual,2016-04-28
100195,68,Female,Kenya,Individual,2016-08-26
100196,22,Male,Colombia,Small Business,2014-04-13
100197,36,Female,Kenya,Individual,2014-05-26
100198,24,Male,Samoa,Small Business,2015-12-03
100199,35,Male,Philippines,Small Business,2015-05-02
100200,68,Female,Colombia,Individual,2016-10-08
100201,37,Female,Philippines,Individual,2015-07-13
100202,66,Female,Peru,Individual,2015-11-03
100203,44,Male,Pakistan,Individual,2014-09-01
100204,55,Female,Nicaragua,Individual,2014-11-29
100205,42,Female,Uganda,Individual,2014-07-02
100206,32,Male,Peru,Small Business,2014-05-31
100207,58,Female,Philippines,Individual,2014-04-27
100208,69,Male,Cambodia,Individual,2016-07-03
100209,31,Male,El Salvador,Individual,2014-03-14
100210,59,Female,Paraguay,Individual,2015-06-14
100211,31,Other,Uganda,Individual,2015-06-05
100212,55,Male,Honduras,Individual,2014-02-27
100213,59,Male,Uganda,Individual,2016-05-12
100214,41,Male,Kenya,Individual,2015-05-29
100215,57,Female,Kenya,Individual,2014-05-11
100216,32,Male,Philippines,Individual,2014-05-13
100217,22,Female,Pakistan,Individual,2015-12-19
100218,23,Other,Samoa,Small Business,2015-09-28
100219,41,Male,Armenia,Individual,2015-02-28
100220,65,Female,Uganda,Individual,2015-02-20
100221,24,Female,Philippines,Individual,2014-02-06
100222,42,Female,Tanzania,Individual,2014-02-03
100223,55,Male,Philippines,Individual,2015-07-04
100224,28,Male,El Salvador,Corporate,2015-01-08
100225,56,Male,Indonesia,Individual,2014-09-16
100226,34,Female,El Salvador,Individual,2015-01-24
100227,60,Female,Philippines,NGO,2015-09-13
100228,48,Male,Kenya,Individual,2014-10-28
100229,46,Male,Colombia,Individual,2014-12-25
100230,27,Female,Philippines,Individual,2014-10-18
100231,42,Male,Paraguay,NGO,2015-11-14
100232,63,Male,Uganda,Individual,2014-02-26
100233,19,Female,Kenya,Individual,2016-07-30
100234,58,Male,Kenya,NGO,2015-07-23
100235,44,Male,Rwanda,Small Business,2014-09-08
100236,56,Male,El Salvador,Corporate,2016-02-18
100237,53,Male,India,Individual,2016-08-20
100238,40,Female,Uganda,Corporate,2014-03-02
100239,34,Female,Philippines,Individual,2014-07-29
100240,51,Female,Uganda,Individual,2014-05-28
100241,25,Male,Peru,NGO,2014-03-14
100242,48,Female,Uganda,Individual,2016-01-27
100243,23,Male,Rwanda,Individual,2014-07-17
100244,52,Female,Ghana,Individual,2015-01-29
100245,51,Male,Guatemala,NGO,2016-04-15
100246,22,Female,Colombia,Individual,2015-09-19
100247,58,Male,Pakistan,NGO,2015-11-26
100248,40,Male,Nicaragua,Individual,2016-09-21
100249,59,Female,Kenya,Individual,2014-03-27
100250,20,Male,Lebanon,Individual,2015-12-29
100251,27,Male,Indonesia,NGO,2015-10-18
100252,44,Female,Kenya,Individual,2015-02-28
100253,27,Female,Jordan,Individual,2016-05-08
100254,35,Male,United States,Individual,2016-07-03
100255,53,Female,Uganda,NGO,2014-03-14
100256,25,Female,Ghana,Small Business,2016-09-08
100257,53,Female,Philippines,Individual,2014-09-05
100258,23,Female,Philippines,Individual,2016-03-22
100259,27,Female,Kenya,Individual,2016-04-20
100260,49,Female,Pakistan,Individual,2015-07-25
100261,60,Female,Kenya,Small Business,2016-06-03
100262,27,Female,Georgia,Individual,2016-04-26
100263,33,Male,Kenya,Individual,2015-06-20
100264,67,Male,Kenya,Individual,2014-07-03
100265,70,Male,Nicaragua,Individual,2015-03-22
100266,48,Female,Philippines,Individual,2016-07-11
100267,41,Male,Bolivia,Individual,2014-07-28
100268,36,Female,El Salvador,Individual,2014-07-06
100269,50,Female,Lao People's Democratic Republic,Individual,2015-11-13
100270,49,Other,Nigeria,Individual,2015-10-19
100271,33,Male,Philippines,Individual,2014-07-21
100272,19,Female,Philippines,Individual,2015-04-30
100273,26,Female,Philippines,Individual,2014-05-29
100274,68,Male,The Democratic Republic of the Congo,Individual,2015-01-10
100275,40,Female,Nigeria,Individual,2016-09-09
100276,43,Male,Uganda,Individual,2014-02-26
100277,42,Female,Philippines,Individual,2016-06-11
100278,59,Female,Mexico,Individual,2015-11-26
100279,21,Male,Philippines,Individual,2016-02-07
100280,22,Male,Vietnam,Small Business,2014-10-17
100281,32,Male,Armenia,Individual,2016-08-30
100282,43,Male,Kenya,Small Business,2014-09-18
100283,53,Female,Peru,Individual,2015-06-01
100284,44,Male,Philippines,Individual,2014-02-08
100285,41,Male,El Salvador,Individual,2016-06-28
100286,67,Female,Costa Rica,Individual,2015-12-23
100287,26,Female,Nigeria,Individual,2014-06-17
100288,48,Female,United States,Small Business,2015-11-10
100289,46,Female,Pakistan,Small Business,2014-07-07
100290,43,Male,Kenya,Individual,2015-04-01
100291,60,Female,Vietnam,Individual,2015-06-10
100292,32,Male,Peru,Individual,2016-08-12
100293,68,Female,Philippines,Individual,2014-12-08
100294,35,Other,El Salvador,Individual,2014-01-14
100295,46,Female,Nicaragua,Individual,2015-03-20
100296,45,Female,India,Individual,2016-08-07
100297,63,Female,Kenya,NGO,2016-03-28
100298,41,Male,Mexico,Individual,2014-03-03
100299,33,Female,El Salvador,Individual,2014-02-25
100300,19,Female,Kenya,Individual,2016-02-15
100301,37,Other,Philippines,NGO,2016-01-09
100302,61,Female,Lebanon,Individual,2015-07-26
100303,18,Male,El Salvador,Individual,2014-04-01
100304,65,Female,Cambodia,Individual,2014-10-15
100305,46,Male,Philippines,Individual,2016-05-18
100306,25,Male,Nigeria,Individual,2014-05-24
100307,34,Male,Honduras,NGO,2014-07-27
100308,47,Female,Kenya,NGO,2015-04-09
100309,34,Male,Azerbaijan,Corporate,2016-01-24
100310,23,Male,Philippines,Individual,2016-04-28
100311,53,Male,Philippines,Individual,2015-08-30
100312,53,Female,Colombia,Individual,2015-05-20
100313,24,Female,Vietnam,Individual,2015-01-31
100314,32,Male,Kenya,Individual,2014-02-15
100315,30,Male,Pakistan,Individual,2014-10-02
100316,52,Female,Kenya,Individual,2014-08-09
100317,56,Male,Pakistan,Corporate,2014-03-01
100318,56,Female,Paraguay,NGO,2016-02-03
100319,67,Male,Mongolia,Individual,2014-12-29
100320,58,Female,Uganda,Individual,2015-06-07
100321,34,Male,Nicaragua,Individual,2014-07-25
100322,23,Female,Colombia,Individual,2015-08-29
100323,50,Male,Kenya,Individual,2014-05-20
100324,66,Female,Kenya,Individual,2015-11-26
100325,69,Other,Benin,Individual,2016-01-27
100326,30,Female,Philippines,Small Business,2014-11-16
100327,30,Male,Guatemala,NGO,2014-08-07
100328,19,Male,Philippines,Individual,2016-03-10
100329,25,Female,Lebanon,Small Business,2014-08-18
100330,47,Female,Philippines,Individual,2014-07-03
100331,46,Male,Iraq,Individual,2014-12-16
100332,37,Male,Nigeria,Individual,2016-09-17
100333,34,Male,Philippines,Individual,2015-04-20
100334,61,Female,Nigeria,Individual,2014-09-27
100335,42,Female,Tajikistan,Individual,2015-06-11
100336,60,Female,Kenya,Individual,2014-12-24
100337,69,Female,Kenya,NGO,2015-11-13
100338,34,Male,Bolivia,Individual,2015-03-26
100339,28,Male,India,Individual,2015-08-27
100340,68,Male,Kenya,Corporate,2015-03-24
100341,51,Female,Mexico,Individual,2015-05-09
100342,33,Male,Kenya,Individual,2015-04-04
100343,50,Male,Philippines,NGO,2015-02-08
100344,45,Male,Colombia,Individual,2016-09-14
100345,65,Male,Philippines,Individual,2014-09-30
100346,31,Female,Kenya,Individual,2016-04-05
100347,70,Male,Peru,Individual,2015-12-29
100348,67,Male,Kenya,Small Business,2015-06-26
100349,27,Female,Philippines,Individual,2014-11-22
100350,26,Male,Vietnam,Individual,2015-05-11
100351,46,Male,Pakistan,Individual,2016-05-20
100352,20,Male,Palestine,Corporate,2014-07-06
100353,33,Female,Colombia,Individual,2015-08-24
100354,41,Male,Cambodia,Individual,2016-02-23
100355,69,Female,Kenya,NGO,2015-10-12
100356,70,Female,Guatemala,Individual,2014-05-29
100357,26,Female,Philippines,Individual,2015-06-06
100358,65,Male,Kenya,Individual,2014-07-07
100359,22,Female,Palestine,Small Business,2016-08-09
100360,57,Male,India,Individual,2014-12-27
100361,62,Male,Tajikistan,Individual,2015-03-09
100362,65,Female,Philippines,NGO,2016-05-28
100363,29,Male,Philippines,Individual,2015-03-14
100364,65,Male,Peru,Individual,2014-07-19
100365,24,Male,Mali,Individual,2016-07-03
100366,45,Male,Cambodia,NGO,2015-10-27
100367,42,Male,Philippines,Individual,2015-09-12
100368,34,Female,Philippines,Individual,2014-03-19
100369,19,Female,Colombia,Individual,2015-04-06
100370,58,Male,Nigeria,Individual,2015-04-16
100371,35,Female,Philippines,NGO,2014-09-26
100372,53,Male,Philippines,Individual,2015-08-02
100373,39,Male,Kenya,Individual,2014-09-09
100374,37,Male,Philippines,Small Business,2015-04-28
100375,64,Male,Pakistan,Individual,2016-04-01
100376,23,Male,Philippines,Individual,2016-01-24
100377,57,Male,Nicaragua,Small Business,2014-10-14
100378,57,Male,Honduras,Individual,2014-08-02
100379,38,Female,Burkina Faso,Individual,2014-01-07
100380,31,Male,Mozambique,Individual,2014-12-21
100381,18,Male,Kenya,Individual,2014-01-21
100382,67,Male,Philippines,Individual,2014-05-12
100383,68,Female,Kenya,Individual,2016-09-29
100384,30,Male,Vietnam,NGO,2016-05-26
100385,19,Female,Philippines,NGO,2015-07-28
100386,24,Male,El Salvador,NGO,2016-03-04
100387,21,Male,Kenya,Individual,2015-05-17
100388,62,Female,Philippines,Individual,2015-09-09
100389,65,Male,Vietnam,NGO,2016-07-29
100390,26,Male,Paraguay,Individual,2014-03-23
100391,57,Male,Peru,Individual,2014-12-27
100392,27,Other,Ghana,Small Business,2014-05-03
100393,37,Female,Philippines,Individual,2016-03-25
100394,49,Female,Philippines,Individual,2016-04-22
100395,56,Other,El Salvador,Individual,2016-01-10
100396,64,Male,Paraguay,Individual,2015-09-17
100397,20,Other,Colombia,Individual,2015-05-05
100398,28,Male,Philippines,Individual,2014-01-25
100399,32,Female,Haiti,Small Business,2016-03-04
100400,34,Male,Kenya,Individual,2016-07-04
100401,70,Male,El Salvador,Individual,2016-09-16
100402,59,Female,Tajikistan,Small Business,2014-12-17
100403,34,Male,Azerbaijan,Small Business,2014-07-25
100404,69,Other,Paraguay,Corporate,2015-11-02
100405,44,Male,The Democratic Republic of the Congo,Individual,2014-01-19
100406,44,Female,Philippines,NGO,2014-03-04
100407,40,Female,Tajikistan,Small Business,2016-04-21
100408,25,Male,Samoa,Individual,2016-09-07
100409,67,Female,Peru,Individual,2015-02-18
100410,18,Female,El Salvador,Individual,2015-06-05
100411,27,Female,Burundi,Individual,2015-07-12
100412,30,Male,Philippines,Individual,2014-05-23
100413,32,Female,El Salvador,Individual,2014-08-17
100414,24,Female,Mexico,NGO,2014-11-03
100415,18,Male,Zimbabwe,Individual,2016-05-12
100416,53,Male,Kosovo,NGO,2015-03-26
100417,69,Male,Togo,Individual,2016-01-10
100418,24,Female,Philippines,Small Business,2014-07-19
100419,33,Male,Yemen,Individual,2016-09-03
100420,44,Female,Uganda,Individual,2016-06-24
100421,67,Other,Paraguay,Individual,2015-05-03
100422,54,Male,El Salvador,NGO,2014-08-20
100423,58,Male,Lebanon,Individual,2016-09-27
100424,48,Female,Colombia,Individual,2016-04-08
100425,40,Male,Palestine,Corporate,2015-06-08
100426,28,Female,Philippines,Individual,2014-10-02
100427,63,Female,Philippines,Individual,2015-09-29
100428,60,Female,Uganda,Individual,2015-01-15
100429,19,Male,Philippines,Individual,2015-11-22
100430,55,Female,Nigeria,Individual,2016-05-02
100431,22,Female,Kenya,Individual,2015-05-18
100432,57,Male,Pakistan,Individual,2014-02-19
100433,61,Female,Philippines,Individual,2015-07-31
100434,24,Female,Philippines,Small Business,2016-05-29
100435,40,Female,Tajikistan,Corporate,2014-08-18
100436,24,Male,Kenya,Individual,2016-09-09
100437,48,Male,Philippines,Individual,2015-01-07
100438,67,Male,Philippines,Individual,2015-12-03
100439,22,Male,Philippines,Small Business,2015-12-21
100440,39,Male,Tajikistan,Individual,2014-07-06
100441,69,Other,Philippines,Individual,2014-02-10
100442,33,Male,El Salvador,Individual,2016-08-30
100443,25,Female,Nigeria,Individual,2015-12-19
100444,43,Male,Peru,Small Business,2015-10-09
100445,44,Male,Colombia,Individual,2014-11-08
100446,53,Male,Kenya,Individual,2014-04-22
100447,34,Male,Timor-Leste,Individual,2014-10-06
100448,68,Female,El Salvador,Individual,2015-07-16
100449,45,Female,Kenya,Individual,2015-12-12
100450,33,Female,Jordan,NGO,2014-11-24
100451,68,Male,Paraguay,Individual,2014-08-09
100452,67,Female,Tajikistan,Individual,2014-09-14
100453,44,Male,Sierra Leone,Individual,2016-09-12
100454,19,Female,Philippines,Individual,2015-10-09
100455,49,Female,Palestine,NGO,2016-10-11
100456,47,Male,Ecuador,Individual,2014-01-07
100457,25,Male,El Salvador,Individual,2015-04-15
100458,51,Male,Kenya,Individual,2015-04-14
100459,62,Male,Philippines,Corporate,2015-02-16
100460,23,Female,Georgia,NGO,2015-02-06
100461,56,Female,Philippines,Individual,2014-03-23
100462,25,Female,Kenya,Individual,2014-02-03
100463,57,Male,Nigeria,Small Business,2016-03-08
100464,40,Female,Vietnam,Small Business,2015-03-28
100465,18,Male,Philippines,Individual,2014-06-17
100466,69,Female,Rwanda,Small Business,2014-12-23
100467,26,Male,Peru,Individual,2016-08-13
100468,49,Male,United States,Individual,2015-04-25
100469,27,Female,Philippines,Individual,2016-10-11
100470,67,Male,Philippines,Individual,2014-06-15
100471,57,Male,Nicaragua,Individual,2014-05-06
100472,60,Female,Philippines,Individual,2015-08-01
100473,40,Male,Peru,Small Business,2015-12-01
100474,42,Female,Philippines,NGO,2016-10-02
100475,51,Female,Honduras,Individual,2015-04-23
100476,59,Female,Zimbabwe,Individual,2014-07-25
100477,62,Female,Palestine,Individual,2015-07-09
100478,18,Female,Haiti,Individual,2014-11-11
100479,53,Female,Jordan,Individual,2014-07-04
100480,23,Female,Uganda,Small Business,2014-04-02
100481,33,Female,El Salvador,Individual,2016-01-12
100482,61,Male,Zimbabwe,Individual,2015-10-21
100483,31,Male,Yemen,Small Business,2014-06-21
100484,60,Female,Mongolia,Individual,2015-07-27
100485,42,Male,Armenia,Individual,2016-06-26
100486,30,Male,Philippines,Individual,2016-04-18
100487,35,Male,Azerbaijan,NGO,2015-04-11
100488,46,Female,Azerbaijan,Individual,2014-03-01
100489,58,Male,Paraguay,Individual,2015-10-13
100490,50,Female,Indonesia,Individual,2015-06-14
100491,67,Female,Pakistan,Individual,2016-08-02
100492,63,Female,Azerbaijan,Individual,2015-07-22
100493,57,Male,Philippines,Individual,2016-01-27
100494,49,Female,Tanzania,Individual,2015-06-26
100495,33,Female,Philippines,Small Business,2015-07-09
100496,39,Male,Kenya,Individual,2014-11-22
100497,24,Female,Philippines,NGO,2015-02-17
100498,37,Male,Cambodia,Individual,2014-10-31
100499,67,Other,Philippines,Small Business,2015-04-19
100500,40,Male,The Democratic Republic of the Congo,Individual,2016-09-01
100501,24,Female,Pakistan,Individual,2014-12-17
100502,52,Female,Zimbabwe,Individual,2015-04-20
100503,69,Male,Kenya,Small Business,2016-08-27
100504,63,Female,Philippines,Individual,2014-06-05
100505,32,Male,Honduras,Individual,2014-09-17
100506,42,Female,Vietnam,Individual,2015-05-21
100507,46,Female,Pakistan,Individual,2015-02-24
100508,31,Male,Rwanda,Individual,2014-12-16
100509,32,Male,Palestine,Small Business,2016-03-08
100510,30,Female,Colombia,Individual,2015-05-27
100511,70,Male,Costa Rica,Individual,2015-01-09
100512,57,Female,Bolivia,Individual,2015-05-06
100513,62,Female,Ecuador,Corporate,2016-06-27
100514,61,Female,El Salvador,Individual,2016-10-05
100515,68,Male,Philippines,Individual,2014-09-07
100516,23,Female,Kenya,Individual,2014-02-11
100517,64,Female,Armenia,Individual,2014-02-02
100518,21,Male,Vietnam,Individual,2015-04-02
100519,43,Male,Kenya,Individual,2015-10-07
100520,49,Male,Tajikistan,Individual,2014-02-23
100521,36,Male,Philippines,NGO,2015-06-05
100522,25,Female,Kenya,Individual,2015-02-14
100523,28,Male,Mozambique,Individual,2016-08-13
100524,61,Female,El Salvador,Individual,2015-09-11
100525,34,Male,Kenya,Individual,2015-03-10
100526,34,Male,Cambodia,Individual,2015-08-25
100527,66,Male,El Salvador,Individual,2014-05-20
100528,25,Female,Bolivia,Individual,2015-05-02
100529,66,Female,Albania,Individual,2014-12-05
100530,66,Male,Colombia,Individual,2014-07-05
100531,49,Female,Colombia,Individual,2015-02-08
100532,26,Male,El Salvador,Individual,2015-10-17
100533,26,Male,Pakistan,Individual,2015-08-21
100534,33,Male,Kenya,Individual,2016-09-14
100535,48,Other,Philippines,Individual,2014-10-09
100536,26,Female,Tanzania,Individual,2015-12-18
100537,42,Female,Uganda,NGO,2015-07-19
100538,24,Male,Cambodia,Individual,2016-06-14
100539,46,Male,Philippines,Individual,2016-07-19
100540,19,Female,Palestine,Corporate,2015-12-27
100541,55,Male,Philippines,Corporate,2015-03-11
100542,20,Female,El Salvador,Individual,2015-07-01
100543,28,Female,Palestine,Individual,2016-04-05
100544,27,Male,Uganda,Small Business,2014-08-23
100545,62,Female,Yemen,Corporate,2016-06-13
100546,20,Other,Philippines,Small Business,2014-04-01
100547,40,Male,Bolivia,Individual,2014-10-04
100548,49,Female,Lao People's Democratic Republic,Individual,2014-08-30
100549,45,Female,Pakistan,Corporate,2015-08-18
100550,54,Male,Nigeria,Individual,2014-08-03
100551,60,Female,El Salvador,Individual,2014-11-04
100552,38,Male,Mali,Small Business,2014-07-14
100553,61,Female,Ghana,Individual,2014-03-11
100554,34,Female,Vietnam,Individual,2015-04-16
100555,70,Female,Timor-Leste,Individual,2014-11-24
100556,44,Female,Colombia,Individual,2015-06-02
100557,57,Female,Colombia,Individual,2014-08-06
100558,64,Male,Kenya,Individual,2014-10-21
100559,60,Male,Vietnam,Individual,2016-07-03
100560,63,Male,Togo,Individual,2016-04-04
100561,46,Female,Nicaragua,Individual,2014-10-01
100562,20,Male,Philippines,Corporate,2014-06-16
100563,44,Male,Pakistan,Individual,2016-09-25
100564,27,Female,Mali,Corporate,2015-11-29
100565,65,Male,Georgia,Individual,2015-05-20
100566,30,Male,Philippines,Individual,2015-12-18
100567,30,Male,Philippines,Small Business,2014-08-15
100568,31,Male,El Salvador,Small Business,2015-03-15
100569,52,Female,Philippines,Individual,2015-02-06
100570,48,Male,Kosovo,Individual,2016-01-09
100571,68,Male,Uganda,Individual,2014-07-08
100572,40,Female,Peru,Individual,2015-05-17
100573,32,Female,Philippines,Individual,2016-05-04
100574,20,Female,Uganda,Individual,2014-07-21
100575,18,Female,Burundi,Individual,2014-05-04
100576,37,Female,Cambodia,NGO,2016-04-21
100577,67,Male,Philippines,Individual,2016-06-14
100578,45,Female,Kenya,Small Business,2015-03-18
100579,65,Female,Lao People's Democratic Republic,Small Business,2014-02-17
100580,23,Male,Egypt,Corporate,2015-07-09
100581,22,Male,Philippines,Individual,2014-11-04
100582,62,Male,Tajikistan,Individual,2015-08-26
100583,23,Female,Philippines,Individual,2014-05-24
100584,20,Female,Colombia,Individual,2016-04-05
100585,39,Female,Philippines,Individual,2015-12-04
100586,67,Male,Rwanda,Small Business,2015-10-24
100587,54,Male,Georgia,Individual,2015-06-10
100588,23,Male,Philippines,Individual,2014-08-15
100589,62,Female,Cambodia,NGO,2016-08-20
100590,62,Female,Philippines,Small Business,2014-09-30
100591,60,Female,Kenya,Individual,2015-01-11
100592,65,Female,Philippines,Individual,2016-08-07
100593,30,Female,Kenya,Individual,2014-02-12
100594,69,Female,Malawi,Small Business,2014-05-09
100595,34,Male,Philippines,Individual,2016-02-20
100596,60,Male,Indonesia,Individual,2015-01-13
100597,48,Male,Philippines,Individual,2015-08-17
100598,59,Male,Peru,Individual,2015-08-18
100599,51,Male,Uganda,Small Business,2016-04-27
100600,52,Male,Yemen,Individual,2015-09-28
100601,50,Female,Philippines,Individual,2015-03-13
100602,59,Male,Philippines,Individual,2015-07-17
100603,57,Female,Mali,Individual,2016-01-27
100604,25,Female,Bolivia,Individual,2015-01-24
100605,61,Female,Nigeria,Individual,2014-06-25
100606,46,Female,Philippines,Small Business,2015-05-14
100607,35,Male,Kenya,NGO,2016-10-21
100608,45,Female,Palestine,Individual,2014-04-26
100609,69,Male,Colombia,Small Business,2014-06-28
100610,63,Female,Colombia,Individual,2016-10-16
100611,62,Male,Kenya,Individual,2016-04-30
100612,42,Male,Kenya,Individual,2014-05-01
100613,59,Female,Azerbaijan,Individual,2014-08-07
100614,38,Female,Bolivia,Individual,2015-12-09
100615,54,Male,Philippines,Individual,2016-03-12
100616,51,Female,Timor-Leste,Small Business,2016-01-23
100617,31,Male,Colombia,Individual,2016-06-01
100618,32,Female,Kenya,Corporate,2015-06-04
100619,21,Male,El Salvador,Individual,2016-06-17
100620,25,Male,Bolivia,Individual,2015-09-03
100621,40,Male,El Salvador,Individual,2015-05-03
100622,43,Male,Colombia,Individual,2015-10-15
100623,26,Male,Vietnam,Individual,2015-03-16
100624,40,Male,Philippines,NGO,2015-09-14
100625,50,Male,Azerbaijan,NGO,2016-05-04
100626,30,Male,El Salvador,Individual,2016-09-08
100627,35,Female,El Salvador,Individual,2015-08-17
100628,37,Male,Nigeria,Individual,2014-01-07
100629,44,Female,Tajikistan,Individual,2015-09-29
100630,37,Female,Uganda,Individual,2014-09-16
100631,57,Male,Nicaragua,Individual,2014-08-31
100632,35,Female,Jordan,Small Business,2016-06-21
100633,40,Male,Kyrgyzstan,Individual,2015-04-03
100634,38,Male,Rwanda,Individual,2016-03-20
100635,27,Female,Kenya,Individual,2015-01-14
100636,54,Female,El Salvador,NGO,2015-09-14
100637,30,Female,Pakistan,Individual,2015-11-13
100638,33,Male,Philippines,Individual,2016-07-04
100639,60,Female,Armenia,Individual,2014-07-21
100640,68,Male,Kenya,Small Business,2015-07-30
100641,53,Male,Kenya,Individual,2015-02-21
100642,66,Male,Kenya,Individual,2015-04-21
100643,63,Other,Kenya,Individual,2016-05-19
100644,43,Male,Kenya,Small Business,2014-05-20
100645,58,Female,Tajikistan,Individual,2015-07-15
100646,35,Female,Colombia,Individual,2015-02-02
100647,42,Female,Kenya,Corporate,2016-07-07
100648,46,Female,Philippines,Individual,2014-08-11
100649,68,Female,Samoa,Individual,2014-08-27
100650,62,Male,Philippines,Individual,2014-04-04
100651,43,Male,Peru,Small Business,2015-03-27
100652,52,Female,Peru,Small Business,2014-01-12
100653,28,Male,Colombia,Individual,2015-05-28
100654,60,Male,Togo,Individual,2014-08-18
100655,47,Male,Tajikistan,NGO,2015-02-15
100656,46,Male,Mongolia,Small Business,2015-09-13
100657,58,Male,Mexico,Individual,2015-12-03
100658,51,Male,Philippines,Individual,2014-03-05
100659,21,Female,Kenya,NGO,2014-06-02
100660,33,Male,Kenya,Individual,2014-11-22
100661,27,Other,El Salvador,Individual,2015-06-17
100662,56,Female,Pakistan,Individual,2016-06-24
100663,19,Male,Philippines,Small Business,2014-05-23
100664,28,Female,Philippines,Individual,2014-03-12
100665,49,Female,El Salvador,Individual,2015-10-07
100666,54,Female,Ecuador,Individual,2016-09-29
100667,44,Male,Nigeria,Individual,2016-04-30
100668,63,Male,Madagascar,Individual,2015-08-03
100669,66,Male,Philippines,Individual,2014-01-21
100670,25,Female,El Salvador,Individual,2015-08-14
100671,68,Other,Costa Rica,Corporate,2015-04-14
100672,50,Female,Nigeria,Individual,2015-04-04
100673,51,Female,Colombia,NGO,2015-05-21
100674,23,Other,Pakistan,Individual,2015-07-30
100675,50,Female,Philippines,Individual,2016-01-09
100676,56,Male,Sierra Leone,Individual,2014-07-17
100677,48,Female,Tajikistan,Individual,2014-03-19
100678,22,Male,Colombia,Individual,2014-02-23
100679,45,Male,Pakistan,Individual,2015-02-21
100680,67,Female,El Salvador,Corporate,2015-06-05
100681,56,Female,Kenya,Individual,2016-03-15
100682,25,Male,Mali,NGO,2015-03-21
100683,68,Female,Peru,Individual,2015-06-30
100684,68,Male,Philippines,Individual,2016-09-27
100685,26,Male,El Salvador,Individual,2016-02-08
100686,60,Male,Yemen,Individual,2015-12-10
100687,39,Female,El Salvador,Individual,2015-01-09
100688,49,Female,El Salvador,Individual,2014-06-06
100689,41,Male,Tajikistan,Individual,2016-07-31
100690,59,Male,Kyrgyzstan,Small Business,2015-07-22
100691,70,Male,Ecuador,Individual,2014-03-21
100692,60,Male,United States,Corporate,2015-05-10
100693,67,Female,Philippines,Individual,2014-04-04
100694,68,Female,Senegal,Individual,2016-10-02
100695,22,Female,Jordan,Individual,2015-06-26
100696,31,Male,Peru,Individual,2016-03-15
100697,56,Female,Tajikistan,NGO,2015-04-28
100698,49,Male,Philippines,Small Business,2014-01-21
100699,20,Male,Uganda,Individual,2015-10-17
100700,23,Female,Philippines,Individual,2015-11-01
100701,45,Female,Philippines,Small Business,2014-08-24
100702,50,Female,Kosovo,Individual,2016-01-05
100703,26,Female,Kenya,Individual,2014-08-20
100704,27,Female,Colombia,Individual,2015-12-10
100705,24,Female,Kenya,Individual,2016-02-07
100706,47,Male,El Salvador,Individual,2014-05-22
100707,18,Male,El Salvador,Individual,2014-10-27
100708,48,Male,Kenya,NGO,2014-06-17
100709,43,Male,Nicaragua,Individual,2016-01-16
100710,42,Male,Albania,NGO,2014-08-30
100711,54,Male,Uganda,Small Business,2015-10-19
100712,45,Female,Mongolia,Individual,2015-03-05
100713,56,Female,Ecuador,Individual,2014-03-27
100714,58,Female,Tajikistan,Individual,2016-06-23
100715,66,Male,Kenya,Small Business,2015-12-30
100716,60,Female,Philippines,Individual,2014-09-26
100717,45,Male,United States,NGO,2016-06-20
100718,44,Male,Colombia,Individual,2015-12-28
100719,30,Male,El Salvador,Individual,2016-04-16
100720,49,Male,Lebanon,Individual,2014-07-02
100721,25,Male,Kenya,Individual,2014-01-10
100722,67,Female,Guatemala,Individual,2014-03-05
100723,62,Female,Kenya,Individual,2015-07-08
100724,24,Female,Senegal,Individual,2016-03-17
100725,59,Male,Kenya,Individual,2016-07-24
100726,24,Female,Philippines,Individual,2016-09-11
100727,56,Female,Nigeria,Individual,2015-09-06
100728,22,Male,Philippines,Individual,2015-10-09
100729,43,Female,Mozambique,Individual,2014-10-25
100730,52,Female,Paraguay,Small Business,2014-01-02
100731,56,Male,Philippines,Individual,2014-07-19
100732,40,Male,Philippines,Individual,2014-02-27
100733,66,Female,Senegal,Individual,2015-12-03
100734,59,Male,Tajikistan,Individual,2016-03-01
100735,29,Male,Sierra Leone,Small Business,2014-06-02
100736,53,Male,Philippines,Individual,2016-07-24
100737,56,Female,Senegal,Individual,2016-01-08
100738,35,Male,Peru,Individual,2016-07-16
100739,57,Male,Ecuador,Individual,2015-10-27
100740,65,Male,El Salvador,Individual,2014-12-14
100741,61,Female,Philippines,Individual,2015-10-04
100742,58,Female,Haiti,Individual,2015-09-11
100743,51,Female,Myanmar (Burma),Corporate,2014-07-05
100744,32,Male,El Salvador,Individual,2014-04-15
100745,60,Male,Azerbaijan,Individual,2015-10-29
100746,37,Female,Philippines,NGO,2014-04-08
100747,46,Male,Philippines,Corporate,2014-04-14
100748,34,Female,Philippines,Individual,2014-03-15
100749,34,Female,El Salvador,NGO,2015-09-30
100750,26,Male,Philippines,Individual,2016-08-07
100751,68,Other,El Salvador,Small Business,2014-06-06
100752,25,Female,Philippines,Individual,2015-06-10
100753,22,Male,Bolivia,Individual,2015-05-10
100754,67,Female,Samoa,Individual,2015-09-01
100755,47,Male,Nigeria,Individual,2015-03-20
100756,41,Female,Philippines,Individual,2015-06-30
100757,57,Male,Armenia,Individual,2014-11-30
100758,38,Male,Kenya,Individual,2016-07-17
100759,24,Female,Armenia,Individual,2015-07-06
100760,56,Male,Pakistan,NGO,2014-11-15
100761,27,Male,El Salvador,Individual,2014-01-04
100762,47,Female,Philippines,Individual,2015-11-27
100763,68,Male,Samoa,Individual,2015-01-25
100764,67,Male,Georgia,Individual,2014-09-13
100765,37,Male,Paraguay,Individual,2015-05-07
100766,59,Male,Costa Rica,Individual,2015-05-13
100767,50,Male,Timor-Leste,Individual,2016-04-03
100768,43,Female,Philippines,Individual,2015-07-11
100769,25,Female,India,Individual,2015-12-20
100770,37,Male,Kenya,Small Business,2015-10-26
100771,52,Female,Cambodia,Individual,2016-05-20
100772,70,Female,Philippines,Individual,2014-01-07
100773,18,Female,Madagascar,NGO,2015-01-21
100774,56,Female,Bolivia,Individual,2016-01-04
100775,62,Female,Kenya,Individual,2014-05-25
100776,68,Female,El Salvador,Corporate,2015-03-29
100777,40,Female,El Salvador,Individual,2015-02-16
100778,24,Female,Mali,Corporate,2016-04-05
100779,32,Male,Senegal,Individual,2016-09-13
100780,63,Male,Kenya,Individual,2014-04-20
100781,64,Female,Cambodia,Individual,2014-08-08
100782,51,Male,Colombia,Individual,2016-03-04
100783,24,Male,El Salvador,Corporate,2014-06-29
100784,24,Male,Peru,Individual,2015-05-25
100785,43,Male,Philippines,Corporate,2016-08-25
100786,49,Female,Philippines,Individual,2016-09-26
100787,19,Female,El Salvador,NGO,2016-08-31
100788,54,Male,Liberia,Corporate,2014-05-19
100789,46,Male,Kenya,Individual,2014-06-03
100790,18,Male,Kenya,Corporate,2014-06-30
100791,23,Male,India,Small Business,2016-02-28
100792,42,Female,Mozambique,Individual,2014-07-03
100793,56,Female,Uganda,Individual,2015-03-17
100794,61,Female,Philippines,Individual,2016-04-18
100795,40,Female,Nigeria,Individual,2015-05-20
100796,33,Female,El Salvador,Individual,2016-08-21
100797,69,Female,Ecuador,Individual,2015-05-27
100798,42,Female,Kenya,Individual,2015-01-25
100799,34,Male,Philippines,Individual,2016-09-19
100800,41,Male,Kenya,Individual,2015-07-15
100801,18,Female,Vietnam,Individual,2014-07-09
100802,34,Male,El Salvador,NGO,2015-10-13
100803,45,Male,Philippines,Corporate,2016-03-03
100804,66,Other,Cambodia,NGO,2016-05-09
100805,57,Female,Mali,Individual,2014-01-07
100806,59,Male,Philippines,Individual,2014-04-22
100807,46,Male,Nigeria,Corporate,2015-10-07
100808,23,Male,Ecuador,Individual,2016-01-31
100809,38,Female,El Salvador,Individual,2015-10-31
100810,70,Male,Burkina Faso,Individual,2015-01-28
100811,20,Female,Zimbabwe,Individual,2016-02-12
100812,64,Female,Kenya,Individual,2015-08-17
100813,54,Female,Philippines,Individual,2016-08-06
100814,33,Female,Kenya,Small Business,2015-01-13
100815,59,Male,Philippines,Individual,2016-02-12
100816,62,Male,Pakistan,Individual,2014-05-28
100817,20,Female,Liberia,Individual,2016-01-21
100818,23,Male,Tanzania,Individual,2016-01-20
100819,53,Male,Kenya,Small Business,2014-09-18
100820,70,Male,Uganda,Individual,2014-03-05
100821,19,Male,Philippines,Individual,2016-10-14
100822,53,Male,Pakistan,Individual,2014-03-20
100823,25,Female,Philippines,Small Business,2015-04-26
100824,52,Female,Georgia,Corporate,2014-01-02
100825,51,Female,Tanzania,Individual,2015-03-04
100826,22,Female,Philippines,Individual,2016-04-21
100827,54,Male,Vietnam,NGO,2015-05-30
100828,65,Female,Pakistan,Individual,2014-09-04
100829,63,Female,Kyrgyzstan,Individual,2015-02-09
100830,19,Male,Cambodia,Individual,2014-04-06
100831,31,Female,Philippines,Individual,2015-09-01
100832,30,Male,Nicaragua,Individual,2014-01-05
100833,42,Male,Philippines,Individual,2014-12-25
100834,25,Male,Colombia,Individual,2014-03-04
100835,63,Male,Philippines,Individual,2014-09-04
100836,59,Male,Nigeria,Individual,2014-03-11
100837,60,Female,Samoa,Individual,2016-08-08
100838,28,Female,Philippines,NGO,2016-03-02
100839,18,Male,El Salvador,Individual,2016-08-08
100840,66,Female,India,Individual,2015-12-01
100841,33,Male,Philippines,Individual,2015-05-24
100842,52,Female,Pakistan,Individual,2014-06-28
100843,66,Male,Ecuador,Individual,2016-09-12
100844,19,Male,El Salvador,Individual,2016-07-29
100845,18,Female,Samoa,Individual,2015-03-03
100846,18,Female,Peru,NGO,2014-08-20
100847,26,Female,Tajikistan,Small Business,2015-02-02
100848,20,Female,Philippines,Small Business,2015-02-09
100849,61,Female,Philippines,Individual,2016-07-28
100850,50,Male,Philippines,Small Business,2014-03-10
100851,69,Male,Jordan,Small Business,2015-10-11
100852,60,Male,Togo,NGO,2016-02-27
100853,69,Male,Lebanon,Small Business,2016-02-21
100854,30,Male,Philippines,Small Business,2014-07-18
100855,33,Female,Peru,Small Business,2015-02-28
100856,63,Male,Kyrgyzstan,Individual,2015-02-22
100857,30,Female,Ecuador,Individual,2014-03-31
100858,21,Female,Philippines,Individual,2014-03-27
100859,53,Female,Zimbabwe,Individual,2014-01-26
100860,60,Female,Philippines,Individual,2016-09-17
100861,69,Male,Philippines,Individual,2015-03-04
100862,67,Male,Zimbabwe,Individual,2014-08-22
100863,24,Female,Cambodia,Individual,2016-03-28
100864,58,Female,El Salvador,Corporate,2015-05-22
100865,62,Male,Pakistan,Individual,2015-01-09
100866,55,Male,Turkey,Individual,2014-04-28
100867,61,Female,Philippines,Individual,2015-01-31
100868,62,Female,Mali,Individual,2015-10-26
100869,41,Male,Kenya,Individual,2015-10-01
100870,20,Male,Philippines,Individual,2015-02-05
100871,42,Female,El Salvador,Individual,2015-09-21
100872,28,Male,Pakistan,Individual,2016-02-26
100873,24,Female,Philippines,Individual,2016-08-11
100874,24,Male,El Salvador,Individual,2015-06-26
100875,54,Female,Nicaragua,NGO,2014-08-22
100876,44,Male,Colombia,NGO,2014-05-14
100877,46,Male,Bolivia,Individual,2014-06-12
100878,57,Female,Palestine,Small Business,2014-01-12
100879,47,Male,El Salvador,Small Business,2015-07-27
100880,51,Female,El Salvador,NGO,2014-08-07
100881,22,Male,Cambodia,Individual,2014-08-21
100882,63,Female,Pakistan,Individual,2016-01-13
100883,41,Female,Philippines,Individual,2014-11-24
100884,26,Female,Kenya,Individual,2016-04-28
100885,61,Male,Philippines,Individual,2014-05-21
100886,56,Female,El Salvador,Individual,2014-12-17
100887,20,Female,Mongolia,Individual,2014-02-23
100888,28,Female,Colombia,NGO,2015-07-04
100889,18,Male,Uganda,Individual,2014-05-09
100890,32,Male,Pakistan,Corporate,2014-09-04
100891,23,Male,Ecuador,Small Business,2016-06-21
100892,55,Female,Uganda,NGO,2015-07-14
100893,45,Other,Uganda,Small Business,2016-09-15
100894,69,Male,Vietnam,Individual,2016-02-15
100895,57,Female,Philippines,Individual,2016-02-11
100896,50,Female,Pakistan,NGO,2016-10-11
100897,44,Male,Pakistan,Individual,2014-04-02
100898,20,Male,Mali,Individual,2014-08-27
100899,21,Female,Turkey,Individual,2015-03-25
100900,50,Female,Kyrgyzstan,Individual,2015-09-26
100901,18,Male,Peru,Individual,2016-10-11
100902,20,Female,Philippines,Individual,2014-04-12
100903,29,Female,Colombia,Individual,2014-08-24
100904,64,Female,Samoa,Individual,2014-11-02
100905,42,Female,Yemen,Individual,2015-11-19
100906,55,Female,Samoa,Individual,2016-09-02
100907,39,Female,Philippines,Individual,2016-08-19
100908,27,Male,Vietnam,Individual,2016-02-06
100909,37,Female,Togo,Individual,2016-03-03
100910,22,Male,Ecuador,Individual,2015-03-03
100911,58,Female,Nigeria,Small Business,2015-09-16
100912,27,Male,Peru,Individual,2014-06-25
100913,37,Female,Nicaragua,Small Business,2015-06-04
100914,69,Male,Kenya,Individual,2014-10-28
100915,49,Male,Philippines,Individual,2016-08-09
100916,42,Male,Samoa,Individual,2015-01-12
100917,46,Female,Azerbaijan,NGO,2015-02-09
100918,59,Female,Indonesia,Individual,2015-02-17
100919,31,Male,Kenya,Individual,2016-07-12
100920,51,Female,Philippines,Individual,2016-08-13
100921,64,Female,Kenya,Individual,2015-03-18
100922,48,Male,Palestine,Small Business,2016-10-17
100923,41,Female,Paraguay,Corporate,2016-02-15
100924,25,Male,Iraq,Individual,2016-05-17
100925,31,Male,Kenya,Individual,2016-07-27
100926,68,Female,Pakistan,Individual,2014-12-08
100927,46,Male,Guatemala,Corporate,2015-07-19
100928,33,Female,Kenya,Individual,2014-10-20
100929,40,Female,Costa Rica,Individual,2014-11-14
100930,48,Female,Colombia,Corporate,2015-04-21
100931,46,Female,Philippines,Corporate,2014-02-22
100932,55,Female,Philippines,Individual,2014-08-09
100933,31,Other,Togo,Individual,2016-04-09
100934,52,Male,Nicaragua,Individual,2014-06-20
100935,41,Male,Armenia,Small Business,2015-09-30
100936,67,Female,Guatemala,Individual,2016-02-24
100937,26,Male,El Salvador,Individual,2014-09-27
100938,25,Male,Kyrgyzstan,Individual,2015-04-15
100939,42,Male,Timor-Leste,Individual,2016-06-17
100940,44,Female,Philippines,Individual,2016-05-06
100941,54,Male,Armenia,Small Business,2016-07-31
100942,39,Male,Kenya,Individual,2015-10-06
100943,66,Male,Kenya,Individual,2016-06-27
100944,43,Male,El Salvador,Small Business,2015-02-13
100945,24,Female,Tanzania,Individual,2015-09-09
100946,24,Male,Philippines,Individual,2015-11-15
100947,69,Female,Uganda,Corporate,2016-09-27
100948,25,Female,Ecuador,Individual,2015-01-13
100949,68,Male,Philippines,NGO,2016-06-15
100950,32,Female,Guatemala,Individual,2015-06-07
100951,22,Female,Georgia,Individual,2014-04-18
100952,34,Female,Philippines,Individual,2015-11-03
100953,50,Male,Philippines,Individual,2016-10-02
100954,40,Male,Mongolia,Individual,2015-04-10
100955,59,Other,Philippines,Individual,2015-07-17
100956,50,Female,Philippines,Individual,2016-08-08
100957,39,Female,The Democratic Republic of the Congo,Individual,2016-07-31
100958,51,Female,Sierra Leone,Small Business,2015-02-15
100959,69,Male,Paraguay,Individual,2016-02-19
100960,39,Female,Pakistan,Individual,2015-10-09
100961,26,Male,Liberia,Individual,2015-10-26
100962,39,Female,Paraguay,Individual,2016-01-09
100963,62,Male,Paraguay,Individual,2014-12-02
100964,29,Male,Palestine,Individual,2014-11-09
100965,68,Female,Paraguay,Individual,2014-01-29
100966,49,Female,Peru,Individual,2016-05-27
100967,49,Female,El Salvador,Individual,2014-10-11
100968,34,Male,Peru,Small Business,2015-11-22
100969,66,Male,Peru,Individual,2015-12-04
100970,19,Female,El Salvador,Individual,2015-12-22
100971,33,Male,Uganda,Individual,2016-06-03
100972,40,Male,Kyrgyzstan,Small Business,2016-06-08
100973,43,Female,El Salvador,Individual,2014-01-03
100974,43,Male,Philippines,Individual,2016-05-10
100975,25,Female,Kenya,Individual,2014-08-02
100976,29,Male,Philippines,Individual,2015-10-24
100977,23,Female,Kyrgyzstan,Individual,2015-11-21
100978,48,Female,Uganda,Individual,2014-02-25
100979,36,Female,Kenya,Small Business,2014-10-18
100980,47,Female,Lebanon,Corporate,2016-07-21
100981,49,Male,Philippines,Individual,2014-05-26
100982,55,Female,Philippines,Individual,2014-08-26
100983,46,Female,Samoa,Individual,2014-03-26
100984,52,Female,Pakistan,Individual,2014-06-21
100985,49,Female,Honduras,Individual,2015-10-16
100986,52,Female,Palestine,NGO,2016-05-12
100987,50,Female,Georgia,Individual,2015-09-02
100988,34,Female,Philippines,Individual,2014-10-19
100989,31,Male,Kyrgyzstan,Individual,2016-05-29
100990,59,Female,Vietnam,Corporate,2015-01-12
100991,36,Female,Philippines,Individual,2014-11-19
100992,47,Male,Yemen,Small Business,2015-06-03
100993,28,Female,El Salvador,Small Business,2014-05-21
100994,40,Female,Sierra Leone,Individual,2015-01-01
100995,46,Male,Tajikistan,Individual,2016-03-29
100996,51,Female,Peru,Individual,2015-09-16
100997,45,Female,Philippines,Individual,2016-10-09
100998,37,Female,Ghana,Individual,2016-03-05
100999,68,Male,Pakistan,Individual,2015-01-05
101000,45,Female,Philippines,Individual,2016-02-25
101001,60,Male,Philippines,Small Business,2016-06-05
101002,57,Female,Honduras,Individual,2015-10-09
101003,47,Male,Philippines,Individual,2016-02-21
101004,64,Female,Colombia,Individual,2015-05-31
101005,24,Female,Ecuador,Individual,2016-07-22
101006,66,Female,Kenya,Individual,2014-09-01
101007,63,Female,Pakistan,Individual,2015-03-12
101008,44,Female,Kenya,Small Business,2014-09-18
101009,56,Female,Azerbaijan,Individual,2014-04-15
101010,45,Male,Indonesia,Small Business,2015-09-24
101011,32,Female,Kenya,Individual,2014-05-02
101012,60,Female,Peru,Individual,2014-08-21
101013,31,Other,Peru,Small Business,2016-02-22
101014,34,Other,Albania,Individual,2014-09-05
101015,45,Female,El Salvador,Individual,2016-06-03
101016,62,Female,Pakistan,NGO,2014-02-20
101017,38,Female,Yemen,Individual,2015-04-14
101018,44,Male,Philippines,Individual,2014-03-11
101019,20,Female,Pakistan,Individual,2014-03-03
101020,24,Female,Philippines,Individual,2016-03-21
101021,20,Female,Tajikistan,Individual,2014-03-10
101022,21,Female,El Salvador,Small Business,2016-07-03
101023,64,Male,Iraq,Individual,2015-09-06
101024,62,Male,El Salvador,Individual,2015-05-10
101025,61,Female,Philippines,Individual,2016-07-30
101026,20,Male,Samoa,Individual,2015-02-02
101027,22,Male,Rwanda,Small Business,2015-02-14
101028,32,Male,Nigeria,Individual,2015-02-25
101029,47,Female,Mali,Individual,2015-10-29
101030,35,Female,Kenya,Individual,2016-05-18
101031,43,Male,Nicaragua,Small Business,2015-07-10
101032,27,Male,Philippines,Individual,2014-10-16
101033,56,Male,Philippines,Individual,2016-06-30
101034,34,Male,Yemen,NGO,2015-09-06
101035,21,Female,India,Individual,2016-05-02
101036,57,Female,Philippines,Individual,2015-03-20
101037,65,Male,Philippines,Small Business,2014-07-24
101038,18,Female,Mozambique,NGO,2016-08-25
101039,41,Male,Philippines,Individual,2015-11-26
101040,61,Male,Kenya,NGO,2014-11-12
101041,55,Female,Philippines,Individual,2016-05-18
101042,63,Female,Philippines,Corporate,2014-01-10
101043,40,Female,Kenya,Individual,2016-08-11
101044,37,Male,Mongolia,Individual,2015-08-17
101045,55,Male,Kenya,Individual,2015-08-28
101046,26,Male,Peru,Small Business,2014-01-15
101047,30,Female,Mali,Corporate,2014-06-30
101048,49,Other,Pakistan,Individual,2016-01-09
101049,53,Male,India,Individual,2015-07-27
101050,24,Female,Paraguay,Individual,2014-05-12
101051,44,Female,Tajikistan,Individual,2015-11-14
101052,37,Female,Nicaragua,Small Business,2016-02-04
101053,44,Male,Kyrgyzstan,Individual,2014-10-07
101054,68,Female,Vietnam,Corporate,2015-12-08
101055,22,Male,Guatemala,NGO,2016-09-23
101056,70,Female,Philippines,Individual,2015-05-10
101057,41,Female,Ecuador,Individual,2014-08-24
101058,58,Female,India,Corporate,2016-09-12
101059,40,Female,Kenya,NGO,2016-07-22
101060,34,Female,Mexico,Individual,2015-04-14
101061,58,Female,Kenya,Individual,2015-03-12
101062,54,Female,Kenya,Individual,2016-05-04
101063,25,Female,Tanzania,Small Business,2014-01-02
101064,55,Male,Kenya,Individual,2014-11-17
101065,57,Other,El Salvador,Individual,2015-07-11
101066,38,Female,El Salvador,Small Business,2015-11-02
101067,67,Female,Zimbabwe,Individual,2015-10-06
101068,51,Female,Uganda,Individual,2015-01-15
101069,35,Female,Nigeria,Individual,2016-06-09
101070,18,Male,Kyrgyzstan,NGO,2015-10-28
101071,53,Female,Tajikistan,Individual,2015-07-09
101072,29,Male,Azerbaijan,Individual,2016-08-19
101073,58,Male,Kyrgyzstan,Corporate,2014-04-07
101074,45,Male,El Salvador,Individual,2015-12-29
101075,42,Male,Mozambique,Individual,2016-08-07
101076,26,Male,Peru,Small Business,2015-11-10
101077,55,Female,Philippines,Individual,2015-08-03
101078,26,Male,Kenya,Corporate,2015-01-09
101079,40,Female,Tajikistan,NGO,2014-10-06
101080,62,Male,Philippines,Individual,2015-07-14
101081,66,Female,Colombia,Individual,2016-07-09
101082,70,Female,El Salvador,Individual,2015-04-19
101083,68,Male,Peru,Individual,2014-05-05
101084,47,Female,Philippines,Individual,2015-05-11
101085,28,Female,United States,Individual,2014-04-11
101086,62,Female,El Salvador,Corporate,2016-08-17
101087,60,Male,Philippines,Individual,2015-07-03
101088,70,Female,Uganda,Small Business,2014-08-08
101089,52,Female,Cambodia,Individual,2015-10-03
101090,25,Male,Nicaragua,Individual,2015-07-06
101091,44,Female,Peru,Individual,2015-06-08
101092,41,Male,Philippines,Individual,2015-08-30
101093,62,Female,Mexico,Individual,2016-08-09
101094,38,Male,Uganda,Individual,2016-05-27
101095,35,Male,Philippines,Small Business,2014-09-27
101096,22,Other,Honduras,Individual,2014-09-04
101097,62,Female,Paraguay,Individual,2015-10-23
101098,58,Female,Nicaragua,Small Business,2014-01-21
101099,20,Female,Uganda,Individual,2015-06-27
101100,40,Male,El Salvador,Individual,2014-05-02
101101,43,Male,Pakistan,Individual,2014-02-01
101102,42,Male,Philippines,Individual,2014-07-10
101103,66,Female,Kenya,Individual,2014-09-19
101104,25,Male,Benin,Individual,2014-03-23
101105,34,Female,Paraguay,Individual,2016-05-06
101106,27,Male,El Salvador,Individual,2015-03-26
101107,30,Male,Philippines,Individual,2015-07-20
101108,66,Male,India,Corporate,2016-06-05
101109,67,Male,Kenya,Individual,2016-05-07
101110,20,Male,Philippines,Individual,2016-04-20
101111,51,Female,Philippines,NGO,2014-07-21
101112,30,Male,Bolivia,Individual,2016-02-03
101113,28,Female,Nicaragua,Individual,2016-10-17
101114,33,Female,Philippines,Individual,2014-01-09
101115,28,Female,Philippines,NGO,2016-06-08
101116,43,Female,Nicaragua,Individual,2016-06-06
101117,70,Male,Colombia,Individual,2016-05-12
101118,49,Male,Nigeria,Corporate,2015-02-11
101119,56,Male,Philippines,Individual,2014-07-24
101120,44,Female,Bolivia,Individual,2016-01-20
101121,18,Female,Timor-Leste,Individual,2015-10-01
101122,22,Male,Colombia,Individual,2016-01-15
101123,32,Male,Philippines,Small Business,2014-09-20
101124,30,Female,Ecuador,Corporate,2014-07-02
101125,62,Female,Kenya,Individual,2016-07-12
101126,62,Female,Philippines,Individual,2015-06-13
101127,63,Female,Kenya,Individual,2016-05-22
101128,51,Female,Jordan,Individual,2016-08-06
101129,47,Female,El Salvador,NGO,2015-04-16
101130,52,Male,Tanzania,Individual,2014-09-27
101131,39,Male,Peru,Individual,2016-07-06
101132,53,Female,Peru,NGO,2016-01-03
101133,60,Female,Philippines,Corporate,2015-11-14
101134,58,Male,Nicaragua,Individual,2016-09-08
101135,50,Female,Philippines,Small Business,2014-09-10
101136,21,Male,Cambodia,Individual,2015-01-05
101137,56,Female,Kenya,Individual,2014-02-10
101138,37,Male,El Salvador,Individual,2015-02-02
101139,57,Female,Pakistan,NGO,2015-04-03
101140,46,Female,Philippines,Individual,2015-04-09
101141,64,Male,Kenya,Individual,2014-06-05
101142,35,Male,Malawi,Small Business,2016-04-08
101143,67,Female,Philippines,Individual,2015-05-17
101144,62,Male,Kenya,Individual,2015-03-27
101145,35,Male,Kenya,Individual,2016-06-04
101146,43,Female,El Salvador,Small Business,2015-05-14
101147,46,Male,Nigeria,Individual,2016-07-03
101148,58,Male,Kenya,Small Business,2014-08-17
101149,54,Male,Uganda,Individual,2016-05-21
101150,63,Female,Nicaragua,Individual,2016-10-09
101151,37,Male,Kenya,Small Business,2016-02-08
101152,44,Male,Mozambique,Individual,2016-07-03
101153,40,Male,Kosovo,Individual,2016-01-29
101154,66,Male,Philippines,Individual,2015-09-08
101155,34,Male,Kenya,Individual,2016-02-22
101156,49,Male,Philippines,Individual,2016-09-11
101157,24,Male,Philippines,Corporate,2015-09-13
101158,63,Male,Cambodia,Individual,2015-12-06
101159,38,Female,Pakistan,Individual,2014-03-23
101160,36,Male,Uganda,Individual,2016-09-09
101161,48,Male,Kenya,Individual,2016-03-07
101162,44,Female,Kenya,Individual,2014-06-15
101163,62,Female,Cameroon,NGO,2014-10-25
101164,46,Female,Senegal,Individual,2014-08-20
101165,45,Male,Philippines,Small Business,2014-11-24
101166,23,Male,Paraguay,Individual,2016-06-25
101167,19,Male,Uganda,Individual,2015-04-21
101168,39,Male,Nigeria,NGO,2015-03-07
101169,70,Male,Colombia,Individual,2016-03-09
101170,66,Female,Sierra Leone,Individual,2015-01-16
101171,51,Male,Philippines,NGO,2016-06-26
101172,51,Female,Kenya,NGO,2016-02-12
101173,38,Male,Ukraine,Individual,2014-09-21
101174,27,Male,Philippines,Individual,2015-10-08
101175,18,Female,Philippines,Individual,2015-05-10
101176,35,Female,Bolivia,Corporate,2014-12-19
101177,34,Male,Honduras,Individual,2016-07-17
101178,28,Female,Ecuador,Individual,2015-02-12
101179,31,Male,Honduras,Individual,2014-05-01
101180,19,Male,Nigeria,Individual,2015-02-23
101181,50,Female,Philippines,Individual,2015-06-14
101182,67,Male,Tajikistan,Individual,2014-05-10
101183,54,Male,Honduras,Individual,2016-02-01
101184,41,Female,Tanzania,Small Business,2014-08-24
101185,40,Male,Kenya,Individual,2014-04-06
101186,34,Male,Philippines,Individual,2015-07-05
101187,25,Male,Honduras,Individual,2014-06-15
101188,49,Female,Kenya,Individual,2016-03-12
101189,48,Female,Philippines,Individual,2014-03-12
101190,18,Male,Samoa,Individual,2015-03-06
101191,40,Male,Peru,Individual,2014-02-23
101192,32,Female,Kenya,Individual,2015-01-29
101193,27,Male,Philippines,Individual,2016-08-14
101194,55,Female,Philippines,Individual,2015-10-29
101195,45,Female,Kyrgyzstan,Individual,2015-07-03
101196,51,Male,Cambodia,Individual,2014-06-11
101197,55,Male,Philippines,Individual,2014-11-17
101198,70,Male,El Salvador,Individual,2015-01-26
101199,60,Male,Philippines,Individual,2015-08-17
101200,50,Male,Philippines,Individual,2014-08-02
101201,64,Female,Kenya,NGO,2016-10-21
101202,43,Male,Pakistan,Individual,2015-10-30
101203,70,Female,Philippines,Individual,2014-11-16
101204,58,Female,Kenya,Individual,2014-04-26
101205,52,Male,Cambodia,Individual,2015-09-02
101206,65,Male,El Salvador,Small Business,2015-04-05
101207,45,Male,Philippines,Individual,2015-11-22
101208,56,Female,Philippines,Individual,2015-09-04
101209,33,Male,Philippines,Corporate,2015-10-19
101210,69,Female,Kenya,Individual,2016-05-04
101211,51,Female,Bolivia,Individual,2015-06-23
101212,59,Female,Philippines,Individual,2016-01-13
101213,42,Other,Guatemala,Corporate,2015-01-04
101214,63,Female,Bolivia,Individual,2016-08-24
101215,21,Female,Philippines,Individual,2015-02-23
101216,24,Female,Philippines,Individual,2015-11-28
101217,44,Female,Philippines,Individual,2016-10-19
101218,56,Female,Philippines,Individual,2014-12-25
101219,60,Female,Peru,Individual,2014-04-15
101220,41,Male,Philippines,Individual,2014-08-26
101221,52,Female,Kyrgyzstan,Individual,2014-09-08
101222,47,Female,Cambodia,Individual,2014-02-28
101223,68,Female,Bolivia,Individual,2015-07-12
101224,52,Male,Mali,Small Business,2014-10-12
101225,40,Female,Peru,NGO,2014-04-10
101226,69,Female,Senegal,Corporate,2014-05-21
101227,23,Female,Malawi,Individual,2014-10-08
101228,70,Male,El Salvador,Individual,2015-01-14
101229,26,Female,Philippines,Individual,2016-09-25
101230,33,Female,El Salvador,NGO,2015-12-21
101231,61,Female,Philippines,Individual,2016-01-03
101232,56,Female,Peru,Individual,2015-12-11
101233,69,Female,El Salvador,Individual,2016-04-03
101234,57,Female,Cambodia,Small Business,2014-11-23
101235,51,Male,Armenia,Small Business,2014-04-13
101236,36,Other,Kenya,Small Business,2015-06-06
101237,18,Male,Pakistan,Individual,2014-01-02
101238,24,Female,Kenya,Individual,2014-08-11
101239,33,Female,Guatemala,Corporate,2016-02-11
101240,20,Male,Nicaragua,Individual,2015-05-31
101241,44,Male,Philippines,Individual,2015-12-09
101242,59,Male,Paraguay,Individual,2015-06-07
101243,69,Female,Philippines,Individual,2015-07-11
101244,43,Female,Bolivia,Individual,2014-11-06
101245,64,Male,Pakistan,Individual,2014-08-13
101246,70,Female,El Salvador,NGO,2014-09-24
101247,63,Male,Nigeria,NGO,2016-03-28
101248,42,Female,Indonesia,Individual,2016-09-30
101249,35,Male,Honduras,Individual,2014-03-26
101250,69,Male,Pakistan,Individual,2015-07-05
101251,30,Male,Bolivia,Individual,2015-04-28
101252,39,Female,El Salvador,Individual,2015-07-31
101253,21,Male,Guatemala,NGO,2014-08-28
101254,60,Female,Samoa,Individual,2014-01-09
101255,52,Male,Philippines,Individual,2014-07-28
101256,22,Male,Kenya,NGO,2014-07-06
101257,29,Male,Kenya,NGO,2014-02-24
101258,47,Male,Philippines,Individual,2015-01-01
101259,46,Female,El Salvador,Individual,2015-12-02
101260,60,Male,Philippines,Individual,2016-09-16
101261,32,Other,Colombia,Individual,2014-06-29
101262,67,Male,Philippines,Individual,2015-01-07
101263,41,Male,Kenya,Individual,2014-11-08
101264,61,Male,Paraguay,Individual,2014-08-06
101265,30,Male,El Salvador,Individual,2016-10-11
101266,19,Female,El Salvador,Individual,2015-11-03
101267,20,Female,Kyrgyzstan,Individual,2015-05-09
101268,37,Male,Burundi,Individual,2015-03-24
101269,68,Female,Pakistan,Individual,2014-11-23
101270,20,Female,Philippines,Individual,2015-03-04
101271,37,Female,Philippines,Corporate,2015-10-13
101272,23,Female,Iraq,Individual,2016-08-09
101273,67,Female,Ecuador,Individual,2015-05-24
101274,53,Female,Mali,Individual,2014-07-09
101275,58,Female,Ecuador,NGO,2016-09-07
101276,55,Female,Philippines,Individual,2014-11-20
101277,52,Female,Uganda,Individual,2014-03-27
101278,59,Male,Kyrgyzstan,NGO,2015-07-12
101279,18,Female,Tanzania,Individual,2016-03-21
101280,63,Female,Kenya,Individual,2014-09-22
101281,57,Male,Colombia,Individual,2014-10-14
101282,57,Female,Philippines,Corporate,2014-10-24
101283,38,Female,Haiti,Small Business,2016-04-06
101284,60,Male,Kenya,Individual,2016-09-07
101285,38,Female,Bolivia,Small Business,2016-05-18
101286,20,Female,Philippines,Individual,2014-08-21
101287,66,Female,Tajikistan,Individual,2016-05-20
101288,30,Male,Paraguay,Individual,2014-11-14
101289,23,Male,Kenya,Individual,2016-06-07
101290,50,Female,Rwanda,Individual,2016-10-12
101291,30,Male,Togo,Individual,2016-01-06
101292,63,Male,Indonesia,NGO,2016-09-05
101293,41,Male,Kenya,Individual,2014-05-27
101294,18,Male,India,Individual,2015-11-03
101295,68,Female,Pakistan,Individual,2014-02-23
101296,45,Female,Colombia,Individual,2015-10-31
101297,31,Female,Cambodia,Individual,2014-12-16
101298,53,Female,Colombia,Individual,2016-09-20
101299,46,Male,Philippines,Individual,2015-05-23
101300,19,Male,El Salvador,Individual,2016-02-21
101301,58,Male,Philippines,Individual,2014-11-07
101302,39,Male,Kenya,Small Business,2014-03-19
101303,55,Male,Philippines,Individual,2016-01-31
101304,65,Male,Philippines,Individual,2014-08-16
101305,50,Male,Guatemala,Individual,2016-01-11
101306,53,Male,Pakistan,Individual,2015-04-22
101307,31,Female,Philippines,Individual,2016-09-22
101308,30,Female,Guatemala,Individual,2014-12-28
101309,39,Female,Ghana,Individual,2015-02-15
101310,63,Female,Togo,Corporate,2016-01-29
101311,45,Female,Rwanda,Individual,2016-03-16
101312,36,Male,Cameroon,Individual,2014-05-10
101313,59,Female,Colombia,Individual,2016-01-30
101314,63,Male,Albania,Individual,2015-05-19
101315,65,Male,Mozambique,Individual,2016-10-10
101316,33,Male,Kenya,Corporate,2015-10-09
101317,55,Male,Tanzania,Individual,2016-03-03
101318,49,Male,Guatemala,Small Business,2014-12-19
101319,41,Female,Honduras,Individual,2014-10-18
101320,39,Female,Zimbabwe,Small Business,2016-03-15
101321,24,Female,El Salvador,Corporate,2014-01-17
101322,32,Female,El Salvador,NGO,2015-08-18
101323,47,Female,Nicaragua,Individual,2016-09-18
101324,64,Male,India,NGO,2016-10-12
101325,63,Female,Togo,Individual,2016-01-04
101326,27,Female,Mexico,Individual,2015-05-25
101327,54,Male,Bolivia,Individual,2016-04-12
101328,22,Male,Haiti,Individual,2014-01-16
101329,53,Female,Philippines,Individual,2016-03-23
101330,36,Female,Mozambique,Individual,2014-07-15
101331,41,Male,Philippines,Individual,2016-01-24
101332,56,Female,Pakistan,Individual,2014-12-23
101333,40,Male,Philippines,Individual,2016-02-10
101334,60,Male,Pakistan,NGO,2015-09-11
101335,46,Male,El Salvador,Small Business,2016-08-10
101336,70,Male,Philippines,Small Business,2016-03-17
101337,51,Female,Nicaragua,Small Business,2016-07-25
101338,33,Male,India,Individual,2014-06-05
101339,59,Female,Philippines,Individual,2015-01-24
101340,39,Male,Nigeria,Individual,2015-03-25
101341,46,Female,Philippines,Individual,2014-02-02
101342,25,Female,Philippines,Individual,2014-01-24
101343,24,Female,Philippines,Small Business,2014-02-10
101344,48,Female,Colombia,Individual,2016-02-26
101345,27,Female,Honduras,Small Business,2015-04-03
101346,70,Female,Colombia,Individual,2016-02-10
101347,63,Female,Lebanon,Small Business,2016-05-05
101348,55,Female,Colombia,Individual,2014-02-07
101349,56,Male,Kyrgyzstan,NGO,2016-05-18
101350,49,Male,Madagascar,Individual,2014-08-20
101351,21,Male,El Salvador,Individual,2015-02-19
101352,38,Male,Philippines,Individual,2016-09-13
101353,44,Male,Philippines,Individual,2014-11-06
101354,66,Male,Colombia,Individual,2016-08-20
101355,29,Female,Pakistan,Individual,2015-06-04
101356,44,Male,Philippines,Individual,2014-01-15
101357,36,Female,Togo,NGO,2016-05-03
101358,25,Male,Haiti,Individual,2014-02-15
101359,23,Female,Kenya,Individual,2015-10-15
101360,37,Male,Philippines,NGO,2015-04-15
101361,22,Male,Philippines,Individual,2014-05-24
101362,21,Male,El Salvador,Small Business,2015-06-12
101363,36,Female,United States,Individual,2015-01-07
101364,28,Male,Colombia,Individual,2014-04-12
101365,47,Female,Philippines,Individual,2015-07-24
101366,18,Male,Cambodia,Individual,2014-02-15
101367,33,Female,Philippines,Individual,2015-07-06
101368,42,Male,El Salvador,Small Business,2014-08-20
101369,69,Female,El Salvador,Individual,2016-05-01
101370,51,Male,Nicaragua,NGO,2016-08-13
101371,64,Male,Pakistan,Individual,2016-08-18
101372,36,Male,Mexico,Individual,2014-04-14
101373,41,Male,Philippines,NGO,2015-06-07
101374,40,Male,Honduras,NGO,2014-08-19
101375,65,Other,Philippines,Individual,2014-04-10
101376,68,Male,Kenya,Individual,2015-02-07
101377,69,Male,Togo,Individual,2015-03-17
101378,57,Female,Nigeria,Individual,2014-11-01
101379,44,Male,Philippines,Small Business,2014-04-28
101380,46,Male,Cambodia,Individual,2015-02-23
101381,69,Female,Bolivia,Individual,2014-06-09
101382,33,Female,Timor-Leste,Individual,2014-02-12
101383,36,Female,Nicaragua,Individual,2015-04-08
101384,65,Male,Philippines,Individual,2014-03-10
101385,38,Other,Peru,Individual,2016-09-16
101386,30,Male,Philippines,Individual,2016-05-09
101387,47,Other,Philippines,Corporate,2016-08-06
101388,35,Female,Colombia,NGO,2014-04-16
101389,65,Female,Honduras,Individual,2015-04-22
101390,66,Male,Philippines,Individual,2016-04-24
101391,34,Male,Guatemala,NGO,2015-08-13
101392,46,Female,Vietnam,NGO,2014-11-11
101393,70,Female,Mali,NGO,2016-05-02
101394,57,Female,Kenya,Individual,2014-11-14
101395,29,Female,El Salvador,Individual,2016-09-24
101396,49,Female,Philippines,Small Business,2014-04-14
101397,50,Male,Kenya,Individual,2015-12-25
101398,52,Male,Kenya,Individual,2014-01-15
101399,19,Male,Kenya,Individual,2016-07-25
101400,33,Male,Philippines,Individual,2014-12-31
101401,63,Male,Philippines,Individual,2014-01-22
101402,30,Female,Zimbabwe,Individual,2016-05-05
101403,33,Female,Guatemala,Individual,2016-09-18
101404,35,Female,Kenya,Individual,2016-07-31
101405,27,Male,Mozambique,Individual,2015-05-13
101406,26,Female,Kenya,NGO,2014-03-05
101407,36,Female,El Salvador,Individual,2014-08-22
101408,64,Female,Lebanon,Individual,2014-02-02
101409,18,Female,Uganda,Individual,2014-02-15
101410,33,Female,Kenya,Individual,2014-06-13
101411,21,Female,El Salvador,Individual,2015-08-01
101412,47,Male,Peru,Individual,2016-02-25
101413,31,Female,Tajikistan,NGO,2015-08-23
101414,59,Male,El Salvador,Individual,2014-07-30
101415,49,Male,Uganda,Corporate,2015-09-09
101416,59,Male,Kenya,Individual,2014-08-25
101417,51,Female,Peru,Individual,2015-04-18
101418,41,Female,Philippines,Individual,2016-06-29
101419,63,Female,Tanzania,Individual,2014-05-19
101420,43,Male,Mali,Corporate,2016-06-15
101421,68,Male,El Salvador,Small Business,2014-10-06
101422,70,Female,Mali,Individual,2015-11-18
101423,49,Male,Philippines,Individual,2014-09-26
101424,53,Female,Kenya,Corporate,2014-06-18
101425,31,Male,Uganda,Individual,2015-04-07
101426,61,Female,Cambodia,Individual,2015-01-26
101427,53,Female,Mali,Individual,2015-06-05
101428,65,Female,Albania,Individual,2014-08-31
101429,32,Male,El Salvador,Individual,2016-09-29
101430,59,Female,Kenya,Individual,2015-11-20
101431,42,Female,Tajikistan,NGO,2016-05-11
101432,27,Female,Kenya,Individual,2016-03-10
101433,27,Female,Philippines,Individual,2016-01-13
101434,47,Male,Albania,Individual,2014-05-27
101435,34,Female,Lebanon,Small Business,2015-08-26
101436,23,Male,Haiti,Individual,2016-07-09
101437,40,Male,Philippines,NGO,2014-04-09
101438,52,Female,Philippines,Individual,2015-04-20
101439,34,Female,Uganda,Individual,2014-07-09
101440,68,Male,Timor-Leste,NGO,2016-03-25
101441,59,Male,Philippines,Small Business,2016-08-12
101442,45,Male,Philippines,Individual,2014-02-23
101443,67,Male,Philippines,Individual,2016-04-01
101444,40,Female,Armenia,Individual,2015-01-05
101445,25,Male,Guatemala,Individual,2016-09-14
101446,19,Female,Nigeria,Small Business,2014-01-16
101447,67,Male,Philippines,Small Business,2014-07-16
101448,68,Male,Bolivia,Individual,2016-01-07
101449,57,Female,Uganda,Corporate,2016-03-08
101450,23,Male,Philippines,Individual,2014-03-23
101451,33,Male,Kenya,NGO,2014-06-14
101452,20,Female,Peru,Small Business,2014-12-13
101453,20,Female,Kenya,NGO,2014-02-06
101454,31,Female,Burkina Faso,Small Business,2016-03-12
101455,48,Male,Cambodia,Corporate,2015-11-18
101456,21,Female,El Salvador,Individual,2016-02-07
101457,70,Other,Ecuador,Individual,2015-04-27
101458,42,Female,Paraguay,Individual,2015-10-19
101459,31,Male,Philippines,Small Business,2015-08-11
101460,45,Male,Tajikistan,Individual,2015-12-13
101461,59,Male,Kenya,NGO,2015-04-07
101462,34,Male,El Salvador,Individual,2015-10-30
101463,20,Female,Vietnam,NGO,2015-10-24
101464,20,Male,Pakistan,Individual,2015-10-20
101465,63,Male,El Salvador,NGO,2016-06-12
101466,23,Male,Philippines,Corporate,2014-12-25
101467,51,Female,Peru,Individual,2016-06-19
101468,38,Male,Kenya,Individual,2014-01-30
101469,59,Male,Ghana,Individual,2015-05-14
101470,21,Male,Peru,Small Business,2015-03-29
101471,65,Female,Tanzania,Small Business,2016-06-08
101472,55,Male,El Salvador,Individual,2014-02-17
101473,41,Female,Samoa,Individual,2014-08-11
101474,28,Male,Philippines,Individual,2015-04-26
101475,69,Male,Kenya,Individual,2016-04-15
101476,34,Male,Philippines,Small Business,2015-04-21
101477,43,Male,Philippines,Individual,2015-10-17
101478,38,Male,Liberia,Corporate,2014-07-03
101479,30,Female,Bolivia,Corporate,2016-08-24
101480,40,Female,Tajikistan,NGO,2016-03-14
101481,26,Male,Peru,Individual,2014-02-14
101482,18,Male,Pakistan,Individual,2015-12-23
101483,33,Female,Nicaragua,Small Business,2014-05-14
101484,23,Male,Samoa,Individual,2015-07-28
101485,39,Male,Colombia,Corporate,2015-12-27
101486,63,Male,Mali,Individual,2016-08-06
101487,26,Male,Kenya,Individual,2014-03-14
101488,18,Male,Madagascar,Corporate,2014-10-22
101489,23,Other,Philippines,Small Business,2015-12-09
101490,44,Other,El Salvador,Individual,2014-09-26
101491,32,Other,Togo,Small Business,2016-01-01
101492,43,Male,Philippines,Individual,2014-07-08
101493,19,Male,Philippines,Individual,2014-06-18
101494,35,Male,El Salvador,Individual,2015-07-13
101495,39,Male,Uganda,Individual,2015-12-08
101496,40,Male,Timor-Leste,Individual,2014-07-30
101497,47,Male,Palestine,Individual,2016-06-14
101498,59,Male,Cambodia,Individual,2016-06-09
101499,42,Male,Mongolia,Individual,2014-03-25
101500,62,Male,Nicaragua,Individual,2014-11-09
101501,46,Female,Mexico,Individual,2015-07-24
101502,31,Male,Kenya,Individual,2015-05-19
101503,30,Female,Cambodia,Individual,2014-09-19
101504,35,Male,Philippines,Individual,2015-06-27
101505,49,Female,Philippines,Individual,2016-09-13
101506,30,Male,Vietnam,Small Business,2014-11-12
101507,66,Female,Philippines,NGO,2014-08-13
101508,43,Male,Pakistan,Corporate,2016-01-27
101509,63,Male,Nigeria,Corporate,2015-08-08
101510,54,Female,Philippines,Individual,2015-12-11
101511,35,Male,Uganda,NGO,2015-10-25
101512,30,Male,Nigeria,Individual,2016-02-19
101513,57,Female,Sierra Leone,Small Business,2016-01-18
101514,35,Male,Kenya,Corporate,2015-09-13
101515,31,Female,Mongolia,Small Business,2015-04-11
101516,67,Female,Palestine,Individual,2015-04-17
101517,43,Male,Paraguay,Individual,2014-09-30
101518,20,Male,El Salvador,Individual,2015-04-06
101519,44,Male,Vietnam,Individual,2015-09-13
101520,42,Female,Rwanda,Small Business,2016-01-05
101521,63,Male,Kenya,Individual,2016-03-02
101522,55,Male,Cameroon,Individual,2015-01-22
101523,28,Male,Jordan,Individual,2016-01-22
101524,25,Female,Cambodia,Individual,2015-03-25
101525,49,Female,Bolivia,Individual,2015-01-03
101526,20,Female,Peru,Individual,2014-06-18
101527,34,Female,Armenia,Individual,2014-09-30
101528,25,Female,Samoa,Small Business,2015-11-28
101529,19,Female,Philippines,Small Business,2014-08-11
101530,66,Female,Philippines,Small Business,2014-03-21
101531,22,Female,Kenya,Individual,2014-10-07
101532,18,Male,Liberia,Individual,2016-10-11
101533,67,Female,El Salvador,Individual,2014-06-03
101534,27,Female,Sierra Leone,Individual,2014-05-28
101535,61,Male,Cambodia,Individual,2015-02-18
101536,19,Male,Kenya,Individual,2015-01-28
101537,26,Male,Zimbabwe,NGO,2016-07-31
101538,23,Female,Pakistan,Individual,2014-09-02
101539,55,Male,El Salvador,NGO,2015-03-04
101540,50,Female,Philippines,Individual,2014-10-26
101541,43,Male,Philippines,Individual,2014-09-14
101542,30,Female,Philippines,Small Business,2014-11-27
101543,22,Male,El Salvador,Small Business,2014-09-21
101544,48,Female,Tajikistan,NGO,2016-01-07
101545,30,Female,Kenya,Small Business,2016-03-20
101546,49,Male,Philippines,Individual,2014-07-01
101547,54,Male,Kenya,Corporate,2015-05-24
101548,63,Male,El Salvador,NGO,2014-09-28
101549,44,Male,Cameroon,Individual,2016-06-07
101550,18,Female,El Salvador,Individual,2014-04-15
101551,32,Female,Philippines,Individual,2015-02-24
101552,63,Female,Colombia,Small Business,2014-12-06
101553,46,Female,Liberia,Corporate,2015-01-08
101554,50,Male,Guatemala,Small Business,2016-08-22
101555,42,Female,Palestine,Individual,2015-07-09
101556,26,Female,Yemen,Individual,2016-04-07
101557,65,Male,Nicaragua,Individual,2016-03-07
101558,58,Female,Myanmar (Burma),Individual,2014-05-29
101559,70,Male,Philippines,Individual,2015-04-19
101560,63,Female,Samoa,Individual,2015-02-27
101561,33,Female,Indonesia,Individual,2015-04-06
101562,31,Female,Liberia,Individual,2014-12-24
101563,31,Male,Cambodia,Small Business,2016-04-24
101564,66,Female,Guatemala,Individual,2016-10-17
101565,47,Male,Philippines,Individual,2014-01-28
101566,42,Female,Colombia,Individual,2016-05-27
101567,69,Male,El Salvador,Corporate,2016-06-05
101568,49,Female,Colombia,Small Business,2015-01-10
101569,66,Female,Ecuador,Individual,2015-05-13
101570,70,Male,Kenya,Small Business,2014-04-16
101571,22,Male,Philippines,Individual,2014-12-27
101572,37,Female,Kenya,Individual,2014-09-02
101573,56,Male,Paraguay,Individual,2016-07-18
101574,61,Male,Ecuador,Individual,2014-04-21
101575,25,Male,India,Individual,2014-12-15
101576,34,Male,Philippines,Individual,2015-05-08
101577,47,Female,Rwanda,Individual,2016-09-28
101578,60,Female,Nigeria,Individual,2016-04-17
101579,23,Male,Philippines,Individual,2016-08-17
101580,49,Male,Kenya,Individual,2014-11-15
101581,33,Male,Cambodia,Individual,2014-10-02
101582,29,Male,El Salvador,Individual,2015-08-09
101583,45,Female,Philippines,Individual,2014-12-16
101584,39,Male,Philippines,Individual,2014-01-17
101585,51,Female,Philippines,Individual,2016-04-12
101586,34,Female,Philippines,Individual,2014-04-08
101587,61,Female,Kenya,Individual,2014-07-20
101588,22,Female,Rwanda,Individual,2016-08-24
101589,63,Male,Peru,Individual,2016-01-21
101590,19,Male,Uganda,Individual,2015-10-21
101591,57,Male,Paraguay,Individual,2014-05-13
101592,36,Female,Pakistan,Individual,2014-09-15
101593,38,Female,Philippines,NGO,2014-07-31
101594,19,Male,Philippines,Individual,2015-10-20
101595,55,Male,Philippines,Individual,2015-05-29
101596,26,Male,Colombia,Individual,2015-01-05
101597,52,Female,Cambodia,Small Business,2016-02-04
101598,56,Female,El Salvador,Individual,2016-03-08
101599,62,Female,Pakistan,NGO,2016-01-28
101600,55,Female,Burkina Faso,Individual,2014-04-19
101601,33,Male,Kenya,Individual,2015-09-17
101602,57,Female,Peru,Individual,2014-08-04
101603,61,Female,Cambodia,NGO,2014-10-07
101604,34,Male,Bolivia,Corporate,2016-09-29
101605,24,Female,Bolivia,NGO,2015-03-02
101606,65,Male,Bolivia,Individual,2016-03-18
101607,25,Female,Philippines,Small Business,2014-09-10
101608,49,Female,Uganda,Individual,2016-09-23
101609,30,Female,Lebanon,Individual,2014-10-12
101610,24,Female,El Salvador,Individual,2014-07-06
101611,59,Male,Burundi,Corporate,2014-11-28
101612,25,Female,El Salvador,Individual,2014-06-28
101613,53,Female,Cambodia,Individual,2015-09-06
101614,54,Female,Cambodia,Individual,2014-05-28
101615,21,Female,Uganda,Individual,2014-08-02
101616,27,Male,Palestine,Individual,2015-12-21
101617,60,Female,Philippines,NGO,2014-02-14
101618,44,Female,Pakistan,Individual,2015-03-28
101619,24,Male,Tajikistan,Individual,2015-12-11
101620,70,Female,United States,Individual,2015-04-02
101621,32,Female,Tajikistan,Individual,2014-01-23
101622,18,Female,Albania,Individual,2014-06-12
101623,66,Female,Mexico,Individual,2016-09-21
101624,18,Male,Kenya,Individual,2016-03-02
101625,47,Other,Indonesia,Individual,2014-12-26
101626,70,Male,Haiti,Corporate,2016-06-14
101627,48,Female,Kenya,Individual,2014-01-08
101628,48,Male,Tajikistan,Individual,2014-02-18
101629,38,Female,Kenya,NGO,2016-06-25
101630,24,Female,Nicaragua,Individual,2015-11-22
101631,48,Female,Philippines,NGO,2015-09-07
101632,65,Female,India,Corporate,2014-12-20
101633,22,Male,El Salvador,NGO,2016-04-17
101634,64,Female,Colombia,Individual,2015-09-16
101635,39,Female,Philippines,Small Business,2015-03-22
101636,46,Male,Nigeria,Individual,2015-01-26
101637,26,Female,Cambodia,Individual,2014-12-30
101638,50,Female,Tajikistan,Corporate,2015-08-13
101639,27,Female,Kenya,Individual,2015-11-03
101640,32,Female,Philippines,Small Business,2016-04-04
101641,56,Male,Uganda,Individual,2015-02-21
101642,20,Female,Azerbaijan,Individual,2014-09-18
101643,41,Male,Philippines,Individual,2015-07-25
101644,49,Male,Ecuador,Small Business,2015-08-21
101645,24,Male,Philippines,Individual,2014-10-13
101646,33,Male,Bolivia,Small Business,2014-03-17
101647,36,Male,Kenya,Individual,2014-12-08
101648,53,Female,Uganda,NGO,2014-03-14
101649,69,Male,El Salvador,Individual,2014-03-26
101650,62,Male,Philippines,Small Business,2016-09-16
101651,28,Male,Kenya,Individual,2016-03-11
101652,18,Female,Kenya,Individual,2014-02-06
101653,20,Male,Peru,NGO,2014-12-24
101654,49,Male,Mongolia,Individual,2014-09-19
101655,26,Female,Cambodia,Individual,2016-09-25
101656,30,Male,Ghana,Small Business,2015-03-25
101657,62,Female,Cambodia,Small Business,2014-09-24
101658,64,Male,Philippines,NGO,2015-10-13
101659,62,Male,Philippines,Small Business,2015-05-02
101660,31,Male,El Salvador,Corporate,2014-07-12
101661,50,Female,Kenya,Individual,2014-11-10
101662,50,Male,Tanzania,Individual,2014-05-11
101663,27,Female,Ecuador,NGO,2015-12-13
101664,47,Male,Colombia,Individual,2016-09-21
101665,45,Female,Cambodia,Individual,2016-04-08
101666,38,Male,El Salvador,Individual,2015-01-20
101667,57,Male,Tajikistan,Individual,2015-05-15
101668,53,Male,Philippines,Small Business,2014-03-04
101669,46,Female,Philippines,Individual,2015-01-12
101670,56,Male,Kenya,Small Business,2014-02-03
101671,58,Female,Philippines,Small Business,2016-02-03
101672,48,Female,Ecuador,Individual,2016-07-20
101673,32,Other,Philippines,Individual,2014-07-16
101674,58,Male,Philippines,Individual,2015-11-22
101675,56,Female,Jordan,Individual,2015-09-07
101676,70,Female,Congo,Individual,2015-03-05
101677,25,Female,Cambodia,Individual,2016-01-22
101678,40,Other,Cambodia,Small Business,2015-11-28
101679,66,Female,Honduras,Individual,2014-10-04
101680,45,Female,Philippines,Individual,2016-03-29
101681,67,Female,Uganda,Individual,2015-11-03
101682,18,Male,Philippines,Small Business,2014-11-17
101683,19,Female,El Salvador,Individual,2016-01-24
101684,60,Female,Burundi,Individual,2015-10-19
101685,36,Female,Mali,NGO,2014-05-01
101686,45,Female,Burundi,Individual,2014-06-20
101687,40,Male,Mali,Individual,2014-11-29
101688,39,Male,Tajikistan,Individual,2014-02-15
101689,67,Male,Mali,Small Business,2015-02-21
101690,22,Female,Paraguay,Small Business,2015-04-19
101691,58,Male,Cambodia,Individual,2016-03-06
101692,65,Female,Kenya,Small Business,2014-06-26
101693,52,Female,Peru,Small Business,2015-08-05
101694,38,Female,Kenya,NGO,2015-11-13
101695,26,Male,Cambodia,NGO,2015-04-06
101696,54,Female,Philippines,Small Business,2016-07-18
101697,42,Male,Pakistan,Individual,2014-11-23
101698,25,Female,Kenya,Individual,2015-02-23
101699,37,Male,Kenya,NGO,2014-01-05
101700,68,Male,Cambodia,Individual,2015-02-26
101701,32,Male,Philippines,Individual,2014-01-22
101702,27,Female,Albania,NGO,2016-10-05
101703,54,Male,Uganda,NGO,2014-09-04
101704,28,Female,El Salvador,Small Business,2016-04-12
101705,66,Female,Philippines,NGO,2014-05-01
101706,63,Female,Palestine,Individual,2014-10-09
101707,70,Male,Tajikistan,Small Business,2014-05-03
101708,66,Male,El Salvador,Corporate,2015-01-14
101709,30,Male,Kenya,Individual,2015-09-10
101710,29,Male,India,Individual,2015-03-07
101711,36,Female,Azerbaijan,Small Business,2015-09-13
101712,42,Male,El Salvador,Individual,2016-04-06
101713,64,Male,Philippines,Individual,2014-02-16
101714,56,Male,Philippines,Individual,2015-09-01
101715,52,Female,Philippines,Individual,2015-06-21
101716,64,Male,India,Individual,2014-05-30
101717,52,Female,Turkey,NGO,2014-08-01
101718,38,Male,Cameroon,Individual,2015-01-22
101719,39,Other,Guatemala,Small Business,2015-10-30
101720,45,Female,Philippines,Individual,2016-10-10
101721,22,Male,Lao People's Democratic Republic,Individual,2015-01-13
101722,57,Male,Kenya,Individual,2015-06-20
101723,52,Male,Kenya,NGO,2014-11-11
101724,56,Male,Nigeria,Corporate,2014-02-05
101725,46,Male,Philippines,Individual,2014-12-23
101726,59,Female,Samoa,Corporate,2014-06-04
101727,68,Female,Panama,Individual,2015-11-19
101728,48,Male,Honduras,Individual,2014-09-23
101729,41,Female,Guatemala,Small Business,2014-08-19
101730,23,Male,El Salvador,Individual,2015-02-04
101731,59,Other,Philippines,NGO,2016-09-15
101732,65,Male,Kyrgyzstan,Individual,2015-10-15
101733,55,Female,Colombia,Small Business,2015-03-13
101734,63,Female,Ghana,Individual,2016-04-20
101735,63,Male,Philippines,Individual,2014-01-23
101736,60,Male,Kenya,Individual,2014-12-12
101737,44,Male,El Salvador,Corporate,2015-07-09
101738,23,Female,Nigeria,Individual,2015-05-16
101739,18,Female,Guatemala,Individual,2015-11-24
101740,28,Female,Albania,Individual,2015-12-21
101741,40,Female,Kenya,Individual,2015-04-13
101742,57,Female,Cambodia,Individual,2016-08-10
101743,42,Male,Philippines,Small Business,2016-08-08
101744,19,Female,Kenya,Individual,2015-05-03
101745,29,Female,El Salvador,Individual,2016-07-13
101746,69,Male,Colombia,Individual,2015-10-19
101747,70,Female,Cambodia,Individual,2014-05-23
101748,37,Male,El Salvador,Individual,2014-05-03
101749,60,Male,Tajikistan,Individual,2014-03-24
101750,56,Female,Samoa,Individual,2014-08-06
101751,67,Male,Kenya,Small Business,2014-11-17
101752,65,Male,Kenya,Individual,2014-03-13
101753,51,Male,Vietnam,Individual,2015-09-16
101754,38,Female,Honduras,Individual,2015-02-26
101755,51,Female,Samoa,NGO,2015-09-09
101756,34,Male,Philippines,Corporate,2015-05-31
101757,36,Male,Pakistan,Individual,2014-10-06
101758,50,Male,Zimbabwe,Individual,2015-09-23
101759,48,Female,El Salvador,Individual,2016-09-01
101760,48,Male,Uganda,NGO,2014-11-21
101761,38,Female,Burundi,Individual,2014-11-12
101762,39,Female,Philippines,Individual,2015-06-14
101763,18,Male,Vietnam,Individual,2016-04-04
101764,49,Female,United States,Individual,2015-06-29
101765,48,Female,Philippines,Individual,2016-05-02
101766,67,Female,Vietnam,Individual,2014-03-18
101767,44,Male,Cambodia,Small Business,2014-04-12
101768,42,Female,United States,NGO,2015-02-21
101769,21,Female,Jordan,Individual,2014-08-27
101770,28,Female,Mexico,Individual,2014-01-25
101771,35,Other,Philippines,NGO,2014-08-09
101772,37,Male,Mali,Small Business,2014-10-06
101773,37,Female,Senegal,NGO,2016-07-31
101774,38,Female,Tajikistan,Corporate,2016-03-12
101775,58,Male,Colombia,Individual,2014-12-27
101776,24,Male,Philippines,Individual,2016-09-08
101777,35,Male,Indonesia,Individual,2016-05-07
101778,26,Female,Philippines,Individual,2014-09-15
101779,34,Male,Kenya,Individual,2015-05-06
101780,54,Female,Senegal,Individual,2016-08-02
101781,20,Male,Mozambique,Individual,2015-04-14
101782,35,Male,Cameroon,Individual,2015-01-16
101783,19,Female,Cambodia,Small Business,2016-07-14
101784,68,Male,Philippines,Individual,2015-11-08
101785,56,Female,Cambodia,Individual,2015-03-29
101786,30,Male,Philippines,Individual,2016-06-10
101787,28,Female,Mexico,Individual,2016-02-03
101788,23,Male,Pakistan,Individual,2014-12-23
101789,43,Other,El Salvador,Individual,2015-03-12
101790,57,Female,Philippines,Individual,2014-02-19
101791,48,Male,El Salvador,NGO,2014-04-15
101792,64,Male,Tanzania,Individual,2016-09-04
101793,36,Male,Vietnam,Individual,2014-02-24
101794,32,Female,Philippines,NGO,2016-05-07
101795,43,Female,Philippines,Individual,2014-08-02
101796,28,Male,El Salvador,NGO,2015-07-10
101797,69,Male,Philippines,Individual,2016-01-11
101798,27,Female,Timor-Leste,Individual,2016-10-12
101799,43,Female,Paraguay,Individual,2015-01-19
101800,45,Female,Philippines,Individual,2016-08-05
101801,21,Male,Guatemala,Corporate,2015-04-11
101802,42,Female,El Salvador,Individual,2016-06-07
101803,42,Other,Kenya,Individual,2014-04-15
101804,31,Male,Pakistan,Individual,2014-10-03
101805,24,Male,Philippines,NGO,2015-10-01
101806,20,Male,Cambodia,Individual,2015-12-25
101807,18,Female,Palestine,Individual,2016-04-03
101808,43,Male,Yemen,Corporate,2015-01-03
101809,22,Female,Kenya,Individual,2015-10-03
101810,68,Female,Nicaragua,Individual,2015-09-29
101811,30,Female,Philippines,Individual,2016-10-05
101812,52,Female,Pakistan,Individual,2014-05-01
101813,53,Male,Kenya,Small Business,2014-01-18
101814,44,Female,Colombia,Individual,2015-08-13
101815,64,Male,Philippines,Corporate,2014-01-17
101816,23,Female,Georgia,Individual,2014-07-21
101817,30,Female,Sierra Leone,Individual,2015-05-28
101818,31,Female,Kenya,Individual,2014-10-02
101819,25,Female,Honduras,Individual,2014-10-01
101820,33,Male,Philippines,Individual,2014-12-22
101821,34,Female,India,Individual,2015-12-05
101822,58,Female,Kenya,Individual,2015-01-11
101823,33,Female,Philippines,NGO,2016-03-23
101824,64,Male,Ecuador,Individual,2014-06-13
101825,58,Male,Cambodia,Individual,2014-04-16
101826,65,Female,Peru,Individual,2014-06-21
101827,23,Male,Peru,Individual,2016-07-28
101828,70,Female,Philippines,Individual,2014-10-12
101829,50,Female,Philippines,Corporate,2014-02-01
101830,70,Female,Colombia,Individual,2014-11-20
101831,36,Male,Tajikistan,Individual,2015-01-07
101832,68,Female,Philippines,Individual,2015-01-30
101833,49,Male,El Salvador,Individual,2014-03-31
101834,21,Male,Tajikistan,Individual,2015-11-15
101835,39,Female,Paraguay,Individual,2014-08-15
101836,25,Male,Samoa,Individual,2014-04-11
101837,67,Male,El Salvador,Individual,2016-01-03
101838,34,Male,Pakistan,Small Business,2016-08-18
101839,29,Female,Colombia,Individual,2015-09-18
101840,47,Female,Kenya,Individual,2016-08-18
101841,40,Male,Philippines,Individual,2015-02-17
101842,23,Male,Philippines,Individual,2015-06-17
101843,61,Female,Palestine,Individual,2015-01-02
101844,62,Male,Philippines,Individual,2015-06-07
101845,57,Female,Nicaragua,Individual,2016-07-03
101846,50,Female,Colombia,Individual,2015-10-13
101847,39,Female,El Salvador,Individual,2014-01-28
101848,46,Female,Samoa,NGO,2015-08-18
101849,45,Female,Nigeria,Corporate,2015-01-22
101850,26,Female,Philippines,NGO,2015-07-12
101851,22,Male,Honduras,Individual,2015-07-26
101852,31,Male,Peru,Small Business,2015-08-27
101853,42,Female,Kenya,Individual,2016-06-06
101854,26,Male,Bolivia,Individual,2016-05-29
101855,23,Female,Nigeria,NGO,2016-09-22
101856,63,Female,Kenya,Small Business,2015-09-19
101857,37,Female,Turkey,Individual,2014-10-20
101858,48,Male,Nicaragua,Corporate,2014-07-21
101859,45,Female,Tajikistan,Individual,2016-05-20
101860,56,Female,Philippines,Individual,2016-07-25
101861,57,Male,Kenya,Individual,2014-02-08
101862,33,Female,Uganda,Individual,2014-08-10
101863,62,Female,Nicaragua,Corporate,2015-11-28
101864,37,Other,Peru,Individual,2014-06-19
101865,62,Female,Armenia,Individual,2014-02-21
101866,39,Male,Kenya,Small Business,2016-10-18
101867,23,Male,Vietnam,NGO,2014-04-10
101868,58,Female,Rwanda,NGO,2014-08-08
101869,19,Male,Armenia,NGO,2016-10-10
101870,58,Male,Honduras,NGO,2014-04-14
101871,20,Male,Sierra Leone,Individual,2016-03-30
101872,28,Male,Philippines,Individual,2015-07-31
101873,49,Female,Nigeria,NGO,2015-07-08
101874,67,Male,Iraq,Individual,2016-04-27
101875,39,Female,Colombia,Individual,2014-01-23
101876,24,Male,Philippines,Individual,2014-03-04
101877,30,Female,Belize,Individual,2014-07-20
101878,65,Male,Philippines,Individual,2015-05-18
101879,56,Female,Kenya,NGO,2016-09-12
101880,23,Male,Philippines,Individual,2014-03-12
101881,38,Female,Cambodia,Individual,2015-03-07
101882,32,Male,El Salvador,Individual,2015-03-16
101883,27,Male,Cambodia,Individual,2014-07-21
101884,62,Male,Yemen,Individual,2014-12-19
101885,50,Female,Cambodia,Individual,2014-07-26
101886,27,Female,Peru,Individual,2014-05-21
101887,52,Male,Sierra Leone,Individual,2015-06-19
101888,39,Male,Rwanda,Individual,2016-08-11
101889,21,Female,Kenya,Individual,2015-02-19
101890,41,Female,Philippines,Individual,2015-10-13
101891,27,Male,Nicaragua,Individual,2015-11-18
101892,30,Female,Palestine,Individual,2016-04-25
101893,64,Female,Pakistan,Individual,2016-07-17
101894,55,Female,Philippines,NGO,2016-04-14
101895,25,Male,India,Small Business,2016-08-11
101896,63,Male,Ecuador,Individual,2016-09-16
101897,48,Male,Pakistan,Individual,2016-02-06
101898,64,Female,Tanzania,Individual,2015-05-21
101899,57,Male,Guatemala,Individual,2015-08-09
101900,35,Female,Ecuador,Individual,2016-04-29
101901,46,Female,Paraguay,Individual,2016-02-12
101902,46,Female,Paraguay,Individual,2015-06-18
101903,56,Male,Peru,NGO,2014-03-20
101904,31,Male,Cambodia,Small Business,2014-10-06
101905,35,Male,Vietnam,NGO,2015-08-15
101906,30,Female,Tajikistan,NGO,2015-01-31
101907,33,Female,Cambodia,Individual,2014-11-05
101908,26,Male,Philippines,Individual,2014-03-20
101909,19,Female,Vietnam,Individual,2015-04-23
101910,67,Male,Nicaragua,Individual,2015-04-02
101911,21,Male,Kenya,Individual,2016-03-11
101912,65,Male,El Salvador,Individual,2014-04-26
101913,18,Female,Kenya,Individual,2015-05-13
101914,59,Male,Albania,Small Business,2016-05-24
101915,35,Male,Indonesia,Individual,2014-10-02
101916,45,Female,Pakistan,Individual,2014-11-21
101917,32,Female,El Salvador,NGO,2014-04-01
101918,44,Male,India,Small Business,2015-08-12
101919,41,Male,Peru,Individual,2016-05-26
101920,46,Female,Madagascar,Individual,2015-05-09
101921,38,Male,Philippines,NGO,2015-03-04
101922,46,Male,Philippines,Individual,2016-02-07
101923,61,Female,Pakistan,Individual,2015-03-30
101924,41,Male,Philippines,Corporate,2015-02-13
101925,37,Female,Tajikistan,Individual,2016-02-22
101926,24,Male,Honduras,Individual,2014-10-19
101927,37,Male,Philippines,Individual,2016-05-20
101928,24,Male,Uganda,Individual,2014-10-03
101929,27,Male,Nigeria,Individual,2015-06-08
101930,68,Male,Samoa,Individual,2014-09-14
101931,22,Male,Cambodia,Individual,2015-10-11
101932,43,Female,Philippines,Individual,2015-03-22
101933,62,Female,Colombia,Small Business,2014-09-03
101934,68,Male,Uganda,NGO,2016-02-02
101935,25,Female,Honduras,Individual,2016-08-16
101936,26,Female,Pakistan,Small Business,2014-01-30
101937,37,Female,Kenya,Individual,2016-01-07
101938,47,Male,Mali,Individual,2016-01-08
101939,68,Male,Peru,Individual,2014-08-15
101940,29,Male,Philippines,Individual,2014-04-28
101941,26,Male,Pakistan,Individual,2015-06-11
101942,31,Male,Mozambique,Individual,2015-10-15
101943,64,Female,Vietnam,Individual,2014-10-24
101944,19,Female,Kenya,Individual,2015-01-14
101945,38,Male,Vietnam,Individual,2015-06-30
101946,24,Male,Kenya,Individual,2015-04-07
101947,26,Male,Pakistan,Individual,2015-05-11
101948,66,Female,Peru,Individual,2015-12-01
101949,18,Female,Kenya,Individual,2016-10-05
101950,35,Male,Kenya,Small Business,2016-03-26
101951,66,Female,Georgia,Small Business,2014-01-09
101952,50,Other,Kenya,NGO,2014-12-25
101953,21,Female,Kyrgyzstan,Individual,2014-01-11
101954,42,Female,Ecuador,Individual,2016-06-13
101955,69,Female,Peru,Small Business,2015-10-23
101956,39,Male,Philippines,Individual,2014-08-13
101957,46,Male,Philippines,Individual,2016-05-09
101958,46,Female,Philippines,Individual,2015-07-31
101959,53,Male,Colombia,Individual,2014-02-23
101960,27,Female,Mongolia,Individual,2014-06-05
101961,62,Male,Mexico,Individual,2016-04-09
101962,70,Male,Philippines,Individual,2014-10-24
101963,25,Male,Kenya,Individual,2015-06-22
101964,61,Female,Philippines,Individual,2016-07-06
101965,61,Male,Madagascar,Small Business,2014-10-24
101966,57,Male,Kenya,Individual,2014-01-13
101967,37,Male,Philippines,Individual,2014-03-28
101968,42,Female,Tajikistan,Individual,2016-07-27
101969,62,Other,Pakistan,Individual,2015-09-07
101970,26,Male,Philippines,NGO,2014-12-03
101971,61,Female,Ecuador,Individual,2014-03-23
101972,66,Male,Philippines,Individual,2015-12-15
101973,54,Female,Philippines,Individual,2014-02-11
101974,36,Male,Philippines,Individual,2014-04-05
101975,47,Female,El Salvador,Individual,2015-09-01
101976,20,Female,Madagascar,Small Business,2015-10-20
101977,67,Female,Pakistan,Individual,2015-08-07
101978,36,Male,Mali,Small Business,2016-07-20
101979,21,Female,Kenya,Individual,2014-10-04
101980,60,Other,Bolivia,Individual,2015-07-24
101981,52,Male,Iraq,Small Business,2014-11-10
101982,51,Female,El Salvador,Individual,2015-01-07
101983,20,Female,Brazil,NGO,2014-06-04
101984,57,Male,Nicaragua,Individual,2016-03-24
101985,51,Female,Mali,Individual,2015-12-23
101986,60,Male,Kenya,Individual,2016-01-01
101987,61,Female,Nicaragua,Individual,2014-05-27
101988,29,Male,Peru,Small Business,2014-05-02
101989,29,Male,Haiti,Individual,2016-03-12
101990,66,Female,Jordan,Individual,2015-11-14
101991,46,Female,El Salvador,Small Business,2014-01-31
101992,41,Female,Azerbaijan,Individual,2015-11-13
101993,33,Other,Togo,NGO,2016-10-01
101994,51,Male,Colombia,NGO,2016-02-10
101995,57,Male,Philippines,Individual,2014-11-21
101996,18,Male,Philippines,Individual,2016-02-10
101997,47,Male,Philippines,Corporate,2015-02-16
101998,70,Female,Philippines,Individual,2016-01-25
101999,32,Female,Madagascar,Individual,2016-09-10
102000,32,Female,Philippines,NGO,2015-02-20
102001,64,Male,Nigeria,Individual,2015-08-11
102002,21,Male,Nicaragua,NGO,2015-05-18
102003,39,Female,Nicaragua,Individual,2015-06-06
102004,42,Male,Philippines,NGO,2014-03-20
102005,60,Male,Colombia,Individual,2016-10-08
102006,24,Male,Tajikistan,Individual,2015-07-09
102007,41,Male,Pakistan,Small Business,2014-08-24
102008,26,Male,Philippines,Individual,2015-08-12
102009,59,Female,Bolivia,Individual,2015-02-13
102010,51,Male,Philippines,NGO,2016-04-22
102011,44,Female,Colombia,Corporate,2016-02-18
102012,38,Female,Uganda,Corporate,2015-01-27
102013,26,Female,Kenya,Individual,2016-01-01
102014,66,Male,Lebanon,Individual,2014-02-04
102015,52,Male,Philippines,Individual,2016-09-17
102016,34,Male,Timor-Leste,Individual,2015-06-08
102017,39,Male,Togo,Individual,2015-11-02
102018,56,Male,El Salvador,Individual,2015-10-24
102019,56,Female,Kenya,Individual,2014-11-18
102020,42,Male,Philippines,Individual,2015-12-08
102021,34,Male,Liberia,Individual,2015-02-12
102022,52,Male,Tajikistan,Individual,2015-11-29
102023,52,Female,Philippines,Individual,2014-04-03
102024,49,Female,Peru,Small Business,2014-05-31
102025,21,Female,Philippines,Corporate,2016-08-04
102026,43,Female,Colombia,Individual,2016-01-25
102027,50,Female,Peru,Corporate,2014-05-13
102028,68,Female,Philippines,NGO,2014-08-08
102029,45,Male,Rwanda,Individual,2015-07-14
102030,36,Female,Kenya,Individual,2014-01-07
102031,47,Female,Pakistan,Individual,2015-02-16
102032,27,Male,Nicaragua,Individual,2014-12-01
102033,22,Female,Albania,Individual,2014-05-18
102034,53,Female,Cambodia,Individual,2014-11-04
102035,70,Female,Liberia,NGO,2014-10-28
102036,62,Male,El Salvador,Individual,2014-03-11
102037,48,Female,Indonesia,Individual,2015-10-12
102038,20,Female,Kenya,Corporate,2014-10-07
102039,70,Male,Vietnam,Corporate,2014-02-02
102040,41,Male,Philippines,Small Business,2014-01-24
102041,33,Male,Ukraine,Small Business,2016-09-16
102042,65,Male,The Democratic Republic of the Congo,Corporate,2014-05-02
102043,57,Other,Uganda,Individual,2016-07-20
102044,57,Female,Peru,NGO,2014-06-21
102045,32,Male,Colombia,Individual,2014-03-29
102046,70,Male,Kenya,Individual,2015-07-14
102047,42,Other,Ecuador,Individual,2016-06-08
102048,46,Male,Nigeria,Individual,2014-03-15
102049,57,Female,Peru,Individual,2014-12-03
102050,52,Male,Philippines,Individual,2016-02-11
102051,27,Male,Liberia,Individual,2014-03-11
102052,34,Female,Philippines,Individual,2014-06-24
102053,37,Male,Nicaragua,Individual,2014-11-10
102054,68,Female,Philippines,Small Business,2016-04-06
102055,55,Male,Philippines,Individual,2016-04-08
102056,37,Female,Philippines,Individual,2015-12-28
102057,56,Female,El Salvador,Individual,2015-11-14
102058,57,Female,Nicaragua,Small Business,2014-01-28
102059,38,Male,Peru,Individual,2014-09-02
102060,39,Female,Ecuador,Individual,2016-08-02
102061,65,Other,Ecuador,Individual,2016-01-07
102062,47,Male,Philippines,NGO,2014-09-05
102063,25,Male,Philippines,Corporate,2015-12-27
102064,56,Female,Tajikistan,Small Business,2016-01-13
102065,49,Male,Paraguay,Small Business,2016-02-01
102066,44,Female,Pakistan,Individual,2016-10-01
102067,56,Female,Kenya,Individual,2015-07-09
102068,66,Male,Lebanon,Individual,2014-03-03
102069,35,Female,Philippines,Individual,2016-04-19
102070,40,Female,Nicaragua,Corporate,2014-01-16
102071,28,Male,Philippines,Corporate,2015-10-20
102072,52,Female,Paraguay,Individual,2016-03-27
102073,39,Male,El Salvador,Individual,2014-05-09
102074,36,Male,Bolivia,Individual,2016-03-28
102075,54,Female,Philippines,Individual,2016-04-10
102076,39,Male,Pakistan,Individual,2015-11-02
102077,42,Female,Philippines,Individual,2014-11-29
102078,41,Male,Ecuador,Individual,2014-07-27
102079,31,Female,Philippines,Individual,2015-12-24
102080,24,Male,Philippines,Individual,2014-06-11
102081,61,Female,Vietnam,Small Business,2015-11-23
102082,22,Female,Philippines,Individual,2014-06-24
102083,35,Female,Philippines,Individual,2014-12-11
102084,53,Other,Rwanda,Individual,2015-06-04
102085,24,Female,Lebanon,Small Business,2014-06-16
102086,52,Female,United States,Individual,2016-03-25
102087,56,Female,Kenya,Small Business,2015-12-14
102088,53,Female,Peru,Individual,2014-01-18
102089,34,Female,Honduras,Individual,2016-05-19
102090,19,Female,Philippines,Individual,2016-01-05
102091,65,Male,Bolivia,NGO,2016-05-08
102092,35,Female,Philippines,Corporate,2015-09-09
102093,60,Female,Ghana,Small Business,2015-10-05
102094,28,Male,Nicaragua,NGO,2015-01-29
102095,26,Male,Cambodia,Individual,2014-08-22
102096,59,Other,Cambodia,Individual,2014-08-30
102097,67,Male,Philippines,Individual,2014-11-21
102098,63,Male,Kenya,Individual,2014-10-26
102099,57,Male,Bolivia,Individual,2016-02-13
102100,31,Male,Pakistan,Small Business,2015-06-22
102101,66,Female,Peru,Small Business,2015-02-26
102102,53,Female,Philippines,NGO,2016-01-14
102103,27,Other,Nigeria,Individual,2016-01-21
102104,24,Female,El Salvador,NGO,2016-08-15
102105,64,Female,Philippines,NGO,2014-11-14
102106,32,Male,Azerbaijan,NGO,2014-09-07
102107,58,Female,Peru,Individual,2014-01-07
102108,25,Male,Peru,Individual,2014-06-14
102109,32,Male,Turkey,Small Business,2015-09-11
102110,33,Other,El Salvador,Corporate,2016-04-09
102111,32,Female,Azerbaijan,Individual,2015-09-08
102112,53,Male,Nigeria,Individual,2016-10-13
102113,66,Female,Nicaragua,Individual,2015-10-06
102114,66,Male,Kenya,Individual,2016-06-23
102115,57,Male,Philippines,Small Business,2014-10-03
102116,28,Male,Uganda,Individual,2014-11-29
102117,68,Male,Philippines,Individual,2016-04-11
102118,46,Female,Philippines,Individual,2015-11-09
102119,46,Male,Colombia,Individual,2015-05-15
102120,55,Female,Bolivia,Individual,2016-09-06
102121,58,Male,Philippines,Individual,2016-02-21
102122,68,Female,India,Individual,2014-10-31
102123,48,Female,Mozambique,Corporate,2015-09-19
102124,50,Female,India,Small Business,2015-02-11
102125,57,Male,Guatemala,Corporate,2015-03-03
102126,31,Female,Vietnam,Individual,2016-04-04
102127,34,Female,Philippines,Small Business,2015-11-28
102128,51,Male,El Salvador,Individual,2014-01-14
102129,21,Male,Mozambique,Individual,2015-08-13
102130,34,Male,Paraguay,Individual,2015-10-26
102131,56,Male,Guatemala,Individual,2015-06-08
102132,69,Male,Iraq,Individual,2014-11-04
102133,45,Male,Philippines,Small Business,2015-10-27
102134,39,Male,Kenya,Small Business,2016-08-28
102135,41,Female,Nicaragua,Individual,2014-03-30
102136,54,Male,Philippines,Individual,2015-09-10
102137,46,Male,Colombia,Small Business,2016-07-21
102138,19,Female,Lebanon,Individual,2015-02-15
102139,46,Male,Tajikistan,Individual,2014-12-10
102140,39,Male,Kenya,NGO,2014-09-12
102141,55,Male,Bolivia,Individual,2014-08-19
102142,64,Male,Philippines,Small Business,2015-02-06
102143,69,Male,Zimbabwe,Individual,2016-03-01
102144,50,Male,Philippines,Small Business,2014-07-06
102145,37,Male,Tanzania,Individual,2014-08-26
102146,41,Other,Cambodia,NGO,2016-10-20
102147,27,Female,Uganda,Individual,2016-10-17
102148,67,Male,Peru,Small Business,2014-08-21
102149,62,Male,Philippines,NGO,2015-03-08
102150,63,Male,Uganda,Individual,2015-02-18
102151,35,Female,United States,Individual,2014-11-01
102152,35,Female,Kyrgyzstan,Individual,2014-06-07
102153,63,Male,Philippines,Individual,2014-03-06
102154,46,Male,Ecuador,Individual,2015-09-22
102155,55,Male,Indonesia,Individual,2014-02-13
102156,43,Female,Rwanda,Individual,2015-09-29
102157,41,Female,Uganda,Corporate,2014-04-08
102158,51,Male,Philippines,Individual,2014-06-08
102159,61,Female,Yemen,Individual,2014-01-06
102160,35,Male,El Salvador,Individual,2015-02-12
102161,60,Female,El Salvador,Individual,2014-12-02
102162,30,Female,Armenia,Individual,2014-12-07
102163,39,Male,Kenya,Small Business,2014-11-15
102164,66,Male,Samoa,Individual,2016-08-19
102165,68,Female,Philippines,Individual,2015-03-17
102166,66,Male,India,Individual,2016-04-09
102167,34,Female,Costa Rica,Individual,2014-08-28
102168,62,Male,South Africa,Small Business,2015-05-11
102169,67,Female,Senegal,Individual,2014-03-06
102170,69,Male,Mexico,Individual,2014-09-23
102171,19,Male,Kenya,Individual,2014-03-15
102172,57,Male,Iraq,Individual,2014-01-22
102173,70,Male,Yemen,Individual,2014-07-07
102174,58,Male,Peru,Individual,2014-06-13
102175,30,Female,El Salvador,Corporate,2014-11-21
102176,58,Male,Philippines,Individual,2016-02-01
102177,23,Male,Colombia,Individual,2014-06-02
102178,43,Male,Vietnam,Small Business,2015-09-18
102179,51,Male,El Salvador,Individual,2015-01-10
102180,42,Female,El Salvador,Individual,2015-02-17
102181,55,Female,Colombia,NGO,2016-08-02
102182,30,Male,Philippines,Small Business,2015-04-22
102183,50,Female,Haiti,NGO,2014-09-26
102184,52,Female,Kenya,Small Business,2014-09-02
102185,51,Other,Philippines,Individual,2014-06-22
102186,33,Male,Philippines,NGO,2016-04-01
102187,34,Male,Indonesia,Individual,2015-11-13
102188,31,Male,Tanzania,Individual,2014-10-02
102189,42,Female,Philippines,Small Business,2015-05-19
102190,49,Female,Philippines,NGO,2015-06-03
102191,37,Male,Uganda,NGO,2014-02-18
102192,39,Male,Philippines,Individual,2016-07-20
102193,33,Female,India,Small Business,2016-03-18
102194,29,Female,Philippines,Individual,2015-07-03
102195,52,Male,Pakistan,Small Business,2016-01-04
102196,61,Female,El Salvador,Individual,2014-04-23
102197,33,Male,Cambodia,Individual,2016-09-28
102198,63,Male,Uganda,Small Business,2015-10-19
102199,48,Female,Philippines,Individual,2016-08-19
102200,26,Female,Philippines,Individual,2016-06-04
102201,37,Other,Philippines,Corporate,2015-08-22
102202,18,Male,Philippines,Individual,2014-10-23
102203,20,Male,Lao People's Democratic Republic,Individual,2015-12-05
102204,35,Male,Kenya,Individual,2015-06-10
102205,42,Male,Kenya,Individual,2015-02-24
102206,60,Male,Philippines,Individual,2015-12-30
102207,25,Male,Mali,Individual,2014-06-26
102208,62,Male,Senegal,Individual,2015-07-21
102209,30,Male,Guatemala,Individual,2016-03-08
102210,25,Male,Tajikistan,Individual,2014-11-30
102211,55,Female,Lebanon,Individual,2014-12-17
102212,59,Male,El Salvador,Individual,2014-01-11
102213,50,Female,Indonesia,NGO,2014-11-28
102214,24,Female,Kyrgyzstan,Individual,2015-08-25
102215,24,Female,Philippines,Individual,2016-09-22
102216,38,Male,Cambodia,Individual,2015-06-23
102217,41,Male,Kenya,Individual,2014-10-26
102218,70,Female,Philippines,Small Business,2016-04-11
102219,33,Female,United States,Individual,2014-07-12
102220,28,Male,Philippines,Individual,2014-07-12
102221,68,Male,Bolivia,NGO,2015-06-19
102222,26,Female,Benin,Individual,2016-04-15
102223,19,Male,Cambodia,Small Business,2014-08-07
102224,40,Female,El Salvador,Individual,2014-01-17
102225,39,Male,Tajikistan,Individual,2016-01-12
102226,50,Male,Lebanon,Small Business,2015-08-25
102227,64,Female,Kenya,Individual,2015-12-04
102228,67,Male,Kenya,Individual,2015-02-11
102229,33,Female,Tajikistan,Corporate,2014-05-02
102230,69,Male,Georgia,Individual,2014-12-06
102231,51,Male,Kenya,Small Business,2015-04-27
102232,21,Female,El Salvador,Individual,2015-03-21
102233,67,Male,Dominican Republic,Individual,2016-06-29
102234,25,Male,Philippines,Small Business,2014-08-18
102235,49,Female,Philippines,Individual,2014-11-16
102236,59,Female,Colombia,Individual,2014-07-08
102237,31,Female,Philippines,Small Business,2015-08-08
102238,32,Male,Philippines,Individual,2016-04-04
102239,43,Male,Tajikistan,Individual,2016-06-23
102240,64,Female,Paraguay,Small Business,2014-08-22
102241,29,Male,Peru,Individual,2015-03-17
102242,53,Male,El Salvador,Individual,2016-01-26
102243,41,Female,Colombia,Small Business,2014-02-17
102244,23,Male,Nicaragua,Individual,2015-12-30
102245,55,Male,Lebanon,NGO,2014-05-19
102246,62,Male,Kyrgyzstan,Small Business,2014-02-04
102247,48,Male,Paraguay,Individual,2014-04-27
102248,27,Female,Sierra Leone,Individual,2016-06-21
102249,26,Female,Palestine,Corporate,2015-11-29
102250,40,Male,Philippines,NGO,2016-03-19
102251,44,Male,Haiti,Individual,2015-12-09
102252,47,Female,Sierra Leone,Individual,2016-03-26
102253,30,Male,Kenya,Individual,2015-05-24
102254,44,Female,Philippines,NGO,2016-04-09
102255,33,Female,Tajikistan,NGO,2014-02-28
102256,54,Female,Uganda,Small Business,2015-08-21
102257,60,Male,Mali,Individual,2016-02-13
102258,52,Other,Peru,NGO,2016-10-14
102259,18,Male,Philippines,Individual,2015-01-04
102260,70,Female,Kenya,Individual,2014-07-03
102261,19,Female,Togo,Individual,2016-01-09
102262,70,Female,Philippines,Individual,2014-03-16
102263,19,Female,India,Individual,2016-03-06
102264,45,Female,Kenya,Individual,2015-12-23
102265,23,Male,Uganda,Individual,2015-12-10
102266,23,Male,Peru,Small Business,2014-10-29
102267,54,Female,Kenya,Individual,2014-05-04
102268,56,Female,Paraguay,Individual,2015-09-16
102269,24,Male,Nigeria,Individual,2015-01-08
102270,69,Female,Philippines,Individual,2015-02-06
102271,34,Female,El Salvador,Individual,2014-07-12
102272,34,Male,India,Individual,2014-12-09
102273,33,Male,Bolivia,Individual,2016-07-04
102274,42,Male,Pakistan,Individual,2014-12-24
102275,27,Male,Honduras,Small Business,2014-05-26
102276,40,Male,Philippines,Individual,2014-02-05
102277,29,Male,Philippines,Small Business,2014-07-14
102278,20,Male,Paraguay,Individual,2014-01-11
102279,37,Male,Nigeria,NGO,2015-11-16
102280,53,Female,Rwanda,Individual,2015-10-21
102281,58,Male,Philippines,Individual,2016-03-12
102282,36,Other,Peru,Individual,2014-12-07
102283,35,Female,Paraguay,Individual,2016-05-02
102284,59,Female,Philippines,Small Business,2014-06-24
102285,54,Female,Peru,Individual,2014-08-26
102286,62,Female,Nicaragua,Individual,2016-07-27
102287,66,Male,Philippines,NGO,2016-06-22
102288,61,Female,El Salvador,NGO,2015-09-06
102289,67,Male,Philippines,Individual,2015-09-17
102290,40,Female,Jordan,Individual,2015-12-19
102291,38,Female,Kenya,Small Business,2016-04-23
102292,35,Male,Philippines,Small Business,2014-08-26
102293,30,Male,Philippines,NGO,2014-03-12
102294,57,Female,Philippines,NGO,2014-07-09
102295,55,Male,Philippines,Individual,2015-01-01
102296,60,Male,Tajikistan,Individual,2014-08-30
102297,26,Male,Philippines,Individual,2015-06-22
102298,44,Male,Kenya,Individual,2014-05-22
102299,29,Female,Philippines,Small Business,2015-08-15
102300,65,Female,El Salvador,Individual,2015-12-30
102301,32,Male,Philippines,Individual,2014-04-12
102302,25,Male,Tajikistan,Individual,2014-10-22
102303,48,Male,Nigeria,Individual,2015-07-07
102304,64,Male,India,Individual,2014-03-10
102305,66,Female,Philippines,Individual,2015-11-13
102306,23,Female,Tanzania,Small Business,2016-02-12
102307,35,Male,Nigeria,Individual,2015-01-06
102308,26,Female,Philippines,Individual,2014-01-10
102309,34,Male,Uganda,Individual,2015-05-29
102310,46,Female,Armenia,Individual,2016-06-09
102311,32,Female,Kenya,NGO,2014-10-28
102312,21,Female,El Salvador,Individual,2016-05-20
102313,45,Female,Nicaragua,NGO,2016-06-10
102314,20,Female,Philippines,Individual,2014-10-16
102315,30,Male,Iraq,Individual,2015-09-07
102316,18,Male,Philippines,Individual,2014-02-13
102317,22,Male,Philippines,Small Business,2015-07-20
102318,41,Female,Philippines,Corporate,2016-06-20
102319,63,Female,El Salvador,Individual,2016-08-25
102320,59,Female,Togo,Individual,2014-07-24
102321,23,Female,Rwanda,Individual,2015-11-13
102322,19,Male,Ghana,Individual,2014-03-10
102323,35,Female,Peru,Individual,2014-10-15
102324,52,Female,Uganda,NGO,2016-05-05
102325,57,Male,El Salvador,Individual,2015-10-20
102326,61,Male,Philippines,Small Business,2015-02-06
102327,36,Male,Ghana,NGO,2016-09-12
102328,26,Male,Cambodia,Individual,2016-02-17
102329,19,Female,Uganda,Individual,2014-01-25
102330,25,Female,Peru,NGO,2014-03-24
102331,21,Female,Kyrgyzstan,Individual,2015-10-05
102332,63,Male,Philippines,Individual,2016-06-17
102333,32,Female,Vietnam,NGO,2014-06-11
102334,61,Female,Vietnam,Individual,2015-07-06
102335,47,Male,United States,NGO,2016-04-16
102336,46,Female,Philippines,Individual,2016-06-02
102337,42,Male,Philippines,Individual,2015-10-19
102338,61,Male,Cambodia,Individual,2016-10-21
102339,20,Male,United States,Individual,2016-08-18
102340,22,Male,Costa Rica,Individual,2016-05-04
102341,40,Female,Colombia,Individual,2015-11-18
102342,38,Male,Philippines,Individual,2016-10-06
102343,46,Male,Philippines,Individual,2014-01-19
102344,57,Male,Nicaragua,Individual,2014-04-03
102345,49,Male,Philippines,Individual,2015-06-08
102346,31,Male,Pakistan,Individual,2015-11-19
102347,35,Male,Samoa,Individual,2016-07-14
102348,57,Female,El Salvador,Individual,2015-11-27
102349,28,Male,El Salvador,Individual,2014-08-27
102350,44,Female,Philippines,Individual,2016-07-19
102351,46,Male,Kenya,Individual,2014-03-27
102352,57,Female,Nigeria,Small Business,2014-04-08
102353,55,Female,El Salvador,Individual,2016-01-08
102354,42,Male,Philippines,Individual,2016-09-13
102355,34,Male,Philippines,NGO,2015-05-31
102356,37,Female,Philippines,Individual,2014-05-19
102357,39,Male,Paraguay,Individual,2014-02-19
102358,29,Female,Tajikistan,Individual,2016-09-30
102359,51,Male,Peru,Individual,2014-10-15
102360,29,Male,Peru,Individual,2015-10-18
102361,52,Female,Philippines,Individual,2014-12-02
102362,57,Female,Peru,Individual,2014-08-09
102363,68,Male,Philippines,Individual,2015-11-16
102364,24,Female,Senegal,Individual,2016-01-28
102365,58,Female,Philippines,Individual,2015-04-29
102366,22,Male,Uganda,Individual,2015-06-05
102367,35,Male,Philippines,Individual,2015-05-15
102368,27,Male,Guatemala,Individual,2015-08-30
102369,26,Male,Philippines,Individual,2016-04-06
102370,27,Female,Senegal,Individual,2015-12-30
102371,20,Male,Philippines,Individual,2014-10-13
102372,61,Male,Rwanda,NGO,2014-09-11
102373,21,Female,Paraguay,NGO,2015-11-21
102374,39,Female,Kenya,Individual,2015-10-24
102375,55,Female,Philippines,Individual,2015-01-12
102376,70,Female,El Salvador,Individual,2016-05-09
102377,63,Male,Samoa,NGO,2015-03-05
102378,25,Female,Indonesia,Individual,2014-12-11
102379,70,Male,Philippines,Individual,2015-07-24
102380,52,Male,El Salvador,Small Business,2014-07-17
102381,27,Male,Kenya,Individual,2015-12-14
102382,41,Female,Philippines,Small Business,2016-07-08
102383,66,Female,Nicaragua,Individual,2016-08-26
102384,38,Male,Kenya,Individual,2015-04-03
102385,27,Female,Philippines,Small Business,2014-10-03
102386,64,Female,Tanzania,Individual,2015-05-07
102387,68,Male,Mali,Individual,2014-04-17
102388,69,Female,Honduras,Small Business,2015-11-16
102389,68,Male,Philippines,NGO,2015-03-16
102390,64,Other,Liberia,Individual,2014-05-06
102391,42,Male,Colombia,Corporate,2015-07-15
102392,28,Male,Peru,Individual,2016-01-07
102393,50,Male,Philippines,Individual,2014-08-22
102394,29,Male,Zimbabwe,NGO,2015-02-20
102395,43,Female,Pakistan,Individual,2016-07-01
102396,52,Female,Samoa,NGO,2015-12-29
102397,68,Male,Paraguay,Individual,2016-03-29
102398,33,Female,Kyrgyzstan,Individual,2015-04-06
102399,31,Female,Nigeria,Individual,2015-05-22
102400,56,Female,Senegal,Individual,2015-05-25
102401,18,Female,Philippines,Small Business,2015-04-07
102402,48,Male,Philippines,Individual,2014-05-29
102403,57,Male,Vietnam,Individual,2014-02-12
102404,47,Female,Peru,Individual,2016-05-02
102405,38,Female,Colombia,Individual,2015-07-05
102406,61,Female,Vietnam,Individual,2015-06-30
102407,37,Female,Pakistan,Individual,2015-09-03
102408,55,Male,Guatemala,Individual,2015-02-27
102409,42,Female,Kenya,Individual,2016-07-02
102410,19,Male,Indonesia,Individual,2015-04-27
102411,46,Male,Philippines,Individual,2015-05-29
102412,20,Male,Nicaragua,Individual,2015-06-29
102413,67,Male,Sierra Leone,Individual,2014-06-11
102414,49,Female,Kenya,Individual,2014-06-28
102415,37,Male,Kenya,Individual,2014-07-04
102416,43,Female,Kenya,Individual,2014-09-18
102417,50,Female,Pakistan,Small Business,2014-06-14
102418,31,Female,El Salvador,Individual,2014-08-19
102419,33,Female,Philippines,Small Business,2016-08-19
102420,40,Male,Sierra Leone,Individual,2015-01-05
102421,31,Male,Philippines,Individual,2016-03-23
102422,58,Male,Peru,Small Business,2015-02-08
102423,23,Male,Colombia,Individual,2016-04-25
102424,61,Female,Philippines,Individual,2016-02-11
102425,36,Male,Philippines,Individual,2016-05-11
102426,47,Male,Mongolia,Individual,2014-10-23
102427,26,Male,Paraguay,Individual,2014-04-09
102428,38,Female,Philippines,Small Business,2014-11-13
102429,57,Female,Kyrgyzstan,Individual,2015-12-21
102430,32,Male,Peru,Individual,2015-11-02
102431,25,Female,Philippines,Individual,2015-12-23
102432,45,Female,Ecuador,Individual,2016-10-14
102433,26,Female,Peru,Small Business,2014-08-19
102434,34,Male,Philippines,Individual,2015-04-01
102435,41,Female,Mexico,NGO,2015-05-18
102436,47,Male,Kenya,Individual,2014-06-03
102437,51,Male,Kenya,Individual,2015-11-10
102438,53,Female,Kenya,Individual,2014-02-20
102439,62,Female,Armenia,Small Business,2016-07-08
102440,21,Male,Vietnam,Individual,2014-04-02
102441,37,Female,Jordan,Individual,2014-04-24
102442,18,Male,Philippines,NGO,2014-06-28
102443,18,Female,Guatemala,Individual,2016-07-03
102444,29,Other,Colombia,Individual,2016-06-01
102445,49,Female,Kenya,Small Business,2016-08-03
102446,65,Female,Philippines,Individual,2016-05-03
102447,58,Female,Rwanda,Individual,2016-08-04
102448,52,Female,Kenya,Individual,2015-04-29
102449,59,Female,Nicaragua,Small Business,2014-01-06
102450,27,Female,Pakistan,Individual,2015-03-26
102451,62,Male,Philippines,Small Business,2014-08-15
102452,65,Female,Nepal,Individual,2014-09-09
102453,23,Male,Rwanda,Individual,2015-12-10
102454,42,Other,Cambodia,Individual,2014-06-21
102455,61,Male,Ecuador,Small Business,2014-11-26
102456,43,Male,Cambodia,Individual,2015-02-07
102457,62,Female,India,Individual,2014-03-05
102458,67,Male,Philippines,Individual,2015-12-20
102459,43,Male,Uganda,NGO,2016-02-21
102460,21,Female,Kenya,Individual,2015-07-27
102461,36,Male,Uganda,Individual,2014-01-30
102462,29,Male,Uganda,Individual,2016-03-17
102463,43,Female,Philippines,Individual,2015-04-03
102464,49,Male,Madagascar,Corporate,2014-10-01
102465,42,Male,Philippines,Individual,2016-08-28
102466,28,Male,Philippines,Small Business,2016-05-30
102467,33,Male,El Salvador,Small Business,2015-03-28
102468,54,Male,Tajikistan,Individual,2015-03-31
102469,19,Male,Philippines,Small Business,2016-07-23
102470,29,Female,Peru,Corporate,2014-07-16
102471,65,Female,Bolivia,Small Business,2015-02-24
102472,23,Male,Philippines,Individual,2015-08-08
102473,39,Male,Burundi,Individual,2014-12-22
102474,28,Female,Kenya,NGO,2014-11-20
102475,23,Female,Nicaragua,Individual,2014-04-21
102476,40,Male,Philippines,Small Business,2014-10-01
102477,45,Male,Vietnam,Individual,2015-01-03
102478,27,Male,Palestine,Individual,2016-05-08
102479,22,Female,Philippines,NGO,2014-12-12
102480,25,Female,Philippines,Individual,2014-06-15
102481,52,Female,Kenya,Individual,2016-05-17
102482,63,Male,Philippines,Small Business,2014-12-27
102483,27,Male,Ukraine,NGO,2016-07-31
102484,34,Male,Colombia,Individual,2014-04-23
102485,36,Male,Tajikistan,NGO,2014-01-23
102486,37,Male,Haiti,Small Business,2016-08-02
102487,30,Female,Samoa,NGO,2014-04-12
102488,20,Male,Rwanda,Individual,2014-01-10
102489,45,Female,Kenya,Individual,2015-10-22
102490,36,Male,Kenya,NGO,2014-11-22
102491,36,Male,Kenya,NGO,2015-05-12
102492,32,Female,Kenya,Individual,2015-02-23
102493,67,Female,El Salvador,Individual,2014-11-01
102494,50,Male,Philippines,Individual,2015-05-09
102495,40,Female,El Salvador,Small Business,2014-09-24
102496,28,Male,Uganda,NGO,2014-08-19
102497,60,Male,Kenya,Individual,2014-08-19
102498,65,Male,Philippines,Individual,2014-05-02
102499,19,Male,El Salvador,Individual,2015-06-23
102500,67,Female,Cambodia,NGO,2015-07-17
102501,55,Male,Bolivia,Individual,2014-01-19
102502,23,Female,Vietnam,Individual,2015-04-17
102503,57,Female,Philippines,Individual,2016-01-28
102504,23,Male,Philippines,Small Business,2014-01-02
102505,20,Male,Kenya,Individual,2014-11-05
102506,24,Male,Philippines,Individual,2016-09-11
102507,42,Female,El Salvador,Individual,2015-03-14
102508,50,Female,Kosovo,Corporate,2014-01-18
102509,39,Female,Philippines,Individual,2015-06-25
102510,24,Male,Kenya,Individual,2015-02-26
102511,28,Male,Bolivia,Individual,2014-08-05
102512,63,Female,Peru,Individual,2014-03-17
102513,69,Male,Philippines,Small Business,2016-06-24
102514,57,Female,Philippines,Small Business,2016-04-12
102515,23,Male,Timor-Leste,Individual,2015-11-30
102516,61,Male,Philippines,NGO,2014-01-19
102517,54,Female,Nicaragua,Individual,2016-06-10
102518,45,Female,Guatemala,NGO,2015-05-01
102519,25,Female,Kenya,Individual,2015-05-03
102520,70,Male,Bolivia,Individual,2016-06-18
102521,41,Female,Philippines,NGO,2015-03-20
102522,20,Female,Kenya,NGO,2014-08-31
102523,29,Female,Kenya,Small Business,2014-09-01
102524,39,Female,Suriname,Individual,2016-08-07
102525,21,Female,Philippines,Small Business,2015-07-13
102526,35,Female,Philippines,Individual,2015-08-17
102527,42,Male,Senegal,Individual,2015-08-31
102528,68,Male,Philippines,Individual,2014-08-15
102529,22,Female,Togo,Individual,2015-03-07
102530,48,Male,Paraguay,Individual,2016-09-01
102531,66,Male,Colombia,NGO,2014-05-30
102532,60,Female,Mali,Individual,2016-09-01
102533,67,Male,Bolivia,Individual,2014-10-08
102534,27,Female,Philippines,Individual,2014-10-31
102535,60,Female,China,NGO,2014-01-16
102536,69,Male,Georgia,Individual,2015-11-12
102537,35,Female,Zimbabwe,NGO,2014-11-24
102538,44,Male,Tajikistan,Individual,2015-04-16
102539,46,Female,Peru,Individual,2015-08-19
102540,44,Female,Peru,Small Business,2015-10-12
102541,33,Male,Philippines,Individual,2016-09-06
102542,69,Male,Peru,Small Business,2015-07-24
102543,68,Male,Tajikistan,Individual,2014-07-02
102544,38,Male,Paraguay,Individual,2015-12-22
102545,60,Male,Kenya,Individual,2014-02-27
102546,39,Other,Cambodia,NGO,2016-05-14
102547,60,Male,Nicaragua,Individual,2014-10-31
102548,48,Female,Uganda,Individual,2016-01-11
102549,42,Male,Albania,Individual,2014-06-11
102550,24,Other,Vietnam,Corporate,2015-02-21
102551,52,Male,Philippines,NGO,2015-12-14
102552,35,Male,Philippines,NGO,2015-09-29
102553,29,Female,Nigeria,Individual,2014-01-07
102554,28,Male,El Salvador,Individual,2014-02-05
102555,70,Female,Palestine,NGO,2016-10-01
102556,23,Male,Philippines,NGO,2015-06-27
102557,60,Female,Philippines,Small Business,2016-05-26
102558,63,Female,El Salvador,Small Business,2014-03-16
102559,19,Female,India,NGO,2015-05-18
102560,49,Male,Mongolia,Individual,2015-08-14
102561,48,Male,Togo,Individual,2016-08-01
102562,37,Male,Cambodia,Corporate,2015-12-30
102563,53,Male,Lebanon,Individual,2015-10-06
102564,39,Male,Philippines,Individual,2014-10-29
102565,41,Female,Colombia,Individual,2016-10-15
102566,40,Female,Senegal,Individual,2014-12-03
102567,60,Female,El Salvador,Small Business,2014-10-13
102568,51,Male,Albania,Small Business,2016-01-12
102569,38,Male,Philippines,Individual,2016-10-18
102570,67,Female,Philippines,Individual,2016-05-27
102571,60,Male,Peru,Individual,2014-07-05
102572,67,Male,Jordan,NGO,2016-04-15
102573,56,Male,Kenya,Individual,2014-12-29
102574,38,Female,Kyrgyzstan,Individual,2014-08-16
102575,58,Other,Philippines,Individual,2016-08-16
102576,35,Male,Mali,Individual,2016-08-31
102577,32,Female,Pakistan,Individual,2015-01-15
102578,41,Male,Philippines,Individual,2014-01-28
102579,69,Male,Bolivia,Individual,2014-08-04
102580,48,Female,Vietnam,Individual,2015-07-09
102581,38,Male,Peru,Individual,2014-03-03
102582,42,Female,Philippines,Individual,2014-08-22
102583,33,Male,Philippines,Individual,2014-06-03
102584,52,Male,Haiti,Small Business,2016-09-02
102585,36,Female,Paraguay,Individual,2014-12-31
102586,47,Male,Lebanon,Small Business,2015-01-25
102587,37,Female,Nigeria,Individual,2015-03-08
102588,34,Male,Samoa,Small Business,2014-01-14
102589,69,Female,Philippines,Individual,2015-07-10
102590,36,Male,Cambodia,Individual,2016-07-23
102591,21,Male,Ecuador,Individual,2016-04-13
102592,38,Female,Philippines,Individual,2014-09-15
102593,46,Male,Philippines,Individual,2014-01-15
102594,23,Male,Nicaragua,Small Business,2016-03-03
102595,34,Other,Tanzania,Individual,2016-05-11
102596,26,Female,Paraguay,Corporate,2016-08-02
102597,44,Female,Philippines,Individual,2015-08-15
102598,56,Female,Burkina Faso,Individual,2015-05-01
102599,69,Female,Philippines,Small Business,2016-02-15
102600,38,Female,Philippines,Individual,2015-12-09
102601,63,Female,Madagascar,Individual,2016-02-15
102602,29,Male,Honduras,Individual,2014-10-19
102603,59,Male,Timor-Leste,Small Business,2016-07-14
102604,47,Female,Lebanon,Individual,2014-02-08
102605,58,Female,Paraguay,Individual,2014-04-07
102606,58,Male,Kenya,Individual,2015-11-03
102607,46,Male,Kenya,Individual,2015-08-09
102608,31,Male,Mozambique,Individual,2015-07-22
102609,45,Female,Indonesia,Individual,2016-07-20
102610,61,Female,El Salvador,NGO,2016-06-11
102611,69,Male,El Salvador,Individual,2016-01-07
102612,67,Female,Kenya,Individual,2014-06-19
102613,27,Female,Kenya,Corporate,2014-04-10
102614,49,Female,Indonesia,NGO,2014-05-24
102615,23,Male,Philippines,Individual,2015-09-22
102616,53,Female,Uganda,Individual,2016-01-01
102617,70,Female,Azerbaijan,Individual,2016-03-30
102618,20,Female,Pakistan,NGO,2014-04-17
102619,52,Male,Uganda,Individual,2014-10-09
102620,68,Female,Kenya,Individual,2014-12-13
102621,62,Female,Philippines,Individual,2015-10-11
102622,38,Male,Philippines,Individual,2014-02-18
102623,23,Male,Philippines,Individual,2016-05-11
102624,66,Female,Philippines,Small Business,2014-03-25
102625,66,Female,Philippines,Individual,2015-06-21
102626,48,Male,Kenya,Individual,2016-08-13
102627,69,Male,Philippines,NGO,2014-07-19
102628,18,Male,Mozambique,Individual,2015-12-06
102629,50,Female,Philippines,Individual,2015-07-18
102630,20,Other,El Salvador,Individual,2016-04-20
102631,67,Male,Togo,Small Business,2015-08-26
102632,54,Male,Philippines,Individual,2016-05-19
102633,66,Male,Cambodia,Small Business,2015-02-18
102634,47,Male,Palestine,Individual,2014-06-18
102635,22,Female,Pakistan,Individual,2015-11-28
102636,19,Female,Philippines,Individual,2016-09-18
102637,35,Male,India,Individual,2015-03-21
102638,57,Male,Ecuador,Individual,2016-06-17
102639,26,Male,El Salvador,Small Business,2015-10-24
102640,63,Female,Philippines,Individual,2016-03-22
102641,30,Female,Philippines,Individual,2015-08-01
102642,44,Female,Samoa,Corporate,2016-04-04
102643,28,Male,Kenya,Individual,2014-12-11
102644,42,Female,Philippines,Individual,2015-06-24
102645,41,Male,Peru,Individual,2014-03-22
102646,18,Female,Liberia,Individual,2014-07-21
102647,48,Female,Philippines,Corporate,2015-08-17
102648,59,Female,Philippines,Corporate,2016-01-13
102649,67,Female,El Salvador,Individual,2014-02-01
102650,35,Male,Ecuador,Corporate,2014-03-13
102651,64,Female,Cambodia,Individual,2014-01-08
102652,64,Male,Zimbabwe,Corporate,2015-06-15
102653,70,Male,Philippines,Small Business,2014-12-10
102654,37,Male,Kenya,Individual,2014-02-24
102655,63,Male,Kenya,Individual,2016-03-24
102656,47,Male,Kenya,Small Business,2015-06-26
102657,21,Male,Cambodia,Individual,2014-01-11
102658,32,Female,Guatemala,Individual,2015-12-04
102659,53,Male,Kenya,Individual,2016-07-22
102660,26,Male,India,Individual,2015-03-06
102661,41,Other,Philippines,Individual,2016-08-30
102662,59,Female,Pakistan,Individual,2015-03-04
102663,25,Male,El Salvador,Small Business,2014-03-21
102664,44,Male,Pakistan,Individual,2014-05-07
102665,29,Female,Philippines,Individual,2014-03-11
102666,46,Female,The Democratic Republic of the Congo,Individual,2014-11-06
102667,30,Male,Jordan,Individual,2015-01-30
102668,69,Female,Samoa,Individual,2015-04-01
102669,22,Male,Sierra Leone,Individual,2015-05-08
102670,69,Male,Philippines,Individual,2016-06-03
102671,59,Female,Peru,Individual,2014-01-13
102672,63,Female,Kenya,Individual,2016-07-09
102673,63,Female,Sierra Leone,Individual,2014-09-03
102674,27,Male,Philippines,NGO,2016-09-03
102675,67,Male,Philippines,Individual,2014-05-19
102676,49,Male,Nigeria,NGO,2014-04-14
102677,68,Male,Philippines,Individual,2014-05-05
102678,64,Male,India,Individual,2014-10-31
102679,48,Female,Kenya,Individual,2016-08-22
102680,37,Female,Paraguay,Individual,2015-04-20
102681,24,Female,Mexico,Individual,2014-06-19
102682,23,Male,Tajikistan,Small Business,2015-10-20
102683,38,Male,Philippines,Small Business,2015-06-05
102684,60,Female,Philippines,Individual,2015-12-22
102685,44,Male,Philippines,Corporate,2016-01-30
102686,43,Female,Philippines,Individual,2016-03-16
102687,30,Male,Colombia,Individual,2014-06-05
102688,47,Female,Kenya,Small Business,2015-05-24
102689,51,Female,Kenya,Individual,2015-10-09
102690,70,Female,Philippines,Individual,2015-07-25
102691,56,Female,Mozambique,Individual,2016-09-23
102692,50,Female,Philippines,Individual,2016-09-11
102693,66,Male,Kenya,Individual,2016-04-11
102694,40,Female,Cambodia,Individual,2014-09-04
102695,67,Female,Philippines,Individual,2015-06-27
102696,37,Other,Senegal,Small Business,2016-04-03
102697,24,Male,Philippines,NGO,2014-10-03
102698,40,Male,Ecuador,Individual,2015-12-31
102699,24,Female,Nicaragua,Individual,2014-09-13
102700,24,Female,Lebanon,Individual,2014-05-24
102701,64,Male,Paraguay,Individual,2014-09-04
102702,60,Male,Armenia,Individual,2016-08-07
102703,29,Male,El Salvador,Individual,2016-10-16
102704,62,Male,Cambodia,Small Business,2016-05-26
102705,21,Male,Vietnam,Individual,2014-10-06
102706,33,Male,Pakistan,Individual,2016-03-09
102707,55,Male,Peru,Individual,2014-08-13
102708,34,Female,Philippines,NGO,2014-05-11
102709,56,Male,Kenya,Individual,2014-09-23
102710,64,Male,El Salvador,Small Business,2014-05-24
102711,21,Male,Philippines,Small Business,2015-10-19
102712,19,Male,El Salvador,Individual,2015-12-02
102713,67,Female,Philippines,Individual,2014-02-07
102714,45,Female,Pakistan,Individual,2014-04-21
102715,44,Male,Vietnam,Individual,2015-05-07
102716,42,Male,Pakistan,Individual,2014-04-27
102717,40,Male,Nigeria,Individual,2016-04-28
102718,54,Male,Philippines,Small Business,2015-02-15
102719,48,Male,Philippines,Individual,2015-02-28
102720,26,Male,Nigeria,Individual,2014-01-07
102721,51,Male,Kyrgyzstan,Individual,2015-12-20
102722,53,Female,Bolivia,Individual,2016-01-10
102723,24,Male,Paraguay,Individual,2016-02-15
102724,37,Male,Vietnam,Individual,2015-07-08
102725,59,Female,India,Individual,2014-10-04
102726,50,Male,Bolivia,Individual,2014-03-22
102727,25,Male,India,Individual,2014-11-20
102728,20,Male,Philippines,Small Business,2015-07-12
102729,48,Male,Philippines,Individual,2014-04-30
102730,42,Male,El Salvador,Small Business,2014-02-25
102731,68,Female,Peru,Individual,2014-08-11
102732,45,Female,Armenia,NGO,2014-03-14
102733,67,Male,Kenya,Individual,2014-01-16
102734,29,Male,Kenya,Individual,2015-05-13
102735,41,Female,Honduras,Individual,2016-02-03
102736,25,Female,Kenya,NGO,2015-05-28
102737,48,Male,Rwanda,Individual,2014-04-04
102738,27,Male,Philippines,Individual,2014-12-14
102739,44,Male,El Salvador,Small Business,2014-02-06
102740,36,Female,El Salvador,Individual,2015-09-30
102741,27,Male,Kenya,Individual,2014-08-28
102742,23,Male,Philippines,Small Business,2015-02-02
102743,45,Male,Kenya,Individual,2016-07-13
102744,68,Male,Kenya,Corporate,2015-08-25
102745,28,Male,Kenya,NGO,2016-02-23
102746,39,Female,Guatemala,Corporate,2014-12-25
102747,29,Female,Philippines,Small Business,2016-08-11
102748,60,Male,El Salvador,Individual,2016-01-03
102749,39,Male,Philippines,Individual,2015-06-13
102750,69,Female,Yemen,Individual,2015-08-17
102751,30,Male,Guatemala,Small Business,2015-10-01
102752,22,Male,Turkey,Individual,2014-06-14
102753,48,Male,Ghana,NGO,2014-09-16
102754,52,Female,Kenya,Individual,2015-12-05
102755,70,Female,Nigeria,Individual,2015-03-28
102756,64,Female,Kenya,Individual,2016-03-14
102757,64,Female,Sierra Leone,Individual,2015-06-23
102758,51,Male,El Salvador,Individual,2014-03-09
102759,37,Male,El Salvador,Individual,2015-11-13
102760,40,Male,Ghana,Individual,2015-09-18
102761,25,Female,Palestine,Individual,2015-01-09
102762,40,Female,Iraq,Corporate,2016-03-20
102763,37,Male,Philippines,Individual,2014-12-26
102764,19,Female,Kenya,Individual,2014-04-28
102765,28,Male,Kenya,Individual,2014-05-05
102766,46,Male,Uganda,Individual,2016-07-12
102767,37,Male,Cambodia,Individual,2015-01-21
102768,70,Female,Kenya,Individual,2015-03-02
102769,43,Female,Guatemala,Individual,2014-11-10
102770,68,Female,Philippines,Individual,2016-01-27
102771,53,Female,Nigeria,Individual,2015-09-13
102772,20,Female,United States,Small Business,2016-07-10
102773,28,Female,Tajikistan,Individual,2016-07-05
102774,55,Female,El Salvador,Individual,2016-10-10
102775,46,Male,Philippines,Individual,2014-12-04
102776,33,Female,Philippines,NGO,2015-08-22
102777,45,Female,India,Individual,2014-12-22
102778,65,Female,Cambodia,Small Business,2015-12-23
102779,38,Male,Philippines,NGO,2016-02-06
102780,20,Female,Burundi,Corporate,2014-09-16
102781,34,Female,Ecuador,Small Business,2016-05-30
102782,67,Male,Palestine,Individual,2014-10-25
102783,58,Other,Uganda,Corporate,2016-10-04
102784,62,Male,The Democratic Republic of the Congo,Small Business,2016-05-21
102785,66,Male,Philippines,Individual,2014-01-20
102786,24,Male,Philippines,Individual,2015-02-13
102787,32,Female,Sierra Leone,NGO,2015-02-03
102788,21,Female,Sierra Leone,Individual,2016-04-22
102789,18,Male,Cambodia,Small Business,2016-01-13
102790,62,Female,Philippines,Individual,2014-02-22
102791,67,Male,Kenya,Small Business,2016-05-11
102792,26,Male,Mali,Individual,2014-08-13
102793,56,Female,United States,Small Business,2015-01-15
102794,46,Female,Kenya,Individual,2014-06-24
102795,21,Female,Philippines,NGO,2014-06-11
102796,66,Female,Paraguay,Individual,2014-03-29
102797,64,Other,India,Individual,2014-03-24
102798,48,Male,Uganda,Individual,2016-03-16
102799,55,Male,Colombia,Individual,2014-12-19
102800,39,Male,Benin,Corporate,2015-10-27
102801,60,Female,Kenya,Individual,2016-10-07
102802,41,Female,Colombia,Individual,2014-02-22
102803,70,Female,Tajikistan,Small Business,2016-03-24
102804,21,Male,Pakistan,Individual,2014-04-23
102805,27,Male,Tanzania,Individual,2016-02-19
102806,69,Female,Tajikistan,Individual,2014-11-10
102807,33,Other,Peru,Individual,2014-05-19
102808,34,Male,Philippines,Small Business,2014-08-23
102809,59,Male,Vietnam,Individual,2015-01-09
102810,28,Male,Philippines,Individual,2016-01-18
102811,45,Male,Philippines,Individual,2015-11-29
102812,33,Male,Cambodia,NGO,2016-01-17
102813,28,Male,Colombia,Individual,2014-01-23
102814,69,Female,Brazil,Small Business,2016-09-26
102815,28,Male,Vietnam,Individual,2015-03-21
102816,22,Male,United States,Individual,2014-04-25
102817,53,Male,Kenya,Small Business,2016-08-09
102818,63,Female,Peru,Individual,2016-03-23
102819,24,Male,Mongolia,Individual,2014-03-26
102820,55,Male,El Salvador,Individual,2015-03-24
102821,46,Male,Lebanon,Small Business,2016-07-17
102822,61,Female,Peru,Individual,2015-12-01
102823,24,Female,Philippines,Individual,2014-07-19
102824,69,Male,Colombia,Individual,2015-12-19
102825,50,Male,Philippines,NGO,2014-07-14
102826,62,Male,Philippines,Individual,2014-12-27
102827,37,Female,Kenya,Individual,2014-07-20
102828,67,Female,Philippines,Individual,2015-12-12
102829,51,Male,El Salvador,Individual,2016-08-12
102830,24,Male,Sierra Leone,Individual,2014-02-16
102831,66,Female,El Salvador,NGO,2015-09-11
102832,60,Female,Palestine,Individual,2014-09-12
102833,33,Male,Pakistan,Individual,2016-02-09
102834,46,Male,Philippines,Individual,2014-05-24
102835,38,Male,Philippines,Individual,2015-01-11
102836,46,Female,Yemen,Individual,2014-07-31
102837,69,Female,Tajikistan,Individual,2016-06-13
102838,65,Female,Yemen,Individual,2014-03-27
102839,29,Female,Kenya,NGO,2015-08-20
102840,69,Male,Bolivia,Individual,2014-05-04
102841,41,Male,Honduras,Individual,2015-09-07
102842,55,Male,Madagascar,Corporate,2016-02-26
102843,58,Female,Philippines,Individual,2016-02-10
102844,43,Female,The Democratic Republic of the Congo,Individual,2014-02-04
102845,42,Male,El Salvador,Individual,2016-03-03
102846,42,Male,Palestine,Corporate,2014-11-01
102847,63,Female,Pakistan,Individual,2015-11-30
102848,38,Female,Pakistan,Individual,2016-09-14
102849,32,Female,El Salvador,Individual,2014-05-03
102850,37,Male,Samoa,Individual,2015-01-07
102851,28,Female,Kenya,Individual,2016-06-07
102852,38,Female,Cambodia,Individual,2014-05-26
102853,24,Female,Pakistan,NGO,2014-09-25
102854,22,Female,India,Small Business,2015-07-17
102855,56,Female,Cambodia,Individual,2016-10-17
102856,22,Female,Ecuador,Individual,2014-10-30
102857,48,Female,Cambodia,Individual,2015-01-31
102858,59,Male,Paraguay,Individual,2016-03-26
102859,56,Male,Ecuador,Individual,2014-05-04
102860,41,Female,Vietnam,Individual,2014-12-02
102861,28,Female,Rwanda,NGO,2014-11-21
102862,67,Male,Pakistan,Individual,2015-02-16
102863,62,Male,Philippines,Individual,2015-08-11
102864,50,Female,Ecuador,NGO,2014-08-16
102865,22,Female,Philippines,Individual,2015-02-06
102866,19,Female,Philippines,NGO,2016-07-28
102867,34,Male,Guatemala,Small Business,2016-04-29
102868,26,Female,Uganda,Individual,2016-09-06
102869,63,Female,Cambodia,Individual,2015-12-01
102870,28,Male,Benin,Individual,2015-08-20
102871,32,Male,Kenya,NGO,2014-08-08
102872,69,Other,Philippines,Individual,2014-06-13
102873,61,Male,Philippines,Corporate,2015-07-07
102874,29,Female,Kenya,Individual,2015-02-20
102875,38,Female,Bolivia,Small Business,2016-03-17
102876,45,Female,Honduras,Individual,2014-01-11
102877,53,Male,Pakistan,Corporate,2016-07-02
102878,67,Female,Kenya,Individual,2014-06-25
102879,64,Male,Peru,Individual,2015-02-09
102880,69,Female,Philippines,NGO,2015-01-01
102881,20,Male,Ecuador,Individual,2016-08-05
102882,30,Female,Tajikistan,Individual,2016-01-09
102883,47,Female,Philippines,NGO,2014-02-07
102884,20,Male,Rwanda,Small Business,2016-05-24
102885,36,Male,Armenia,Individual,2015-11-25
102886,26,Female,Kenya,Individual,2014-03-12
102887,67,Male,Nicaragua,Individual,2016-03-12
102888,21,Male,Colombia,Individual,2014-02-05
102889,25,Male,Philippines,Individual,2015-03-12
102890,28,Female,Philippines,Individual,2014-06-16
102891,25,Female,Nigeria,Individual,2014-01-12
102892,48,Male,Timor-Leste,Individual,2015-07-28
102893,37,Other,Colombia,NGO,2015-12-06
102894,66,Male,Pakistan,Individual,2015-05-07
102895,31,Male,Nicaragua,Individual,2014-12-18
102896,46,Male,Uganda,NGO,2015-06-11
102897,52,Male,Philippines,Small Business,2014-06-05
102898,51,Male,El Salvador,Individual,2014-02-21
102899,60,Female,Zimbabwe,Corporate,2014-06-11
102900,28,Male,Lebanon,Individual,2014-02-26
102901,44,Female,Yemen,Individual,2016-02-28
102902,60,Male,Philippines,Individual,2015-09-16
102903,63,Male,Peru,Individual,2014-07-12
102904,50,Male,Colombia,Individual,2015-08-08
102905,52,Female,Philippines,Individual,2015-05-12
102906,63,Female,Philippines,NGO,2014-04-25
102907,51,Male,Guatemala,Individual,2016-09-21
102908,68,Male,Ecuador,Individual,2016-08-18
102909,24,Male,Nicaragua,Individual,2016-02-17
102910,36,Female,Kenya,Individual,2016-04-08
102911,23,Male,Peru,Corporate,2015-07-15
102912,22,Female,Philippines,Individual,2015-06-26
102913,43,Male,Philippines,Small Business,2014-06-20
102914,29,Male,Peru,Small Business,2014-06-21
102915,39,Female,Kenya,Individual,2016-05-25
102916,41,Male,Costa Rica,Individual,2015-04-03
102917,50,Male,Cambodia,Individual,2016-01-18
102918,68,Female,Philippines,Small Business,2014-05-29
102919,63,Male,Philippines,Individual,2015-04-05
102920,38,Male,Bolivia,Individual,2014-03-28
102921,35,Male,Philippines,Individual,2014-08-15
102922,58,Female,Philippines,Individual,2014-04-23
102923,24,Female,Uganda,Individual,2014-08-02
102924,46,Male,Kenya,Individual,2015-09-14
102925,40,Female,Tajikistan,Individual,2014-01-07
102926,27,Female,Cambodia,Individual,2014-07-18
102927,50,Female,Philippines,NGO,2015-12-10
102928,34,Female,Guatemala,Small Business,2014-06-03
102929,27,Female,Uganda,Individual,2015-07-24
102930,52,Female,Tajikistan,Small Business,2016-06-07
102931,27,Male,Philippines,Small Business,2016-03-10
102932,53,Male,Tajikistan,Individual,2014-05-06
102933,26,Female,Kenya,NGO,2014-06-01
102934,41,Male,Cambodia,Small Business,2015-12-25
102935,60,Female,Kenya,Individual,2014-12-22
102936,30,Male,Suriname,Individual,2015-03-04
102937,58,Female,Philippines,Individual,2015-05-04
102938,56,Male,Ghana,Individual,2015-08-17
102939,65,Female,Liberia,Corporate,2015-04-06
102940,26,Male,El Salvador,Individual,2014-01-25
102941,55,Male,Kenya,Individual,2014-04-08
102942,67,Female,El Salvador,Corporate,2014-01-01
102943,58,Female,Egypt,Individual,2014-09-29
102944,27,Female,Tajikistan,Individual,2016-04-17
102945,61,Female,Pakistan,NGO,2016-09-22
102946,23,Male,Philippines,Individual,2015-05-03
102947,49,Female,United States,Individual,2014-03-15
102948,44,Male,Philippines,Individual,2016-04-15
102949,46,Female,Philippines,NGO,2014-12-19
102950,45,Male,Kenya,Individual,2016-06-22
102951,19,Male,Cambodia,Individual,2015-06-04
102952,44,Female,Zimbabwe,Individual,2016-06-19
102953,67,Female,Guatemala,NGO,2014-05-20
102954,41,Male,Philippines,Individual,2016-05-29
102955,32,Female,El Salvador,Individual,2015-07-14
102956,70,Female,Honduras,Corporate,2015-03-25
102957,23,Male,Peru,Small Business,2015-06-26
102958,43,Female,Philippines,Individual,2014-12-02
102959,45,Male,El Salvador,Individual,2015-09-10
102960,43,Male,Tajikistan,Individual,2016-02-29
102961,66,Female,Mongolia,Individual,2016-04-10
102962,40,Male,Paraguay,Individual,2016-09-29
102963,69,Male,Philippines,Small Business,2015-02-28
102964,21,Female,Vietnam,Individual,2016-02-27
102965,56,Male,Kenya,Small Business,2016-06-29
102966,49,Female,Indonesia,Individual,2014-01-19
102967,30,Female,El Salvador,NGO,2015-05-02
102968,30,Male,Philippines,Individual,2015-12-20
102969,56,Female,Cambodia,Individual,2015-04-14
102970,51,Male,Kenya,Individual,2014-04-13
102971,50,Female,Kenya,Individual,2015-11-03
102972,20,Male,Colombia,Individual,2015-02-21
102973,49,Female,Armenia,Individual,2015-09-25
102974,70,Male,Samoa,NGO,2014-01-02
102975,18,Female,El Salvador,Individual,2014-01-13
102976,42,Male,Philippines,Individual,2015-09-10
102977,44,Male,Cambodia,Individual,2016-10-03
102978,65,Male,Uganda,Small Business,2015-10-18
102979,32,Female,Philippines,Individual,2016-08-23
102980,43,Other,Zimbabwe,Individual,2016-05-18
102981,56,Male,Mongolia,Individual,2014-10-16
102982,21,Male,Philippines,Individual,2014-04-16
102983,60,Male,Kyrgyzstan,Individual,2015-07-27
102984,61,Male,Nicaragua,Individual,2015-09-28
102985,56,Female,Kenya,Individual,2016-02-29
102986,52,Female,Nicaragua,Small Business,2015-06-19
102987,57,Female,Philippines,Individual,2016-08-01
102988,59,Male,Philippines,Individual,2016-05-14
102989,65,Male,Dominican Republic,Individual,2015-08-24
102990,40,Female,Nicaragua,NGO,2015-07-20
102991,42,Male,Kenya,Individual,2014-01-20
102992,51,Female,Uganda,Individual,2016-03-11
102993,28,Male,Mozambique,NGO,2015-11-29
102994,63,Male,Uganda,Individual,2016-07-07
102995,58,Female,Zimbabwe,Individual,2014-04-06
102996,51,Male,Tanzania,Individual,2015-11-19
102997,33,Female,Kenya,Individual,2015-05-17
102998,36,Male,Nigeria,Individual,2015-08-26
102999,41,Male,Paraguay,Individual,2015-03-22
103000,53,Male,Honduras,Individual,2015-10-19
103001,59,Male,El Salvador,Individual,2015-11-06
103002,53,Female,Philippines,Corporate,2014-07-14
103003,67,Male,Philippines,Individual,2016-02-19
103004,68,Female,Tajikistan,Corporate,2015-05-21
103005,55,Female,Honduras,Individual,2015-08-13
103006,37,Male,Mali,Small Business,2015-09-26
103007,49,Male,Colombia,NGO,2016-02-02
103008,40,Male,Philippines,Individual,2014-11-05
103009,51,Female,Philippines,Individual,2014-01-08
103010,61,Female,Guatemala,Individual,2014-07-06
103011,37,Male,Pakistan,Individual,2016-09-16
103012,44,Female,Guatemala,Individual,2014-08-17
103013,20,Male,Philippines,Corporate,2014-09-13
103014,57,Male,El Salvador,Individual,2016-05-29
103015,43,Male,Liberia,Individual,2014-08-30
103016,42,Other,Philippines,Individual,2015-04-22
103017,46,Male,Philippines,Individual,2015-01-15
103018,29,Male,Paraguay,Individual,2015-11-09
103019,49,Male,Colombia,Individual,2015-09-02
103020,57,Female,The Democratic Republic of the Congo,Small Business,2015-06-12
103021,36,Male,Jordan,Individual,2015-05-30
103022,24,Male,Mali,Individual,2016-05-04
103023,38,Male,Philippines,Individual,2015-08-19
103024,28,Female,Cambodia,Individual,2015-06-06
103025,37,Male,Zimbabwe,Individual,2016-06-28
103026,51,Female,Uganda,Individual,2014-04-07
103027,24,Male,Albania,Individual,2016-05-04
103028,57,Male,Paraguay,Small Business,2014-07-23
103029,29,Female,Philippines,Individual,2014-12-07
103030,65,Female,Peru,Individual,2014-01-15
103031,56,Male,Nigeria,Corporate,2015-08-09
103032,32,Female,Philippines,Corporate,2016-05-02
103033,47,Female,Kenya,Individual,2015-01-27
103034,23,Male,Bolivia,Corporate,2015-11-11
103035,23,Female,Philippines,Small Business,2015-02-07
103036,68,Female,Kenya,Individual,2016-02-17
103037,60,Male,Nigeria,Individual,2016-10-20
103038,26,Female,Honduras,Individual,2016-01-03
103039,32,Male,Peru,Individual,2014-12-16
103040,28,Male,Haiti,NGO,2016-04-24
103041,38,Female,Senegal,Individual,2014-02-09
103042,33,Female,Cambodia,Individual,2016-10-08
103043,35,Female,Philippines,Individual,2016-05-10
103044,46,Female,Honduras,Individual,2015-11-01
103045,28,Female,Kenya,Small Business,2015-09-29
103046,64,Male,Palestine,Individual,2014-09-16
103047,56,Other,Colombia,Individual,2015-03-19
103048,58,Female,El Salvador,Individual,2014-04-15
103049,26,Female,Pakistan,Small Business,2014-12-14
103050,55,Male,Peru,Individual,2015-08-28
103051,62,Male,Senegal,Individual,2015-01-07
103052,27,Male,Philippines,Individual,2016-02-29
103053,57,Male,Yemen,Individual,2016-05-24
103054,36,Male,Philippines,Individual,2015-07-30
103055,59,Female,Armenia,Individual,2014-12-16
103056,43,Female,Liberia,Individual,2014-11-08
103057,60,Male,El Salvador,NGO,2015-07-15
103058,25,Male,Philippines,Individual,2016-01-08
103059,38,Female,Lebanon,Individual,2014-05-11
103060,32,Male,Palestine,Corporate,2015-04-05
103061,31,Female,Kenya,Individual,2015-03-28
103062,34,Male,Peru,NGO,2014-10-21
103063,38,Male,Lebanon,Individual,2014-09-01
103064,24,Male,Philippines,NGO,2016-05-11
103065,55,Female,Nicaragua,Individual,2015-03-20
103066,47,Male,Uganda,Small Business,2015-08-14
103067,61,Female,Philippines,Small Business,2014-02-09
103068,55,Male,Samoa,Individual,2014-10-18
103069,25,Male,Kenya,Individual,2014-08-18
103070,21,Female,Timor-Leste,Individual,2014-12-04
103071,40,Male,Pakistan,Individual,2016-05-12
103072,43,Male,Peru,Corporate,2015-08-09
103073,30,Female,Uganda,Individual,2016-07-13
103074,59,Female,El Salvador,Small Business,2015-03-10
103075,48,Male,Rwanda,Individual,2016-02-29
103076,57,Male,Ecuador,Individual,2014-06-14
103077,23,Other,Honduras,Corporate,2016-04-15
103078,61,Female,El Salvador,Individual,2015-09-18
103079,28,Female,Kenya,Individual,2014-02-10
103080,41,Female,Philippines,Individual,2015-12-08
103081,41,Female,Honduras,Individual,2015-05-07
103082,61,Male,El Salvador,Individual,2014-01-01
103083,32,Male,Peru,Individual,2016-05-17
103084,30,Female,Cambodia,Individual,2015-07-05
103085,36,Female,Uganda,Small Business,2015-09-14
103086,37,Female,Nigeria,Individual,2015-08-15
103087,27,Female,Tajikistan,Individual,2014-04-04
103088,27,Male,Mongolia,Individual,2014-12-07
103089,30,Female,Philippines,Individual,2015-12-21
103090,42,Female,Colombia,Small Business,2014-12-14
103091,36,Male,Philippines,Individual,2016-06-29
103092,38,Female,Lebanon,Individual,2014-11-22
103093,56,Female,Tajikistan,Individual,2015-04-17
103094,30,Male,Uganda,Individual,2015-04-02
103095,66,Female,Kyrgyzstan,Individual,2014-01-20
103096,57,Female,Uganda,Individual,2016-04-11
103097,27,Female,Philippines,Individual,2014-05-20
103098,34,Male,Cambodia,Individual,2015-04-26
103099,27,Female,Philippines,Individual,2016-07-19
103100,32,Male,Zimbabwe,Individual,2016-10-15
103101,37,Female,India,Individual,2014-08-25
103102,24,Male,Armenia,Individual,2015-01-21
103103,18,Female,Mexico,Individual,2015-08-03
103104,41,Female,Guatemala,Individual,2015-12-18
103105,55,Female,Uganda,Individual,2014-09-14
103106,34,Female,Philippines,Individual,2015-07-17
103107,63,Male,El Salvador,Individual,2016-05-04
103108,37,Female,Timor-Leste,Individual,2016-02-21
103109,65,Male,Mozambique,Individual,2016-04-22
103110,30,Female,Armenia,Individual,2016-06-29
103111,46,Male,Philippines,Individual,2016-06-01
103112,58,Female,Philippines,Individual,2015-06-09
103113,21,Male,Togo,Individual,2016-09-25
103114,67,Female,Philippines,Individual,2015-05-22
103115,37,Female,Colombia,Individual,2015-12-29
103116,44,Male,El Salvador,Small Business,2016-08-23
103117,51,Male,Kenya,Corporate,2014-02-14
103118,52,Female,Ecuador,Individual,2016-08-14
103119,19,Female,Haiti,Individual,2016-04-22
103120,63,Male,Honduras,Individual,2016-10-18
103121,51,Male,Cambodia,NGO,2016-03-02
103122,70,Male,Uganda,Individual,2014-06-10
103123,42,Female,Jordan,Individual,2014-11-06
103124,50,Female,Colombia,Small Business,2014-01-05
103125,41,Male,Cambodia,Individual,2015-09-15
103126,65,Female,Ecuador,Individual,2015-03-25
103127,62,Female,Kenya,Individual,2015-05-02
103128,66,Female,Philippines,Individual,2016-01-22
103129,44,Male,Indonesia,Small Business,2016-04-20
103130,59,Male,Tajikistan,Individual,2014-03-17
103131,37,Male,Philippines,Individual,2016-07-28
103132,42,Male,Kenya,Individual,2015-01-19
103133,58,Male,Malawi,Individual,2016-02-10
103134,22,Male,Nicaragua,NGO,2015-08-19
103135,55,Male,Nicaragua,Small Business,2015-03-31
103136,18,Female,Philippines,NGO,2014-08-07
103137,48,Male,Burkina Faso,Small Business,2014-07-14
103138,43,Female,Sierra Leone,Individual,2016-01-20
103139,42,Male,Pakistan,Individual,2014-11-26
103140,44,Female,Kenya,Individual,2014-08-24
103141,44,Male,Nigeria,Individual,2014-01-07
103142,39,Female,Samoa,Individual,2016-05-11
103143,41,Female,Guatemala,Individual,2015-02-10
103144,48,Male,Lao People's Democratic Republic,Individual,2014-12-24
103145,58,Female,Nicaragua,NGO,2015-01-17
103146,47,Male,Kenya,Individual,2015-09-06
103147,52,Female,Cambodia,Individual,2015-05-09
103148,62,Male,Rwanda,Small Business,2015-07-12
103149,70,Male,Kenya,Individual,2014-10-13
103150,23,Male,Philippines,Individual,2014-11-01
103151,55,Female,Bolivia,Individual,2016-06-03
103152,29,Male,Uganda,Small Business,2015-03-27
103153,28,Female,Rwanda,NGO,2016-09-23
103154,60,Male,Philippines,Individual,2016-05-16
103155,21,Male,Kenya,Individual,2015-12-31
103156,62,Male,Kenya,Individual,2015-07-17
103157,58,Female,Nigeria,Individual,2016-05-08
103158,70,Female,Armenia,Small Business,2014-02-27
103159,53,Male,Uganda,Individual,2015-05-27
103160,64,Female,Cambodia,Small Business,2016-01-01
103161,24,Male,Philippines,Corporate,2014-04-22
103162,65,Male,Vietnam,Individual,2014-07-07
103163,26,Female,Cameroon,NGO,2014-03-09
103164,34,Male,Honduras,Individual,2015-05-14
103165,24,Male,Philippines,Individual,2015-07-10
103166,39,Female,Tajikistan,Small Business,2015-04-26
103167,57,Male,Kenya,Individual,2014-02-26
103168,32,Female,Philippines,Corporate,2015-05-14
103169,61,Female,Philippines,Individual,2016-06-28
103170,50,Female,Philippines,Individual,2014-02-02
103171,51,Female,Philippines,Small Business,2016-03-06
103172,67,Female,Kyrgyzstan,Individual,2014-10-07
103173,40,Male,Kenya,Individual,2014-03-19
103174,36,Female,Mali,Individual,2014-02-22
103175,70,Female,Mozambique,Individual,2014-01-14
103176,47,Female,Colombia,Individual,2015-03-02
103177,50,Male,Cambodia,Small Business,2015-05-26
103178,33,Female,Mali,Individual,2015-09-29
103179,29,Female,Philippines,Small Business,2014-03-25
103180,26,Male,Uganda,Small Business,2015-11-02
103181,29,Female,Cambodia,Individual,2016-01-29
103182,28,Male,Samoa,Individual,2014-03-08
103183,57,Male,Rwanda,Individual,2015-11-23
103184,21,Female,United States,Small Business,2014-05-03
103185,51,Male,Nigeria,Individual,2015-03-27
103186,68,Male,Peru,Individual,2015-11-09
103187,58,Male,Samoa,Corporate,2016-06-11
103188,39,Male,Mexico,Individual,2015-06-29
103189,21,Female,Cambodia,Individual,2015-03-23
103190,62,Female,Ukraine,Corporate,2016-05-03
103191,18,Female,Mexico,Individual,2014-08-10
103192,54,Male,Peru,Individual,2014-07-30
103193,53,Female,Philippines,Individual,2015-04-24
103194,28,Female,Philippines,Small Business,2014-05-04
103195,57,Female,Honduras,NGO,2014-01-24
103196,27,Male,Philippines,Small Business,2015-01-07
103197,29,Male,Cambodia,Corporate,2014-06-06
103198,61,Female,Tajikistan,Individual,2015-10-15
103199,69,Female,Mexico,Individual,2015-07-17
103200,32,Male,United States,Individual,2015-05-14
103201,66,Female,Armenia,NGO,2015-05-24
103202,66,Male,El Salvador,NGO,2014-04-12
103203,58,Male,Philippines,Individual,2015-02-17
103204,25,Female,Ecuador,Small Business,2014-03-15
103205,33,Female,Philippines,Individual,2014-12-30
103206,53,Male,Pakistan,Individual,2015-11-26
103207,70,Female,Kosovo,Individual,2016-10-07
103208,61,Female,Pakistan,Corporate,2014-11-01
103209,40,Male,Nicaragua,Individual,2014-09-28
103210,30,Female,Ecuador,Individual,2015-11-18
103211,68,Female,Samoa,Corporate,2016-07-29
103212,32,Female,Uganda,Individual,2014-10-30
103213,36,Other,Cambodia,Individual,2016-05-08
103214,69,Female,Philippines,Individual,2014-11-19
103215,47,Male,Tajikistan,Individual,2015-10-18
103216,32,Male,Kenya,Individual,2014-08-04
103217,18,Female,Peru,Individual,2014-09-26
103218,40,Other,Armenia,Small Business,2016-10-04
103219,70,Male,Philippines,Individual,2015-02-03
103220,40,Male,Pakistan,Individual,2014-01-17
103221,55,Female,Philippines,NGO,2016-03-02
103222,31,Male,Kenya,Individual,2014-05-11
103223,59,Male,Philippines,NGO,2014-04-24
103224,59,Female,Philippines,Small Business,2016-05-06
103225,50,Female,Ukraine,Corporate,2014-12-24
103226,58,Female,Israel,Individual,2014-05-22
103227,48,Female,Bolivia,Individual,2016-09-26
103228,38,Male,Tajikistan,Individual,2014-10-15
103229,57,Female,Honduras,NGO,2015-10-11
103230,62,Male,Zimbabwe,Corporate,2014-09-27
103231,62,Male,Peru,Individual,2015-08-19
103232,29,Female,Philippines,Individual,2015-12-16
103233,53,Female,Vietnam,Individual,2016-02-16
103234,18,Female,Burundi,Individual,2015-02-26
103235,48,Male,Kenya,Small Business,2015-09-24
103236,48,Female,Cambodia,Small Business,2016-05-11
103237,37,Female,El Salvador,Individual,2016-05-11
103238,70,Female,El Salvador,Corporate,2016-02-05
103239,64,Female,Bolivia,Individual,2015-02-14
103240,20,Male,El Salvador,Individual,2015-06-29
103241,29,Female,Georgia,Individual,2016-09-18
103242,29,Female,Guatemala,Individual,2014-09-13
103243,65,Female,Philippines,Small Business,2015-12-11
103244,45,Female,Rwanda,Individual,2016-03-22
103245,56,Female,Honduras,Individual,2015-05-08
103246,60,Male,Peru,Individual,2016-06-06
103247,58,Male,Cambodia,Individual,2015-03-16
103248,22,Female,Palestine,Individual,2016-05-06
103249,25,Female,Uganda,Individual,2015-10-23
103250,38,Female,Philippines,Individual,2016-04-23
103251,35,Male,Kenya,Individual,2015-12-17
103252,57,Male,Kenya,Small Business,2014-08-17
103253,26,Female,Ecuador,Individual,2015-12-23
103254,37,Female,Philippines,Individual,2015-06-09
103255,30,Male,Nicaragua,Individual,2016-08-24
103256,28,Female,Cambodia,Individual,2014-11-09
103257,27,Male,Palestine,Individual,2014-09-28
103258,28,Female,Cambodia,Individual,2014-03-02
103259,47,Male,Yemen,Individual,2016-03-16
103260,39,Male,Zimbabwe,Individual,2016-10-06
103261,41,Male,Philippines,Individual,2015-12-08
103262,43,Female,Nigeria,Corporate,2015-01-14
103263,57,Female,Philippines,Individual,2016-06-19
103264,63,Female,Rwanda,Individual,2014-09-17
103265,45,Male,Nicaragua,Individual,2015-12-12
103266,52,Male,Kenya,Individual,2015-09-04
103267,57,Male,Kenya,Individual,2016-05-23
103268,54,Female,Uganda,NGO,2016-09-22
103269,25,Male,Kyrgyzstan,Individual,2015-01-04
103270,70,Female,Kyrgyzstan,Individual,2014-04-09
103271,26,Female,Philippines,Corporate,2014-06-11
103272,39,Female,Kenya,Individual,2016-01-28
103273,52,Male,El Salvador,Individual,2015-01-08
103274,39,Female,Colombia,Individual,2014-05-24
103275,30,Male,Philippines,Individual,2016-04-15
103276,66,Male,Kenya,NGO,2015-10-27
103277,21,Female,Togo,Individual,2014-05-16
103278,31,Female,Cambodia,Corporate,2016-01-01
103279,70,Female,India,Individual,2015-10-16
103280,56,Male,Cambodia,Individual,2016-10-05
103281,22,Other,Cambodia,Individual,2016-10-08
103282,57,Other,Tajikistan,Individual,2016-09-26
103283,69,Male,Kenya,Individual,2016-07-06
103284,23,Female,Kenya,Individual,2016-03-23
103285,39,Male,Egypt,Individual,2015-11-19
103286,42,Female,Tanzania,Individual,2015-07-13
103287,24,Female,India,Corporate,2016-03-23
103288,28,Female,Philippines,Individual,2016-09-16
103289,27,Female,Philippines,Individual,2014-04-30
103290,27,Male,Philippines,Small Business,2014-05-21
103291,39,Female,Timor-Leste,Individual,2015-05-27
103292,42,Female,Rwanda,NGO,2014-10-29
103293,30,Male,Peru,Corporate,2015-06-30
103294,33,Male,Iraq,Individual,2014-11-16
103295,28,Female,Philippines,Individual,2016-03-13
103296,60,Female,Pakistan,Individual,2016-07-09
103297,29,Female,Philippines,Individual,2014-10-17
103298,66,Female,Kenya,Individual,2016-03-02
103299,46,Female,Georgia,Individual,2014-04-20
103300,60,Male,Tanzania,NGO,2016-03-27
103301,51,Male,Philippines,Individual,2015-12-17
103302,32,Female,Kenya,Individual,2015-12-30
103303,49,Female,Colombia,Individual,2015-05-20
103304,32,Female,Philippines,Corporate,2014-04-21
103305,24,Female,Pakistan,Small Business,2016-05-13
103306,31,Female,Colombia,Small Business,2014-04-23
103307,32,Female,Kenya,Small Business,2015-05-09
103308,25,Female,Kenya,Individual,2014-06-29
103309,19,Male,Philippines,Individual,2016-05-17
103310,68,Female,Timor-Leste,Individual,2015-08-12
103311,45,Female,El Salvador,Individual,2015-06-05
103312,39,Male,Colombia,Individual,2014-11-22
103313,67,Female,Kenya,Individual,2016-03-13
103314,29,Female,Vietnam,Corporate,2014-08-04
103315,39,Female,Philippines,Individual,2016-01-09
103316,62,Female,Philippines,Small Business,2016-09-20
103317,51,Male,India,Individual,2014-09-30
103318,39,Male,Bolivia,Individual,2015-12-05
103319,31,Male,Kenya,Individual,2014-11-14
103320,19,Male,El Salvador,Small Business,2016-08-10
103321,22,Female,Haiti,Small Business,2016-07-10
103322,26,Female,Philippines,Individual,2014-11-18
103323,59,Female,Philippines,Individual,2014-08-26
103324,51,Male,Uganda,Individual,2014-03-27
103325,40,Male,Kenya,Individual,2015-12-16
103326,59,Male,Nicaragua,Individual,2016-07-31
103327,26,Female,Nigeria,Individual,2014-05-30
103328,29,Male,Peru,NGO,2016-04-16
103329,38,Female,Tajikistan,Individual,2016-02-13
103330,66,Female,Uganda,Individual,2015-04-29
103331,50,Female,Armenia,Small Business,2014-08-18
103332,63,Male,Philippines,Individual,2015-11-01
103333,31,Male,Kenya,NGO,2015-09-01
103334,62,Female,Nigeria,Individual,2016-04-11
103335,21,Female,Kenya,Individual,2015-08-02
103336,30,Male,Philippines,Small Business,2014-02-20
103337,45,Female,Kenya,Individual,2014-07-28
103338,20,Female,Vietnam,NGO,2015-01-26
103339,63,Male,Philippines,Corporate,2015-05-19
103340,63,Male,Bolivia,Individual,2014-12-25
103341,46,Male,Honduras,Individual,2016-06-19
103342,34,Male,Nicaragua,Individual,2014-10-16
103343,23,Male,Kenya,Individual,2015-11-29
103344,50,Female,Lebanon,Individual,2015-01-06
103345,46,Male,Philippines,NGO,2016-10-14
103346,58,Female,Jordan,Individual,2016-07-27
103347,49,Female,Vietnam,Individual,2016-03-14
103348,24,Male,Philippines,Individual,2016-02-23
103349,24,Male,Kyrgyzstan,Corporate,2015-10-22
103350,59,Female,Peru,Corporate,2015-08-25
103351,26,Other,Uganda,Individual,2015-08-01
103352,67,Female,El Salvador,Individual,2014-01-29
103353,23,Male,Tajikistan,Small Business,2016-08-18
103354,56,Male,Bolivia,Individual,2016-10-02
103355,69,Male,Zimbabwe,Corporate,2015-06-25
103356,41,Female,Kenya,NGO,2016-06-10
103357,21,Female,Nicaragua,Small Business,2015-02-17
103358,64,Female,Nigeria,Individual,2014-04-26
103359,27,Female,Ecuador,Individual,2016-05-05
103360,45,Male,Cambodia,Corporate,2015-06-07
103361,70,Female,El Salvador,Individual,2016-08-21
103362,57,Male,Armenia,NGO,2014-08-07
103363,20,Female,Kenya,Individual,2015-05-06
103364,61,Female,Philippines,Corporate,2015-11-15
103365,26,Female,Pakistan,Individual,2014-05-22
103366,57,Male,Kenya,Individual,2016-10-18
103367,50,Female,Philippines,Individual,2015-09-16
103368,33,Female,Philippines,Individual,2014-06-26
103369,40,Male,Nigeria,Individual,2016-01-30
103370,24,Male,Mongolia,NGO,2016-06-19
103371,70,Female,Uganda,Individual,2015-01-19
103372,30,Male,Philippines,Corporate,2015-09-18
103373,34,Male,Rwanda,Individual,2016-02-06
103374,44,Male,Kenya,Individual,2014-05-30
103375,53,Male,South Africa,Corporate,2015-06-29
103376,44,Male,Pakistan,Individual,2015-07-28
103377,44,Female,Philippines,NGO,2014-11-06
103378,48,Male,Cambodia,Corporate,2014-11-04
103379,63,Female,Kenya,Individual,2015-10-08
103380,38,Male,Honduras,Small Business,2016-02-10
103381,62,Male,Philippines,Individual,2014-05-31
103382,59,Male,Indonesia,Individual,2016-03-17
103383,68,Female,Armenia,Individual,2014-06-28
103384,66,Female,Indonesia,Small Business,2014-01-04
103385,60,Female,Zimbabwe,Individual,2014-11-27
103386,31,Male,Philippines,Individual,2016-04-18
103387,59,Male,Peru,NGO,2016-02-15
103388,57,Male,United States,Individual,2014-11-11
103389,33,Female,El Salvador,Corporate,2015-06-17
103390,53,Male,Philippines,Individual,2016-09-10
103391,31,Female,Kenya,Individual,2016-01-07
103392,45,Female,Kenya,Individual,2016-02-17
103393,60,Female,Tanzania,Individual,2014-04-01
103394,27,Female,Cambodia,Individual,2014-09-05
103395,35,Male,Nigeria,Small Business,2014-04-18
103396,60,Female,Albania,Small Business,2016-09-29
103397,42,Male,Kenya,Individual,2014-12-17
103398,68,Female,Armenia,Individual,2015-05-28
103399,18,Female,Philippines,Individual,2015-07-20
103400,56,Male,Philippines,Individual,2015-06-20
103401,61,Female,Philippines,Individual,2014-02-23
103402,66,Male,Kenya,Individual,2016-07-20
103403,26,Male,El Salvador,NGO,2015-01-25
103404,70,Female,Cambodia,Corporate,2016-07-29
103405,38,Male,Kenya,Small Business,2016-02-23
103406,36,Female,Philippines,Individual,2015-12-16
103407,36,Female,Ecuador,Individual,2015-12-22
103408,51,Female,Philippines,Individual,2016-09-29
103409,52,Male,Lebanon,Individual,2014-11-08
103410,43,Male,Yemen,Individual,2014-12-04
103411,21,Female,Vietnam,Corporate,2015-11-19
103412,70,Male,Colombia,Individual,2014-08-27
103413,29,Female,Paraguay,Individual,2016-04-03
103414,22,Male,Paraguay,Individual,2014-01-31
103415,49,Male,Yemen,Corporate,2016-07-08
103416,39,Female,Costa Rica,Individual,2014-12-22
103417,50,Female,Uganda,Small Business,2014-01-06
103418,64,Female,Tajikistan,Individual,2015-09-10
103419,23,Female,Kyrgyzstan,Individual,2014-10-10
103420,33,Male,Philippines,NGO,2014-11-10
103421,45,Male,Peru,Individual,2015-05-09
103422,59,Male,Paraguay,Small Business,2015-08-18
103423,49,Female,Bolivia,Individual,2014-05-20
103424,38,Male,El Salvador,Individual,2014-02-20
103425,50,Female,Kenya,Individual,2015-04-18
103426,69,Male,Philippines,NGO,2014-12-30
103427,43,Female,Pakistan,Small Business,2015-08-20
103428,64,Female,Liberia,Individual,2016-02-06
103429,59,Female,Zimbabwe,Individual,2015-09-22
103430,33,Male,El Salvador,Individual,2014-04-18
103431,31,Other,Kenya,Individual,2016-10-17
103432,58,Male,Guatemala,Individual,2016-01-03
103433,28,Male,Bolivia,Individual,2014-02-20
103434,35,Male,Peru,Corporate,2016-02-22
103435,30,Male,El Salvador,Individual,2016-06-21
103436,50,Female,Philippines,Individual,2015-08-06
103437,33,Male,Guatemala,NGO,2016-05-02
103438,52,Male,Tajikistan,Individual,2016-06-26
103439,67,Female,El Salvador,Small Business,2016-09-14
103440,61,Female,Liberia,Individual,2016-09-05
103441,68,Female,Paraguay,Individual,2014-07-18
103442,19,Female,Yemen,Individual,2014-02-06
103443,42,Male,Cambodia,Individual,2015-10-30
103444,29,Female,Uganda,Individual,2015-11-27
103445,66,Male,Timor-Leste,Individual,2015-08-07
103446,55,Male,Albania,Individual,2014-09-01
103447,34,Male,Albania,Individual,2016-08-30
103448,47,Female,Rwanda,Individual,2015-02-23
103449,50,Male,Cambodia,Individual,2016-01-30
103450,44,Female,Philippines,Small Business,2015-10-01
103451,43,Male,El Salvador,Individual,2016-07-06
103452,20,Male,Georgia,Individual,2015-12-31
103453,41,Male,El Salvador,Individual,2015-10-13
103454,36,Male,Mali,Individual,2016-05-10
103455,61,Male,Senegal,Individual,2014-02-26
103456,63,Female,Burkina Faso,NGO,2015-12-24
103457,57,Female,Mozambique,Individual,2015-08-24
103458,19,Male,Pakistan,Individual,2016-03-07
103459,62,Female,Cambodia,Individual,2014-08-19
103460,39,Male,Benin,Individual,2015-09-06
103461,40,Male,Philippines,Small Business,2014-10-19
103462,68,Male,Philippines,Individual,2014-05-01
103463,63,Female,Costa Rica,Individual,2015-08-13
103464,20,Male,Nigeria,Corporate,2014-01-23
103465,37,Female,Peru,Individual,2014-04-06
103466,57,Male,Philippines,Small Business,2015-06-28
103467,46,Female,Peru,Individual,2016-07-09
103468,31,Male,Azerbaijan,Individual,2016-01-04
103469,45,Female,Colombia,Individual,2014-01-17
103470,63,Female,El Salvador,Individual,2014-04-22
103471,29,Male,Pakistan,Individual,2015-03-18
103472,57,Male,Togo,Individual,2015-03-17
103473,56,Female,Ghana,Individual,2014-02-11
103474,64,Other,El Salvador,Individual,2014-09-20
103475,33,Female,Tajikistan,Individual,2014-05-11
103476,29,Male,Kenya,Individual,2015-08-05
103477,47,Female,Uganda,Individual,2015-11-06
103478,46,Male,Philippines,NGO,2015-02-05
103479,39,Male,Peru,Individual,2014-07-26
103480,59,Female,Colombia,Corporate,2016-05-22
103481,60,Female,Kenya,Individual,2014-01-06
103482,31,Female,Kenya,Individual,2015-06-02
103483,60,Female,Philippines,Individual,2014-11-26
103484,30,Male,Philippines,Individual,2015-04-08
103485,39,Female,Vietnam,Individual,2015-06-14
103486,19,Male,Philippines,Individual,2015-10-25
103487,36,Male,Philippines,Small Business,2016-08-10
103488,68,Male,Brazil,Individual,2015-07-30
103489,41,Female,Kenya,Individual,2014-08-22
103490,55,Female,Zimbabwe,Individual,2015-06-22
103491,23,Male,Tajikistan,Individual,2015-06-10
103492,51,Female,Vietnam,Corporate,2016-06-04
103493,37,Female,Pakistan,Individual,2015-08-04
103494,57,Female,Philippines,Individual,2016-06-08
103495,67,Female,United States,Individual,2015-10-28
103496,46,Male,Samoa,Individual,2015-08-10
103497,23,Female,Kenya,Corporate,2014-12-03
103498,43,Female,Armenia,Individual,2014-09-20
103499,24,Female,Pakistan,Small Business,2014-04-13
103500,41,Female,Ghana,Individual,2015-07-16
103501,21,Male,Kyrgyzstan,Individual,2016-08-01
103502,51,Male,Philippines,Individual,2014-01-14
103503,34,Female,Togo,Individual,2016-09-03
103504,28,Male,Iraq,Individual,2016-05-30
103505,18,Male,India,Individual,2015-03-26
103506,65,Female,Philippines,Corporate,2014-11-18
103507,62,Female,Lebanon,Small Business,2015-08-19
103508,61,Female,Nicaragua,Individual,2016-05-26
103509,21,Female,Kenya,Individual,2014-01-31
103510,36,Female,Togo,Individual,2015-04-06
103511,69,Female,Pakistan,Individual,2014-02-18
103512,48,Female,United States,Individual,2015-10-22
103513,24,Male,Ecuador,Individual,2014-03-21
103514,25,Female,Kenya,Individual,2014-11-21
103515,31,Male,Madagascar,Individual,2016-01-28
103516,69,Male,Colombia,Individual,2016-02-10
103517,26,Male,Peru,Individual,2014-08-22
103518,65,Female,El Salvador,Individual,2015-06-10
103519,53,Female,Philippines,Individual,2014-07-09
103520,66,Female,Nigeria,Corporate,2015-08-30
103521,61,Other,Uganda,Individual,2014-01-10
103522,35,Female,Timor-Leste,Small Business,2016-04-13
103523,61,Male,Costa Rica,Corporate,2014-01-24
103524,26,Female,Armenia,Individual,2015-09-16
103525,33,Female,Kenya,Corporate,2015-02-20
103526,29,Female,Bolivia,Corporate,2014-08-18
103527,25,Male,Philippines,Small Business,2015-07-10
103528,22,Male,Samoa,Corporate,2014-05-26
103529,27,Female,Cambodia,Individual,2015-08-17
103530,24,Male,Timor-Leste,Individual,2015-10-23
103531,38,Male,El Salvador,NGO,2015-04-15
103532,21,Male,Kenya,Small Business,2015-01-06
103533,21,Male,Myanmar (Burma),Individual,2015-04-17
103534,70,Male,Peru,Individual,2016-09-07
103535,22,Other,Tanzania,Individual,2016-02-11
103536,21,Female,Ghana,NGO,2014-01-07
103537,19,Female,Peru,Individual,2014-10-25
103538,25,Male,Uganda,Individual,2014-01-26
103539,45,Male,Pakistan,Individual,2014-09-01
103540,61,Male,United States,Individual,2016-03-08
103541,56,Male,Costa Rica,Corporate,2016-05-25
103542,48,Male,Kenya,Individual,2015-04-14
103543,22,Female,India,Individual,2015-12-08
103544,59,Other,Kenya,Individual,2015-01-15
103545,19,Female,Tajikistan,Small Business,2015-05-04
103546,51,Male,Lebanon,Individual,2016-04-29
103547,39,Male,Togo,Individual,2014-10-10
103548,64,Male,Uganda,Individual,2014-11-23
103549,34,Male,El Salvador,NGO,2014-05-21
103550,51,Female,Kenya,Small Business,2014-08-13
103551,41,Male,Philippines,Individual,2014-02-08
103552,45,Female,El Salvador,Individual,2016-04-15
103553,67,Female,Mexico,Corporate,2016-05-23
103554,55,Male,El Salvador,Individual,2015-03-09
103555,39,Male,Kenya,Individual,2015-09-01
103556,41,Male,India,Corporate,2014-09-13
103557,55,Male,Philippines,NGO,2014-02-17
103558,36,Female,Kenya,Small Business,2015-06-13
103559,26,Female,Timor-Leste,Small Business,2014-06-12
103560,42,Female,Philippines,Individual,2016-05-19
103561,21,Female,El Salvador,Individual,2014-10-14
103562,26,Male,Colombia,Individual,2016-01-26
103563,40,Male,Philippines,Individual,2014-09-27
103564,60,Male,Kenya,Individual,2014-05-10
103565,59,Male,Philippines,Individual,2015-07-17
103566,31,Female,Kenya,Corporate,2014-07-08
103567,40,Female,Zimbabwe,Individual,2015-02-14
103568,26,Male,Uganda,Small Business,2014-10-28
103569,58,Male,El Salvador,Individual,2016-06-22
103570,31,Male,El Salvador,Individual,2015-05-31
103571,60,Female,Costa Rica,Individual,2016-01-08
103572,62,Male,Philippines,Individual,2015-08-27
103573,54,Male,Mexico,Individual,2016-07-22
103574,35,Male,Kenya,Individual,2015-03-27
103575,68,Female,Haiti,Individual,2016-06-03
103576,54,Female,Kenya,Individual,2016-07-09
103577,52,Female,Philippines,Individual,2016-08-02
103578,63,Male,Peru,Individual,2015-12-14
103579,64,Male,Philippines,Individual,2016-10-01
103580,22,Female,Mali,Individual,2016-02-03
103581,64,Male,Paraguay,Individual,2014-11-16
103582,58,Male,Nigeria,Individual,2014-06-11
103583,28,Female,Philippines,Individual,2014-08-04
103584,34,Male,Vietnam,NGO,2015-08-12
103585,57,Male,Kenya,Small Business,2014-06-19
103586,29,Female,Belize,Individual,2014-09-01
103587,41,Female,India,Individual,2015-10-06
103588,54,Male,Colombia,Individual,2014-12-08
103589,52,Male,Tanzania,Individual,2015-11-29
103590,66,Female,Colombia,Individual,2016-10-18
103591,23,Male,Pakistan,Individual,2014-04-01
103592,33,Male,Kenya,Corporate,2015-10-20
103593,70,Female,Ecuador,Individual,2016-04-21
103594,48,Female,El Salvador,Individual,2014-05-25
103595,31,Other,Philippines,Corporate,2016-03-13
103596,33,Male,Rwanda,Individual,2015-06-05
103597,35,Male,Philippines,Individual,2015-10-07
103598,47,Female,Ecuador,Individual,2014-02-23
103599,33,Female,Philippines,Individual,2015-03-23
103600,50,Male,Uganda,Corporate,2015-01-12
103601,41,Female,Indonesia,Individual,2014-06-07
103602,50,Male,Philippines,Individual,2016-02-21
103603,26,Female,Ecuador,Individual,2015-06-03
103604,51,Female,Tajikistan,Individual,2016-06-18
103605,67,Male,Tanzania,Individual,2014-06-13
103606,25,Female,Philippines,Individual,2016-01-19
103607,35,Other,Kyrgyzstan,Individual,2015-09-13
103608,54,Male,Uganda,Individual,2015-10-30
103609,50,Male,Uganda,NGO,2014-11-14
103610,53,Female,El Salvador,NGO,2015-12-09
103611,47,Male,El Salvador,NGO,2014-09-11
103612,54,Male,Peru,Individual,2016-02-21
103613,50,Male,Philippines,Small Business,2015-03-29
103614,21,Female,Uganda,NGO,2015-05-07
103615,57,Male,Paraguay,Individual,2015-08-19
103616,41,Female,Cambodia,Individual,2014-03-28
103617,20,Male,Philippines,Individual,2015-01-12
103618,39,Male,El Salvador,Corporate,2014-07-28
103619,41,Female,Uganda,NGO,2016-09-14
103620,22,Male,Ecuador,Small Business,2015-03-09
103621,70,Male,Zimbabwe,Individual,2014-01-07
103622,29,Male,Pakistan,Corporate,2014-01-28
103623,35,Female,Ecuador,Individual,2016-07-24
103624,41,Male,Philippines,Individual,2014-06-11
103625,62,Male,The Democratic Republic of the Congo,Individual,2014-01-02
103626,57,Male,Kenya,Small Business,2014-08-06
103627,58,Male,El Salvador,NGO,2014-08-11
103628,30,Male,Philippines,Individual,2014-03-24
103629,62,Female,Philippines,Individual,2016-10-17
103630,61,Male,Guatemala,Individual,2014-03-03
103631,42,Male,Kenya,Individual,2016-01-17
103632,46,Female,Kenya,NGO,2016-05-07
103633,19,Female,Philippines,Individual,2015-10-23
103634,58,Male,Madagascar,Individual,2014-05-17
103635,68,Male,Honduras,Individual,2016-01-15
103636,43,Male,Yemen,Individual,2014-12-05
103637,46,Female,Indonesia,NGO,2015-02-23
103638,44,Male,Jordan,Individual,2014-09-15
103639,22,Male,Cambodia,Individual,2016-03-14
103640,50,Male,Philippines,Corporate,2015-08-18
103641,56,Male,Kenya,Individual,2014-06-09
103642,67,Male,Kenya,Individual,2015-02-22
103643,67,Male,Bolivia,Individual,2016-03-24
103644,44,Female,Philippines,Corporate,2016-08-18
103645,68,Female,Philippines,Individual,2016-08-20
103646,46,Female,Ecuador,Individual,2014-05-19
103647,52,Female,Philippines,Individual,2016-05-28
103648,49,Male,Philippines,Individual,2015-08-04
103649,70,Female,Philippines,Individual,2016-01-28
103650,57,Female,Nigeria,Individual,2015-01-31
103651,24,Female,Philippines,Individual,2015-10-30
103652,21,Female,Philippines,Individual,2014-09-22
103653,39,Male,Philippines,Individual,2015-06-19
103654,45,Male,Mali,Individual,2014-08-20
103655,53,Male,Philippines,Individual,2015-02-10
103656,43,Male,Philippines,Small Business,2015-02-23
103657,45,Male,Jordan,Individual,2016-06-05
103658,66,Male,Mexico,NGO,2015-10-06
103659,35,Male,Philippines,NGO,2015-10-26
103660,44,Female,Kenya,Corporate,2014-10-19
103661,47,Female,Philippines,Individual,2015-03-22
103662,42,Female,Bolivia,Individual,2015-04-30
103663,69,Male,Kenya,Individual,2016-03-15
103664,68,Female,Yemen,Individual,2014-07-10
103665,45,Female,Samoa,Individual,2014-02-25
103666,41,Female,Colombia,Individual,2015-06-02
103667,49,Female,Philippines,Individual,2016-04-13
103668,27,Male,Togo,Small Business,2016-01-22
103669,40,Male,Bolivia,Individual,2016-04-10
103670,29,Female,Guatemala,NGO,2015-02-08
103671,25,Other,Philippines,Small Business,2014-08-23
103672,23,Male,Vietnam,Individual,2015-11-08
103673,49,Male,Lebanon,Individual,2014-02-09
103674,18,Male,Haiti,Individual,2016-07-06
103675,52,Male,Colombia,NGO,2016-01-02
103676,40,Other,Peru,Small Business,2015-06-01
103677,37,Female,Uganda,Individual,2014-07-25
103678,58,Male,Vietnam,Individual,2014-09-14
103679,46,Male,Liberia,Individual,2016-10-17
103680,56,Male,Colombia,NGO,2014-01-10
103681,55,Male,Philippines,NGO,2014-12-23
103682,19,Female,Philippines,Small Business,2014-08-24
103683,29,Female,Tajikistan,Individual,2015-11-25
103684,48,Female,Tanzania,Individual,2014-02-13
103685,69,Male,Philippines,Individual,2016-03-15
103686,26,Female,El Salvador,Individual,2016-03-12
103687,23,Female,Georgia,Individual,2014-08-24
103688,67,Male,Peru,Small Business,2015-08-17
103689,69,Female,Philippines,Corporate,2015-11-20
103690,26,Female,El Salvador,Individual,2016-05-19
103691,39,Female,El Salvador,Individual,2016-01-21
103692,51,Male,Philippines,Individual,2016-09-13
103693,28,Male,Paraguay,Corporate,2014-04-30
103694,35,Female,Colombia,Small Business,2015-09-18
103695,38,Male,Nicaragua,Individual,2016-03-02
103696,52,Male,Tajikistan,Individual,2014-08-26
103697,34,Female,Philippines,Individual,2014-08-13
103698,39,Male,Philippines,Individual,2014-04-06
103699,33,Male,Philippines,Individual,2016-10-06
103700,58,Other,Philippines,Individual,2016-06-06
103701,26,Female,India,Individual,2014-05-05
103702,30,Female,Philippines,Individual,2014-09-09
103703,31,Female,Ecuador,Individual,2015-04-15
103704,66,Male,Philippines,Small Business,2016-07-04
103705,68,Male,Philippines,Individual,2016-04-25
103706,44,Female,Philippines,Individual,2016-06-18
103707,26,Male,Peru,Corporate,2016-04-28
103708,58,Male,Nicaragua,Individual,2015-10-06
103709,44,Male,Lebanon,Individual,2014-10-26
103710,63,Female,Philippines,Individual,2015-09-12
103711,37,Male,Tajikistan,Small Business,2015-05-22
103712,70,Female,Honduras,Individual,2016-09-01
103713,60,Male,Kenya,Individual,2015-04-05
103714,29,Female,Philippines,Individual,2016-02-14
103715,56,Male,Philippines,Individual,2014-06-28
103716,33,Male,Philippines,Individual,2015-12-02
103717,36,Female,Sierra Leone,Individual,2015-04-11
103718,31,Female,El Salvador,Individual,2015-03-23
103719,54,Male,Peru,Individual,2016-02-13
103720,31,Male,Armenia,Individual,2015-05-12
103721,51,Male,El Salvador,Individual,2014-03-02
103722,48,Male,Nicaragua,Individual,2015-02-03
103723,57,Female,Philippines,Individual,2016-09-13
103724,70,Male,Cambodia,Small Business,2016-08-27
103725,18,Female,Philippines,Individual,2015-09-22
103726,70,Male,Kenya,Individual,2015-10-16
103727,23,Female,Kenya,Corporate,2014-09-27
103728,45,Male,Bolivia,NGO,2016-03-10
103729,36,Male,Ecuador,Individual,2015-09-07
103730,51,Male,Mali,NGO,2014-02-08
103731,56,Female,Philippines,Individual,2016-08-30
103732,63,Female,Nepal,NGO,2016-05-23
103733,39,Female,Philippines,Individual,2014-03-26
103734,67,Male,Samoa,Individual,2015-03-05
103735,35,Male,India,Corporate,2016-01-31
103736,28,Male,Colombia,Individual,2016-01-26
103737,38,Male,Uganda,Small Business,2014-06-21
103738,46,Female,Mali,Individual,2014-02-11
103739,53,Female,India,Individual,2016-10-05
103740,62,Female,Philippines,Corporate,2016-07-04
103741,29,Female,Kyrgyzstan,Individual,2016-01-27
103742,34,Male,Philippines,NGO,2015-11-08
103743,67,Male,Peru,NGO,2015-12-05
103744,41,Female,Nicaragua,Individual,2015-04-15
103745,30,Male,Rwanda,Individual,2015-12-03
103746,70,Male,Cambodia,Individual,2014-11-08
103747,41,Female,Kenya,Individual,2014-03-28
103748,70,Female,Cambodia,Individual,2014-11-16
103749,66,Female,Kenya,Individual,2014-10-29
103750,66,Male,Peru,Small Business,2014-11-08
103751,48,Female,Cambodia,Individual,2015-04-28
103752,60,Male,Honduras,Individual,2014-05-15
103753,68,Male,Kenya,Individual,2015-02-23
103754,32,Male,Philippines,Individual,2015-04-21
103755,20,Female,Cambodia,Individual,2014-07-13
103756,35,Female,Philippines,Individual,2015-04-10
103757,51,Female,Philippines,Individual,2015-02-27
103758,47,Male,El Salvador,Individual,2014-01-04
103759,22,Female,Cambodia,Small Business,2015-12-22
103760,47,Male,Kenya,Small Business,2015-08-16
103761,27,Female,Pakistan,Individual,2015-03-07
103762,44,Male,Mexico,NGO,2014-01-24
103763,48,Male,Pakistan,Corporate,2014-04-02
103764,51,Female,Kenya,Individual,2014-03-23
103765,39,Male,Philippines,Corporate,2016-05-23
103766,39,Female,Philippines,Individual,2014-11-13
103767,53,Male,Pakistan,Individual,2015-03-12
103768,57,Female,Nigeria,Individual,2015-12-15
103769,60,Male,Philippines,Small Business,2015-11-03
103770,35,Male,Philippines,NGO,2014-03-08
103771,40,Male,Kenya,Corporate,2016-08-10
103772,35,Male,Kenya,Corporate,2014-09-29
103773,45,Female,Haiti,Individual,2016-02-26
103774,24,Male,Philippines,Individual,2016-05-02
103775,40,Male,Philippines,Individual,2015-07-07
103776,28,Female,El Salvador,Individual,2014-06-16
103777,46,Male,Philippines,Individual,2015-07-13
103778,63,Female,Philippines,NGO,2014-09-08
103779,70,Female,El Salvador,Individual,2016-05-20
103780,41,Male,Kenya,Individual,2016-02-13
103781,20,Female,Philippines,Corporate,2016-04-23
103782,30,Male,Tajikistan,Small Business,2016-04-28
103783,23,Male,Peru,Individual,2014-07-03
103784,58,Male,Philippines,Individual,2014-02-01
103785,70,Female,Tanzania,Small Business,2015-10-05
103786,47,Female,Kenya,Individual,2015-09-22
103787,27,Female,Albania,Individual,2016-06-06
103788,19,Female,Yemen,Individual,2015-10-16
103789,69,Male,Uganda,Individual,2016-04-03
103790,34,Female,Philippines,Individual,2014-12-24
103791,23,Female,Samoa,Individual,2014-05-09
103792,27,Female,El Salvador,Individual,2014-02-09
103793,31,Female,Philippines,Individual,2015-03-23
103794,52,Other,Pakistan,Individual,2014-01-03
103795,65,Male,Cambodia,Individual,2015-06-16
103796,32,Female,United States,Individual,2015-02-15
103797,54,Female,Bolivia,Individual,2014-09-22
103798,21,Female,Mexico,Corporate,2015-08-29
103799,18,Male,India,Individual,2015-11-28
103800,20,Female,Nicaragua,Individual,2014-02-11
103801,66,Male,Peru,Individual,2015-05-04
103802,48,Female,Benin,Individual,2016-08-20
103803,60,Female,Haiti,Individual,2014-11-02
103804,19,Male,United States,Individual,2016-03-11
103805,19,Female,Honduras,NGO,2014-12-12
103806,62,Male,Colombia,Small Business,2014-10-06
103807,23,Female,Kenya,Individual,2016-05-27
103808,26,Female,Mexico,Individual,2015-01-01
103809,45,Male,Philippines,Corporate,2016-06-06
103810,50,Female,Philippines,Corporate,2015-11-02
103811,30,Male,El Salvador,Individual,2016-04-12
103812,41,Female,Colombia,Small Business,2016-04-14
103813,53,Female,Pakistan,NGO,2016-07-25
103814,41,Male,Philippines,Corporate,2015-07-23
103815,38,Female,Philippines,Individual,2016-09-02
103816,21,Female,Philippines,Corporate,2014-03-03
103817,41,Female,Kenya,Individual,2015-05-20
103818,60,Female,Philippines,Individual,2015-02-11
103819,51,Female,Nigeria,Individual,2014-04-10
103820,65,Female,Kenya,Individual,2016-06-13
103821,24,Male,Kenya,Small Business,2016-03-30
103822,18,Male,Kenya,Individual,2016-02-07
103823,47,Female,Peru,Individual,2015-10-12
103824,27,Male,Indonesia,Individual,2015-09-09
103825,49,Female,Philippines,Individual,2015-01-26
103826,65,Male,Kenya,Individual,2015-12-02
103827,35,Female,Nigeria,Individual,2016-09-26
103828,47,Female,Philippines,Individual,2014-09-15
103829,54,Male,Samoa,Individual,2014-12-14
103830,25,Male,Albania,Individual,2014-04-23
103831,65,Male,Tajikistan,Individual,2016-07-18
103832,28,Female,Haiti,Individual,2015-06-28
103833,60,Female,El Salvador,NGO,2015-08-31
103834,52,Male,El Salvador,Small Business,2014-10-01
103835,25,Female,Philippines,Small Business,2016-04-04
103836,56,Male,Philippines,Individual,2016-05-31
103837,28,Male,Kenya,Individual,2014-12-16
103838,49,Male,Cambodia,NGO,2016-02-21
103839,68,Male,Peru,Individual,2015-08-10
103840,68,Female,Philippines,Individual,2015-10-21
103841,64,Female,Tajikistan,Individual,2014-06-27
103842,44,Female,Philippines,Individual,2015-09-22
103843,47,Female,Kenya,Individual,2014-06-15
103844,33,Male,Philippines,Individual,2014-08-13
103845,66,Male,Nigeria,Individual,2015-01-01
103846,43,Female,Peru,Individual,2014-08-09
103847,58,Female,India,Individual,2016-07-20
103848,37,Female,Philippines,Small Business,2014-01-31
103849,57,Female,Uganda,Corporate,2016-07-15
103850,29,Female,Iraq,Individual,2014-06-08
103851,56,Female,Philippines,Individual,2016-06-10
103852,20,Female,El Salvador,Individual,2014-12-12
103853,23,Female,Philippines,Individual,2016-08-01
103854,36,Male,Philippines,NGO,2015-07-09
103855,43,Male,Cambodia,Individual,2015-05-17
103856,55,Female,Philippines,Individual,2014-05-15
103857,37,Male,Peru,Small Business,2015-03-21
103858,18,Female,Senegal,Individual,2015-07-26
103859,35,Female,Philippines,Individual,2016-10-04
103860,41,Male,Philippines,NGO,2014-09-28
103861,46,Male,Samoa,Individual,2014-03-27
103862,52,Female,Uganda,Individual,2014-09-07
103863,31,Female,Togo,NGO,2016-08-29
103864,50,Male,Kenya,Individual,2014-06-04
103865,51,Female,Tajikistan,Individual,2016-10-13
103866,59,Male,Senegal,Individual,2014-04-27
103867,45,Male,Philippines,Individual,2016-04-11
103868,60,Male,Kyrgyzstan,Individual,2015-03-02
103869,29,Female,Nicaragua,Individual,2014-02-26
103870,55,Female,Lebanon,Individual,2015-09-22
103871,20,Female,Philippines,Individual,2016-01-17
103872,23,Male,Uganda,Individual,2016-05-09
103873,63,Other,Philippines,NGO,2014-07-03
103874,43,Female,Albania,Individual,2015-09-25
103875,50,Male,Philippines,Individual,2015-08-07
103876,49,Male,Philippines,Small Business,2015-03-30
103877,54,Male,Zimbabwe,Individual,2016-07-04
103878,31,Female,Kenya,Individual,2015-03-10
103879,27,Male,Colombia,Individual,2015-01-25
103880,20,Male,Kenya,Individual,2015-06-23
103881,63,Female,Nicaragua,Corporate,2016-08-09
103882,29,Female,Philippines,Individual,2016-06-07
103883,48,Female,Uganda,NGO,2015-12-27
103884,42,Female,Peru,Individual,2014-03-25
103885,26,Male,Kenya,Individual,2014-11-05
103886,39,Female,Kenya,Individual,2014-01-16
103887,22,Male,Philippines,Individual,2014-04-08
103888,27,Male,Vietnam,Individual,2016-05-02
103889,25,Other,Philippines,Individual,2016-04-15
103890,61,Male,Kenya,Individual,2014-04-16
103891,48,Male,Kenya,NGO,2015-04-15
103892,67,Female,Uganda,NGO,2014-10-14
103893,41,Male,Vietnam,Individual,2014-03-16
103894,28,Male,Uganda,Corporate,2015-01-27
103895,50,Female,Mexico,Individual,2014-04-17
103896,67,Female,Ecuador,Individual,2016-01-25
103897,46,Female,Palestine,Individual,2016-09-17
103898,18,Male,Bolivia,Individual,2015-03-10
103899,34,Female,Philippines,Individual,2014-09-07
103900,67,Female,Lao People's Democratic Republic,Individual,2016-09-17
103901,45,Male,Guatemala,NGO,2014-06-13
103902,68,Male,Colombia,Individual,2015-11-30
103903,44,Male,Philippines,Small Business,2014-04-06
103904,18,Female,Philippines,Individual,2014-11-05
103905,64,Male,Tajikistan,Individual,2015-03-27
103906,58,Female,El Salvador,Individual,2015-01-29
103907,55,Female,Ecuador,Individual,2014-07-03
103908,69,Male,El Salvador,Individual,2016-03-07
103909,28,Female,Peru,Small Business,2015-11-21
103910,66,Male,Philippines,Individual,2015-03-23
103911,30,Male,Philippines,Individual,2015-03-06
103912,69,Female,Philippines,Small Business,2014-03-19
103913,28,Male,Rwanda,Individual,2015-11-08
103914,47,Female,Pakistan,Corporate,2014-08-24
103915,59,Female,Azerbaijan,Individual,2014-11-05
103916,22,Male,Mali,Individual,2016-05-31
103917,21,Male,Armenia,Individual,2015-10-21
103918,63,Male,Peru,Individual,2015-12-15
103919,21,Female,Rwanda,Individual,2014-09-29
103920,50,Female,Georgia,Individual,2015-05-29
103921,67,Male,Bolivia,Corporate,2014-01-15
103922,50,Female,Philippines,Small Business,2014-09-09
103923,43,Female,Paraguay,Individual,2016-03-30
103924,40,Female,Philippines,Individual,2015-05-02
103925,51,Male,Philippines,Individual,2015-10-13
103926,48,Male,Nigeria,Individual,2016-03-19
103927,44,Male,Samoa,Individual,2016-08-17
103928,26,Male,Philippines,Individual,2014-03-26
103929,53,Male,Philippines,Individual,2015-08-19
103930,57,Male,Togo,Individual,2016-10-16
103931,55,Male,Philippines,Small Business,2014-07-25
103932,21,Male,Philippines,Individual,2016-05-30
103933,55,Male,Bolivia,Small Business,2015-08-18
103934,56,Female,United States,NGO,2014-11-23
103935,27,Female,Peru,Individual,2016-03-13
103936,62,Male,Pakistan,Individual,2016-06-10
103937,45,Female,Kenya,Individual,2014-05-27
103938,43,Male,Kenya,NGO,2015-11-30
103939,56,Female,Mali,Individual,2016-08-17
103940,45,Female,United States,Individual,2015-11-14
103941,46,Female,Kenya,Individual,2015-07-15
103942,34,Female,Kenya,NGO,2014-05-24
103943,67,Female,Kenya,Individual,2015-04-07
103944,69,Female,Philippines,Small Business,2016-07-17
103945,24,Male,Kenya,Individual,2016-03-29
103946,56,Male,Philippines,Individual,2015-04-07
103947,19,Female,Guatemala,Individual,2014-11-13
103948,37,Male,Kenya,Individual,2016-04-03
103949,69,Female,Nigeria,Individual,2016-09-18
103950,27,Female,Pakistan,Individual,2014-11-04
103951,37,Male,Palestine,Small Business,2016-04-10
103952,29,Male,Albania,Small Business,2014-11-12
103953,56,Female,El Salvador,Individual,2016-04-27
103954,42,Male,Philippines,Individual,2016-09-15
103955,49,Female,Mali,Individual,2015-11-11
103956,67,Female,Philippines,Individual,2015-05-25
103957,45,Male,Philippines,Small Business,2014-11-19
103958,56,Female,Philippines,NGO,2014-03-03
103959,23,Female,Zimbabwe,NGO,2014-02-24
103960,29,Female,Philippines,Individual,2016-05-06
103961,68,Male,Cambodia,Individual,2015-11-09
103962,63,Female,Uganda,NGO,2014-08-22
103963,52,Female,Paraguay,Individual,2015-07-20
103964,38,Male,Kenya,Individual,2016-06-19
103965,28,Female,Mexico,Individual,2015-10-26
103966,63,Female,India,Small Business,2016-07-27
103967,59,Male,Uganda,Individual,2014-05-01
103968,30,Female,El Salvador,Corporate,2014-03-17
103969,49,Female,Rwanda,Individual,2015-11-15
103970,50,Female,Mali,Individual,2015-08-20
103971,43,Male,El Salvador,Individual,2015-12-07
103972,67,Female,Kenya,Small Business,2016-10-02
103973,24,Other,Philippines,Individual,2014-04-23
103974,31,Female,Philippines,Corporate,2016-08-11
103975,23,Male,Philippines,Individual,2014-03-04
103976,54,Male,Philippines,Small Business,2015-06-23
103977,52,Female,Philippines,Small Business,2016-05-02
103978,70,Male,Indonesia,Individual,2015-11-29
103979,46,Male,Kyrgyzstan,Small Business,2014-08-17
103980,25,Male,Palestine,Individual,2015-09-12
103981,41,Female,Tajikistan,Small Business,2016-07-13
103982,22,Male,Tajikistan,Small Business,2014-07-28
103983,53,Female,Philippines,Individual,2016-08-18
103984,53,Female,Nigeria,Individual,2015-11-01
103985,63,Other,Kenya,Corporate,2014-03-31
103986,36,Female,Peru,Corporate,2014-12-08
103987,34,Male,The Democratic Republic of the Congo,Individual,2016-06-02
103988,21,Female,Mexico,Corporate,2014-12-13
103989,40,Male,Philippines,Individual,2016-08-27
103990,43,Other,India,Individual,2015-03-07
103991,57,Male,Philippines,Individual,2014-12-18
103992,57,Female,Philippines,Individual,2016-05-23
103993,25,Female,Philippines,Individual,2016-03-15
103994,33,Male,Philippines,Individual,2014-09-02
103995,45,Female,Nigeria,Individual,2016-03-11
103996,35,Male,El Salvador,Individual,2014-09-15
103997,19,Male,Philippines,Small Business,2016-07-06
103998,62,Male,Benin,Small Business,2014-01-09
103999,56,Male,Peru,Corporate,2015-11-10
104000,45,Female,El Salvador,Individual,2014-06-09
104001,34,Female,Peru,NGO,2015-11-25
104002,62,Male,Peru,Individual,2016-09-29
104003,19,Female,Cambodia,Individual,2015-11-16
104004,41,Female,Tajikistan,Small Business,2015-03-21
104005,60,Female,Togo,Individual,2016-04-23
104006,68,Male,Kenya,Small Business,2014-07-20
104007,31,Female,Cambodia,Individual,2015-07-11
104008,52,Male,Philippines,Individual,2016-09-16
104009,28,Female,Indonesia,Individual,2014-12-31
104010,24,Female,Kenya,Individual,2014-01-29
104011,36,Female,Kenya,Individual,2015-03-29
104012,64,Male,Congo,Individual,2015-05-12
104013,54,Male,Colombia,Individual,2016-04-11
104014,43,Female,Philippines,Small Business,2016-04-04
104015,32,Male,Kenya,Individual,2014-12-15
104016,25,Male,El Salvador,Individual,2016-03-02
104017,32,Female,Ukraine,Individual,2014-05-28
104018,26,Female,Uganda,Individual,2014-07-14
104019,27,Male,Philippines,Individual,2015-09-12
104020,54,Male,Pakistan,Individual,2015-12-27
104021,25,Female,El Salvador,NGO,2016-04-07
104022,20,Male,Philippines,Individual,2015-09-30
104023,46,Male,Indonesia,Small Business,2014-05-12
104024,33,Male,Philippines,Individual,2015-11-24
104025,42,Male,Zimbabwe,Individual,2015-03-17
104026,25,Other,Guatemala,Individual,2014-10-01
104027,29,Male,Philippines,Individual,2014-12-14
104028,41,Male,Bolivia,Individual,2016-04-10
104029,54,Female,Honduras,Individual,2014-07-02
104030,39,Male,Colombia,Individual,2015-07-28
104031,46,Male,Colombia,Individual,2014-03-27
104032,45,Other,Philippines,Individual,2016-01-14
104033,32,Female,Philippines,Small Business,2014-06-03
104034,32,Male,Bolivia,NGO,2016-08-20
104035,40,Male,Philippines,Individual,2016-06-22
104036,19,Male,Kenya,Individual,2016-05-26
104037,54,Male,Cambodia,Individual,2014-12-24
104038,50,Female,Philippines,NGO,2016-03-12
104039,34,Female,Guatemala,Individual,2014-05-19
104040,37,Female,Lebanon,Individual,2014-10-25
104041,35,Female,Palestine,Corporate,2014-05-17
104042,52,Male,Philippines,Individual,2014-02-25
104043,58,Female,Uganda,Individual,2015-01-12
104044,23,Female,United States,NGO,2015-08-12
104045,39,Male,El Salvador,NGO,2016-06-02
104046,18,Female,Nigeria,Individual,2014-02-05
104047,41,Male,Colombia,Individual,2015-02-22
104048,31,Female,Kenya,Individual,2016-01-02
104049,35,Female,Kenya,Individual,2014-07-26
104050,42,Male,Paraguay,Individual,2016-01-26
104051,35,Female,Philippines,Individual,2015-08-08
104052,38,Male,Indonesia,Individual,2015-07-31
104053,58,Female,Colombia,Small Business,2014-05-09
104054,60,Male,Philippines,Corporate,2014-06-22
104055,18,Male,Vietnam,NGO,2016-06-17
104056,38,Male,Uganda,Individual,2016-06-16
104057,62,Female,Philippines,Individual,2015-04-09
104058,46,Male,Albania,Individual,2015-09-03
104059,28,Female,Bolivia,Individual,2015-07-10
104060,49,Male,Colombia,Individual,2015-06-12
104061,25,Male,United States,Small Business,2015-12-31
104062,19,Male,Pakistan,Individual,2015-08-05
104063,51,Male,Uganda,Individual,2014-05-09
104064,45,Female,Philippines,Individual,2014-03-27
104065,58,Male,Philippines,Corporate,2016-05-21
104066,36,Female,Uganda,Individual,2016-01-29
104067,63,Female,Uganda,Individual,2014-07-24
104068,40,Female,India,Individual,2014-03-04
104069,57,Female,Uganda,NGO,2014-08-14
104070,23,Female,Colombia,Individual,2015-08-16
104071,23,Female,Samoa,Individual,2015-08-22
104072,59,Female,Dominican Republic,Small Business,2014-06-23
104073,62,Female,Kenya,Individual,2014-06-30
104074,67,Female,Jordan,Individual,2014-08-02
104075,35,Male,Lebanon,NGO,2015-03-31
104076,19,Female,Philippines,Individual,2014-08-28
104077,69,Male,Kenya,Individual,2015-04-13
104078,49,Female,Philippines,Individual,2014-01-16
104079,31,Female,Paraguay,Individual,2016-08-17
104080,58,Female,Pakistan,Individual,2016-07-02
104081,65,Female,Cambodia,Small Business,2014-12-14
104082,33,Female,Armenia,NGO,2016-04-04
104083,58,Female,Kenya,Individual,2015-07-03
104084,59,Male,El Salvador,Small Business,2014-02-02
104085,44,Male,Tanzania,Corporate,2014-10-20
104086,51,Male,Mongolia,Individual,2014-02-28
104087,32,Male,Honduras,Small Business,2015-12-27
104088,67,Female,Philippines,Corporate,2016-03-13
104089,70,Female,Philippines,Small Business,2015-09-25
104090,69,Female,Philippines,Individual,2014-01-08
104091,57,Male,El Salvador,NGO,2014-08-31
104092,20,Female,Kenya,Individual,2015-04-26
104093,37,Male,Zimbabwe,Individual,2014-05-29
104094,41,Female,Ecuador,Individual,2014-04-21
104095,68,Other,El Salvador,Individual,2014-11-09
104096,46,Male,Kenya,Individual,2015-08-30
104097,46,Male,El Salvador,Individual,2014-04-02
104098,25,Male,Cambodia,Individual,2016-10-19
104099,60,Male,Vietnam,NGO,2015-04-16
104100,35,Male,Philippines,Individual,2014-06-26
104101,22,Male,United States,Individual,2014-01-22
104102,70,Male,Philippines,Individual,2016-09-07
104103,28,Male,Kenya,Individual,2015-09-02
104104,18,Male,Dominican Republic,Individual,2016-06-05
104105,22,Female,Philippines,Individual,2016-03-06
104106,41,Male,Philippines,Individual,2016-10-07
104107,23,Female,Nicaragua,Corporate,2016-06-30
104108,62,Male,El Salvador,Individual,2016-02-25
104109,45,Male,Philippines,Individual,2016-05-22
104110,35,Male,Philippines,NGO,2016-05-28
104111,18,Female,Philippines,Individual,2014-09-19
104112,43,Male,Peru,Individual,2015-09-02
104113,26,Female,Philippines,Individual,2016-10-07
104114,69,Male,Honduras,Individual,2016-06-07
104115,33,Other,Indonesia,Individual,2014-04-19
104116,43,Male,Philippines,Small Business,2014-04-25
104117,18,Male,Kenya,Individual,2014-07-25
104118,24,Female,Philippines,NGO,2016-01-30
104119,28,Male,Kenya,Individual,2015-02-08
104120,20,Male,Kenya,Small Business,2015-10-07
104121,56,Female,Guatemala,Individual,2014-05-24
104122,68,Male,Kenya,Individual,2014-03-03
104123,70,Male,Cambodia,Individual,2016-02-29
104124,32,Male,Ecuador,Individual,2014-10-27
104125,59,Male,Rwanda,Individual,2014-02-14
104126,44,Female,Kenya,Individual,2014-08-10
104127,20,Female,Philippines,Individual,2014-11-28
104128,22,Female,Lao People's Democratic Republic,Individual,2015-02-20
104129,47,Male,Kenya,Individual,2016-07-07
104130,40,Female,Ecuador,Individual,2014-07-23
104131,18,Female,Ecuador,Individual,2015-09-12
104132,67,Male,Peru,Individual,2014-10-09
104133,56,Female,Philippines,Individual,2015-05-26
104134,44,Female,Philippines,Individual,2014-10-31
104135,70,Female,Cambodia,Individual,2014-12-20
104136,69,Male,Peru,Individual,2015-09-07
104137,69,Male,Honduras,Corporate,2014-05-19
104138,31,Female,Vietnam,Small Business,2014-09-05
104139,64,Female,Ghana,Individual,2016-07-10
104140,44,Male,Burkina Faso,Individual,2014-11-22
104141,56,Male,Bolivia,Individual,2015-08-16
104142,63,Female,Philippines,Individual,2015-04-06
104143,26,Male,El Salvador,Individual,2014-12-30
104144,41,Male,Tajikistan,Individual,2014-02-09
104145,24,Female,Colombia,Individual,2015-03-29
104146,32,Male,Philippines,Individual,2016-10-20
104147,39,Male,Colombia,Individual,2016-08-22
104148,63,Male,Kenya,Individual,2014-11-05
104149,63,Female,Kenya,Small Business,2015-07-01
104150,38,Male,Samoa,Corporate,2014-10-22
104151,35,Female,El Salvador,Individual,2016-08-02
104152,46,Other,Peru,Small Business,2015-07-23
104153,66,Female,Pakistan,Small Business,2016-07-31
104154,69,Female,Pakistan,Individual,2016-05-25
104155,30,Female,Philippines,Individual,2014-12-02
104156,27,Male,Colombia,Small Business,2015-04-14
104157,55,Female,Kenya,Individual,2014-09-13
104158,33,Female,Paraguay,Individual,2016-05-02
104159,28,Female,Philippines,Individual,2015-08-03
104160,19,Male,Nepal,Individual,2014-08-01
104161,39,Male,Honduras,Individual,2015-05-11
104162,38,Female,El Salvador,Corporate,2016-04-21
104163,47,Male,Kenya,Individual,2015-03-10
104164,28,Female,El Salvador,Individual,2015-12-29
104165,55,Male,Bolivia,Individual,2016-10-05
104166,54,Female,Paraguay,Individual,2014-12-10
104167,42,Female,Vietnam,Small Business,2016-10-17
104168,27,Male,Sierra Leone,Individual,2015-03-01
104169,44,Male,Uganda,Individual,2015-07-30
104170,53,Female,Ecuador,Individual,2016-03-03
104171,37,Male,Uganda,Corporate,2014-03-12
104172,31,Male,Nicaragua,NGO,2015-12-20
104173,44,Female,Cambodia,Individual,2015-08-05
104174,36,Male,Honduras,Individual,2015-11-03
104175,39,Female,Philippines,Individual,2016-09-02
104176,36,Male,Philippines,NGO,2015-05-13
104177,34,Male,Kenya,Small Business,2016-08-06
104178,55,Female,Azerbaijan,Individual,2015-08-05
104179,42,Male,Peru,NGO,2014-08-10
104180,42,Male,El Salvador,Individual,2015-10-31
104181,52,Female,El Salvador,Individual,2014-07-15
104182,37,Female,Uganda,Individual,2016-07-10
104183,23,Female,Tanzania,Individual,2014-06-06
104184,63,Female,Albania,Individual,2015-05-27
104185,20,Male,Palestine,Individual,2016-04-19
104186,48,Male,Palestine,Small Business,2014-01-10
104187,32,Female,Philippines,Corporate,2015-05-18
104188,29,Female,Kenya,Individual,2015-06-04
104189,20,Female,Colombia,Individual,2015-11-21
104190,65,Male,Paraguay,Small Business,2014-11-30
104191,40,Male,Philippines,Individual,2015-01-19
104192,36,Male,Mali,Small Business,2014-10-10
104193,57,Female,Philippines,Individual,2015-10-02
104194,20,Female,Kenya,Individual,2016-06-23
104195,47,Male,Kenya,NGO,2014-07-02
104196,44,Male,United States,Individual,2015-02-25
104197,47,Male,India,Individual,2014-08-20
104198,24,Male,Peru,Individual,2014-09-08
104199,68,Female,Rwanda,Small Business,2016-09-22
104200,30,Female,Lebanon,NGO,2015-12-29
104201,53,Male,El Salvador,Individual,2016-08-25
104202,57,Female,Honduras,Individual,2015-10-14
104203,36,Other,Philippines,Individual,2015-11-15
104204,24,Male,Peru,Individual,2016-01-04
104205,33,Male,Philippines,Individual,2015-11-01
104206,60,Female,Uganda,Individual,2016-04-22
104207,66,Male,Peru,Individual,2014-12-01
104208,67,Female,Philippines,Individual,2014-04-15
104209,29,Female,Cambodia,Individual,2015-05-16
104210,50,Male,Paraguay,Individual,2014-01-03
104211,26,Male,Tajikistan,Individual,2014-02-18
104212,55,Female,Philippines,Individual,2014-02-22
104213,40,Male,Philippines,Individual,2014-03-21
104214,55,Female,Kenya,Individual,2015-12-26
104215,54,Female,Palestine,Individual,2015-09-05
104216,70,Female,Tanzania,Individual,2016-08-15
104217,43,Female,Kenya,Individual,2014-10-25
104218,36,Female,Bolivia,Individual,2014-12-06
104219,45,Female,Colombia,Individual,2015-05-18
104220,26,Male,Burundi,Individual,2016-03-11
104221,23,Male,Philippines,Individual,2016-08-11
104222,45,Male,Pakistan,Individual,2016-01-18
104223,61,Male,Colombia,Individual,2015-06-04
104224,46,Male,Kenya,Individual,2016-09-29
104225,59,Male,Philippines,Small Business,2014-07-06
104226,27,Male,Philippines,Individual,2015-04-28
104227,41,Male,Uganda,NGO,2014-09-11
104228,50,Male,Nigeria,Individual,2014-06-20
104229,36,Female,Vietnam,NGO,2015-02-11
104230,18,Female,Philippines,Small Business,2016-02-24
104231,21,Female,Indonesia,Individual,2014-11-25
104232,67,Female,El Salvador,Individual,2016-04-18
104233,50,Female,Costa Rica,Individual,2015-09-19
104234,32,Female,Philippines,Individual,2015-12-26
104235,31,Male,Palestine,Individual,2014-09-07
104236,20,Other,Jordan,Corporate,2016-06-03
104237,68,Male,Rwanda,Individual,2014-07-29
104238,23,Female,Lebanon,Corporate,2015-01-16
104239,58,Female,El Salvador,NGO,2016-03-13
104240,30,Male,Vietnam,Small Business,2015-12-09
104241,35,Female,Colombia,Small Business,2014-11-04
104242,32,Male,Uganda,Individual,2014-09-28
104243,61,Male,Dominican Republic,NGO,2015-03-20
104244,19,Male,Kenya,Individual,2015-04-03
104245,36,Male,El Salvador,Individual,2014-03-03
104246,32,Male,Jordan,Individual,2014-09-06
104247,32,Female,Kenya,Individual,2014-06-08
104248,28,Female,Philippines,Corporate,2014-06-08
104249,66,Male,Kenya,Individual,2014-12-29
104250,38,Female,Armenia,Individual,2014-02-07
104251,40,Male,Indonesia,Individual,2015-11-25
104252,38,Male,Philippines,Individual,2015-11-20
104253,69,Female,Tajikistan,Individual,2014-08-15
104254,35,Female,Pakistan,Individual,2016-06-15
104255,36,Male,Ecuador,Individual,2015-09-01
104256,35,Male,Ecuador,Individual,2014-11-19
104257,35,Female,Haiti,Individual,2014-07-19
104258,22,Female,Kenya,Individual,2015-03-17
104259,50,Male,Kenya,Individual,2016-09-10
104260,19,Male,Colombia,NGO,2014-01-05
104261,29,Male,Uganda,NGO,2014-01-22
104262,28,Female,Cambodia,Small Business,2015-02-28
104263,33,Female,Philippines,Individual,2016-07-30
104264,58,Female,Philippines,Individual,2014-10-16
104265,49,Male,Timor-Leste,NGO,2015-08-12
104266,70,Female,Philippines,Corporate,2014-07-24
104267,36,Female,Colombia,Individual,2016-07-19
104268,67,Male,Mali,Individual,2014-06-17
104269,20,Female,Philippines,Individual,2015-06-03
104270,44,Male,Philippines,Individual,2015-11-11
104271,60,Male,El Salvador,Corporate,2015-11-24
104272,46,Female,Peru,NGO,2016-05-25
104273,67,Male,Kenya,Corporate,2015-12-24
104274,34,Other,Nicaragua,Individual,2015-11-05
104275,19,Female,Philippines,Individual,2014-06-06
104276,59,Male,Philippines,NGO,2014-11-11
104277,21,Male,Philippines,Individual,2014-12-22
104278,58,Female,Kenya,Individual,2015-01-16
104279,56,Male,El Salvador,Individual,2014-04-27
104280,62,Female,Mozambique,Individual,2014-04-08
104281,43,Male,Philippines,Individual,2015-03-28
104282,65,Male,Peru,NGO,2016-01-11
104283,27,Female,Colombia,Individual,2016-06-28
104284,41,Male,Nigeria,Individual,2016-08-21
104285,24,Female,Nicaragua,Individual,2015-05-08
104286,58,Female,Philippines,Individual,2016-07-09
104287,55,Male,Nicaragua,Individual,2015-04-13
104288,60,Female,Kenya,Individual,2015-05-01
104289,58,Female,Honduras,Small Business,2014-08-03
104290,34,Female,Philippines,Individual,2015-10-06
104291,21,Male,Bolivia,Individual,2014-11-15
104292,67,Male,Tajikistan,Individual,2015-05-13
104293,44,Female,Paraguay,Individual,2016-08-17
104294,23,Female,Philippines,Individual,2015-07-15
104295,67,Female,Ecuador,Individual,2014-11-07
104296,70,Female,India,Individual,2015-11-19
104297,41,Female,Cambodia,Individual,2016-01-20
104298,58,Male,Kenya,Individual,2015-09-14
104299,19,Female,Philippines,Individual,2014-02-13
104300,22,Male,Kenya,Individual,2014-08-21
104301,32,Male,Armenia,Individual,2014-05-12
104302,52,Female,El Salvador,Individual,2016-09-06
104303,25,Female,Vietnam,Individual,2014-11-16
104304,19,Male,India,Small Business,2015-05-02
104305,53,Female,Ecuador,Individual,2016-07-12
104306,58,Female,Ecuador,NGO,2016-10-12
104307,57,Female,Tajikistan,Individual,2014-08-14
104308,60,Female,Peru,Individual,2016-05-30
104309,60,Male,Philippines,Individual,2016-01-15
104310,49,Female,Palestine,Individual,2015-09-22
104311,45,Male,Costa Rica,NGO,2014-06-22
104312,63,Male,Cambodia,NGO,2015-12-10
104313,36,Male,Timor-Leste,NGO,2015-09-21
104314,23,Male,Solomon Islands,Individual,2015-04-03
104315,57,Female,Cambodia,NGO,2015-08-25
104316,32,Male,Bolivia,Individual,2014-08-05
104317,69,Female,Nicaragua,NGO,2015-09-30
104318,39,Male,Kenya,Individual,2014-06-07
104319,63,Male,Philippines,NGO,2014-10-21
104320,20,Female,Uganda,Individual,2015-05-23
104321,52,Female,Guatemala,Individual,2014-06-16
104322,41,Female,Kenya,Corporate,2016-07-25
104323,42,Female,Guatemala,Individual,2016-06-27
104324,32,Male,Paraguay,NGO,2015-05-02
104325,69,Female,Nigeria,Individual,2015-08-07
104326,38,Female,Kenya,Individual,2014-10-27
104327,63,Male,Cambodia,Individual,2014-08-06
104328,40,Female,Philippines,Individual,2016-09-11
104329,20,Female,Kenya,Small Business,2015-02-28
104330,64,Female,Philippines,Individual,2016-09-03
104331,27,Female,Philippines,Individual,2014-03-11
104332,32,Female,Philippines,Individual,2014-04-20
104333,63,Male,Colombia,Individual,2015-05-03
104334,65,Other,Uganda,Small Business,2016-03-12
104335,66,Male,Kenya,NGO,2015-03-11
104336,40,Male,Indonesia,Individual,2016-05-10
104337,58,Male,Peru,Individual,2014-05-17
104338,35,Female,Senegal,Individual,2016-05-27
104339,57,Other,Nicaragua,Individual,2015-04-01
104340,44,Female,Philippines,NGO,2014-10-20
104341,20,Female,Ghana,Individual,2015-10-18
104342,40,Other,Indonesia,Individual,2016-03-08
104343,42,Female,Nicaragua,Individual,2016-08-09
104344,31,Male,Peru,Individual,2014-04-01
104345,37,Female,Uganda,Small Business,2015-12-22
104346,44,Male,Cambodia,Individual,2014-11-19
104347,20,Male,Armenia,Individual,2015-05-31
104348,26,Male,Peru,Individual,2015-04-19
104349,58,Male,Philippines,Individual,2016-02-29
104350,36,Female,Philippines,Individual,2015-02-13
104351,50,Other,Philippines,Small Business,2014-10-15
104352,47,Male,Kenya,Individual,2015-05-15
104353,47,Female,El Salvador,Individual,2015-11-17
104354,39,Male,Sierra Leone,Individual,2016-05-17
104355,43,Male,Kenya,Small Business,2014-01-06
104356,61,Male,Kenya,Individual,2015-08-06
104357,69,Male,Philippines,Individual,2014-03-16
104358,31,Male,Pakistan,Small Business,2015-09-28
104359,53,Male,Tajikistan,Individual,2015-10-02
104360,69,Male,Peru,Small Business,2016-05-26
104361,18,Male,The Democratic Republic of the Congo,Small Business,2014-07-17
104362,59,Female,South Africa,NGO,2016-03-25
104363,44,Male,Palestine,Individual,2015-12-07
104364,69,Male,Lebanon,Individual,2015-11-13
104365,48,Female,El Salvador,NGO,2015-10-15
104366,62,Male,Colombia,Individual,2015-07-18
104367,26,Female,Kenya,Individual,2014-03-07
104368,25,Male,Guatemala,Individual,2016-04-13
104369,67,Female,Philippines,Individual,2015-02-07
104370,45,Female,Philippines,Individual,2014-04-18
104371,47,Female,Philippines,Corporate,2015-09-21
104372,27,Female,Tajikistan,Individual,2016-08-28
104373,30,Male,Nigeria,Individual,2016-01-02
104374,61,Male,Philippines,Corporate,2014-09-10
104375,34,Male,Peru,Individual,2016-04-16
104376,48,Female,El Salvador,Individual,2016-05-17
104377,34,Male,Guatemala,Individual,2014-12-05
104378,31,Male,Philippines,Individual,2015-06-20
104379,26,Female,Philippines,Individual,2016-05-07
104380,67,Male,Tajikistan,Individual,2014-06-11
104381,67,Male,Colombia,Individual,2014-12-30
104382,24,Female,Samoa,Individual,2015-04-13
104383,36,Male,Colombia,Individual,2014-01-08
104384,47,Female,Mozambique,Individual,2014-06-21
104385,38,Female,Kenya,Individual,2015-09-18
104386,56,Female,El Salvador,Individual,2014-09-28
104387,31,Male,Lao People's Democratic Republic,Individual,2014-09-05
104388,21,Male,Philippines,NGO,2014-10-31
104389,35,Female,Kyrgyzstan,Individual,2014-05-08
104390,49,Female,Philippines,Small Business,2015-10-15
104391,27,Female,Cambodia,Individual,2014-09-23
104392,61,Male,Philippines,Individual,2015-10-30
104393,18,Male,Colombia,Individual,2016-04-28
104394,21,Male,Kyrgyzstan,Individual,2015-05-06
104395,44,Male,Philippines,Individual,2016-07-25
104396,45,Male,Philippines,Small Business,2014-07-21
104397,33,Female,Kenya,Small Business,2016-09-12
104398,31,Male,Kenya,Corporate,2014-11-27
104399,21,Female,El Salvador,NGO,2014-11-07
104400,53,Female,The Democratic Republic of the Congo,Individual,2016-09-30
104401,38,Male,Philippines,Individual,2015-04-13
104402,24,Female,Uganda,Individual,2016-02-05
104403,39,Female,Uganda,Individual,2016-04-02
104404,67,Male,Kenya,NGO,2015-04-05
104405,31,Male,Kenya,Individual,2014-11-23
104406,65,Female,Vietnam,Individual,2015-05-19
104407,31,Female,Tajikistan,Individual,2015-01-30
104408,27,Female,Lebanon,NGO,2015-03-03
104409,31,Other,El Salvador,Individual,2014-09-01
104410,35,Male,Tajikistan,Small Business,2016-07-26
104411,24,Female,Sierra Leone,Individual,2015-08-10
104412,49,Female,United States,Individual,2016-03-27
104413,35,Female,Liberia,Individual,2015-11-07
104414,56,Female,Kenya,Small Business,2014-12-28
104415,44,Female,Ukraine,Small Business,2014-11-23
104416,41,Female,Rwanda,Individual,2016-10-03
104417,42,Male,Kyrgyzstan,Individual,2014-01-26
104418,26,Female,Ecuador,Individual,2014-10-30
104419,55,Male,Turkey,Individual,2015-07-14
104420,23,Female,Uganda,Individual,2015-09-24
104421,56,Female,India,Individual,2014-01-23
104422,70,Female,Nigeria,Individual,2014-08-13
104423,58,Male,India,Small Business,2015-09-07
104424,42,Female,Mali,Small Business,2014-11-19
104425,34,Male,Philippines,Small Business,2015-04-28
104426,64,Male,Kenya,Corporate,2016-09-07
104427,31,Male,El Salvador,Corporate,2015-10-08
104428,43,Female,Mali,Individual,2014-07-21
104429,58,Male,Bolivia,Individual,2015-09-03
104430,66,Other,Samoa,Individual,2016-09-10
104431,66,Male,Guatemala,NGO,2015-10-18
104432,22,Female,Colombia,Individual,2016-03-15
104433,65,Female,Philippines,Individual,2016-09-04
104434,24,Female,Nicaragua,Individual,2016-07-12
104435,48,Female,Sierra Leone,Individual,2014-12-15
104436,67,Female,Nicaragua,Individual,2014-10-31
104437,52,Female,Zimbabwe,Small Business,2014-10-16
104438,68,Female,Brazil,Individual,2016-02-29
104439,36,Male,El Salvador,NGO,2015-01-22
104440,34,Male,Bolivia,Individual,2016-03-31
104441,35,Female,Pakistan,NGO,2015-11-14
104442,36,Female,Uganda,Individual,2014-05-05
104443,54,Female,Kenya,Individual,2015-12-31
104444,41,Female,Kenya,Corporate,2014-08-01
104445,57,Male,Philippines,NGO,2015-07-21
104446,40,Female,Nicaragua,NGO,2014-08-23
104447,34,Female,Philippines,NGO,2014-03-06
104448,28,Female,Uganda,Individual,2015-10-15
104449,47,Female,Peru,Individual,2015-04-08
104450,65,Female,Uganda,Individual,2015-10-20
104451,63,Female,Indonesia,NGO,2015-05-18
104452,31,Female,Uganda,Small Business,2015-01-17
104453,43,Male,Philippines,Corporate,2014-01-17
104454,55,Female,Cameroon,NGO,2014-10-11
104455,50,Female,Palestine,Individual,2016-06-21
104456,21,Male,Paraguay,Individual,2016-02-13
104457,49,Male,Mali,Individual,2015-04-21
104458,20,Female,Philippines,Individual,2014-02-03
104459,24,Male,Armenia,Small Business,2016-10-06
104460,52,Female,Philippines,Individual,2016-01-27
104461,23,Male,Cambodia,NGO,2014-01-24
104462,35,Male,Philippines,Individual,2014-08-04
104463,49,Female,Mali,Individual,2014-06-24
104464,52,Male,Kenya,NGO,2016-07-13
104465,41,Male,Kenya,Individual,2016-09-04
104466,22,Female,Philippines,Small Business,2015-03-01
104467,60,Female,Bolivia,Individual,2014-07-02
104468,68,Male,Kenya,Individual,2015-10-21
104469,65,Female,Peru,Individual,2014-10-07
104470,57,Female,Kenya,Individual,2014-05-05
104471,39,Female,Honduras,Small Business,2014-09-23
104472,64,Male,Philippines,Corporate,2014-09-18
104473,43,Male,Georgia,NGO,2014-02-25
104474,25,Female,Kenya,Individual,2015-12-19
104475,63,Female,Philippines,Corporate,2014-12-28
104476,34,Male,Kenya,Individual,2015-07-19
104477,67,Female,Philippines,Individual,2015-07-19
104478,37,Male,Cambodia,Small Business,2016-02-29
104479,64,Female,Kenya,NGO,2016-02-21
104480,46,Female,Togo,Corporate,2015-08-01
104481,42,Female,Peru,Small Business,2016-05-08
104482,33,Female,Philippines,Individual,2015-08-07
104483,62,Male,Uganda,Individual,2014-01-28
104484,21,Female,Philippines,Individual,2016-05-29
104485,42,Male,Philippines,Individual,2016-02-28
104486,37,Female,Kenya,Individual,2015-03-12
104487,46,Female,Philippines,Individual,2015-02-01
104488,31,Male,Philippines,Individual,2016-07-06
104489,53,Male,Georgia,Individual,2015-03-13
104490,38,Male,Paraguay,Small Business,2015-01-17
104491,27,Male,Senegal,Individual,2016-01-21
104492,28,Male,Kenya,Individual,2014-12-03
104493,54,Female,Indonesia,Individual,2015-02-19
104494,31,Female,El Salvador,Individual,2016-03-09
104495,34,Female,Philippines,Individual,2014-08-18
104496,51,Female,Lebanon,Individual,2014-01-13
104497,35,Female,Philippines,Corporate,2014-12-12
104498,38,Male,El Salvador,Small Business,2014-06-26
104499,30,Female,Rwanda,Individual,2015-01-06
104500,36,Female,Tajikistan,Individual,2014-03-16
104501,54,Female,Peru,Individual,2015-08-28
104502,46,Female,El Salvador,Individual,2015-06-09
104503,70,Female,Philippines,Individual,2014-10-07
104504,58,Female,Zambia,Corporate,2015-10-06
104505,18,Female,Philippines,Individual,2014-05-29
104506,38,Male,Kenya,Individual,2014-01-12
104507,33,Female,Kenya,Small Business,2015-05-04
104508,49,Male,Jordan,Individual,2014-06-15
104509,32,Male,Armenia,Individual,2016-05-27
104510,69,Female,Uganda,Individual,2014-11-07
104511,33,Male,The Democratic Republic of the Congo,Individual,2015-03-16
104512,45,Other,Philippines,Individual,2014-10-29
104513,24,Male,Sierra Leone,Corporate,2015-03-21
104514,66,Female,Philippines,Individual,2014-04-10
104515,66,Male,El Salvador,Small Business,2016-08-14
104516,60,Female,Philippines,Individual,2014-06-27
104517,36,Male,Brazil,Small Business,2015-02-10
104518,21,Male,Ghana,Individual,2016-05-17
104519,55,Male,Colombia,Individual,2015-03-14
104520,40,Female,Philippines,Individual,2015-12-19
104521,70,Other,Kenya,Individual,2014-03-12
104522,55,Other,Uganda,Individual,2014-10-31
104523,46,Male,Kenya,Individual,2016-02-18
104524,70,Female,Philippines,Small Business,2014-09-28
104525,60,Male,Paraguay,Individual,2015-03-01
104526,42,Female,Tajikistan,Individual,2014-03-24
104527,18,Female,Jordan,NGO,2015-06-02
104528,22,Male,Cambodia,Individual,2014-12-24
104529,41,Female,Kenya,Individual,2016-05-31
104530,47,Female,Peru,Small Business,2015-02-13
104531,19,Male,Philippines,Small Business,2016-04-27
104532,24,Male,Tajikistan,Individual,2016-07-15
104533,55,Male,Armenia,Individual,2016-05-09
104534,57,Male,Philippines,Individual,2016-02-01
104535,19,Male,Kenya,Individual,2015-08-22
104536,44,Female,Tanzania,Small Business,2015-05-07
104537,22,Male,Peru,Corporate,2014-03-25
104538,56,Female,Peru,Individual,2014-05-19
104539,62,Female,Bolivia,Individual,2015-01-25
104540,64,Female,Colombia,Small Business,2015-11-04
104541,49,Female,Philippines,Individual,2014-01-06
104542,51,Male,Lebanon,Small Business,2016-08-17
104543,67,Male,Senegal,Individual,2016-10-14
104544,50,Male,Philippines,Individual,2014-03-22
104545,41,Female,Philippines,Individual,2014-04-10
104546,57,Female,Vietnam,Corporate,2016-05-19
104547,49,Male,Tajikistan,Individual,2014-07-25
104548,62,Male,El Salvador,NGO,2014-07-04
104549,45,Female,Pakistan,Individual,2014-07-12
104550,64,Male,Vietnam,Individual,2015-12-20
104551,20,Other,Peru,Individual,2014-05-17
104552,19,Male,Philippines,Individual,2014-07-08
104553,23,Male,Philippines,Individual,2015-02-12
104554,47,Male,Uganda,Individual,2015-09-07
104555,55,Male,Senegal,Individual,2016-10-11
104556,29,Male,Pakistan,Individual,2014-09-01
104557,26,Female,El Salvador,Small Business,2014-09-19
104558,63,Male,Jordan,NGO,2015-07-10
104559,57,Female,El Salvador,Individual,2015-03-05
104560,52,Male,Peru,Individual,2015-09-08
104561,43,Male,Philippines,Corporate,2014-09-10
104562,40,Male,India,Individual,2015-09-26
104563,19,Male,Vietnam,Small Business,2016-08-06
104564,27,Male,Kyrgyzstan,Individual,2015-12-01
104565,65,Male,Kenya,NGO,2016-01-24
104566,35,Female,Uganda,Individual,2014-03-13
104567,55,Female,Philippines,Individual,2016-07-13
104568,55,Female,Costa Rica,Individual,2015-10-05
104569,34,Male,Philippines,Individual,2014-06-08
104570,28,Female,Nicaragua,Individual,2015-07-22
104571,54,Female,Vietnam,Corporate,2015-11-25
104572,22,Male,Philippines,Individual,2015-10-02
104573,44,Male,El Salvador,Individual,2014-05-08
104574,65,Female,Philippines,Individual,2014-02-12
104575,55,Female,Pakistan,Individual,2015-05-07
104576,58,Male,Myanmar (Burma),Individual,2016-01-05
104577,22,Male,Uganda,Individual,2015-02-01
104578,28,Other,Malawi,Small Business,2015-12-06
104579,32,Male,Philippines,Small Business,2016-09-18
104580,33,Female,El Salvador,Individual,2016-06-30
104581,28,Female,Jordan,Small Business,2015-10-09
104582,69,Female,Mexico,Individual,2016-01-17
104583,26,Female,Kenya,Individual,2014-04-01
104584,55,Male,Ecuador,NGO,2014-03-29
104585,49,Female,Togo,NGO,2015-12-20
104586,50,Female,Armenia,Individual,2016-03-31
104587,29,Female,Nicaragua,Individual,2014-07-19
104588,34,Male,Philippines,Individual,2015-08-31
104589,50,Male,Philippines,Individual,2014-10-21
104590,33,Male,Tajikistan,Individual,2014-04-22
104591,54,Male,Peru,Individual,2015-01-24
104592,20,Female,Kenya,NGO,2015-04-05
104593,21,Female,Kenya,Individual,2016-03-06
104594,56,Female,El Salvador,Individual,2016-06-04
104595,50,Female,Cambodia,NGO,2016-08-25
104596,20,Male,El Salvador,Small Business,2014-04-18
104597,65,Male,El Salvador,Individual,2016-08-05
104598,18,Male,Philippines,Individual,2015-06-15
104599,68,Male,Tanzania,NGO,2014-06-25
104600,56,Male,Tajikistan,Corporate,2015-10-26
104601,70,Male,Philippines,Individual,2014-03-04
104602,68,Male,Uganda,Individual,2015-04-19
104603,34,Female,El Salvador,NGO,2016-04-28
104604,58,Male,Colombia,Corporate,2016-09-22
104605,29,Male,Tajikistan,Individual,2014-10-23
104606,42,Male,Nicaragua,Individual,2014-06-29
104607,30,Female,Nigeria,NGO,2015-08-21
104608,43,Female,Philippines,Individual,2014-06-11
104609,64,Male,Kenya,Individual,2016-09-29
104610,41,Male,Philippines,Individual,2014-12-03
104611,22,Female,Uganda,Individual,2014-07-11
104612,35,Female,Uganda,Small Business,2014-09-02
104613,59,Female,India,Individual,2015-01-20
104614,45,Female,Philippines,Small Business,2016-01-30
104615,47,Female,Nicaragua,Individual,2016-06-07
104616,40,Female,Kenya,Small Business,2016-01-25
104617,33,Male,El Salvador,Individual,2015-10-29
104618,49,Female,Bolivia,Individual,2014-10-05
104619,51,Male,Philippines,Corporate,2016-08-18
104620,65,Female,Kenya,Small Business,2016-10-21
104621,50,Male,El Salvador,Individual,2015-10-10
104622,70,Male,Bolivia,Individual,2016-03-13
104623,61,Female,Philippines,Individual,2014-11-08
104624,22,Female,Mozambique,Corporate,2015-04-04
104625,38,Male,Congo,Individual,2016-04-04
104626,38,Other,Rwanda,Corporate,2015-03-11
104627,18,Male,Kenya,Individual,2016-02-18
104628,27,Male,Paraguay,Individual,2016-05-31
104629,58,Female,Philippines,Individual,2016-08-14
104630,36,Male,Mexico,Individual,2014-10-27
104631,25,Male,Peru,NGO,2015-05-04
104632,33,Female,Philippines,Individual,2015-01-31
104633,32,Male,Kenya,Corporate,2015-05-31
104634,27,Male,Kyrgyzstan,Individual,2016-02-01
104635,23,Male,Tanzania,Individual,2014-11-29
104636,58,Female,Peru,NGO,2014-08-28
104637,61,Male,Cambodia,Individual,2014-10-03
104638,44,Male,Mali,Individual,2016-02-24
104639,50,Female,Samoa,Individual,2016-10-17
104640,66,Male,Armenia,Individual,2014-04-17
104641,62,Male,El Salvador,NGO,2016-09-28
104642,19,Female,Nicaragua,Individual,2014-02-03
104643,68,Female,Indonesia,Individual,2015-06-27
104644,21,Male,Philippines,Individual,2014-05-18
104645,19,Female,El Salvador,Individual,2016-09-05
104646,39,Female,Philippines,NGO,2016-02-20
104647,57,Male,El Salvador,Small Business,2015-01-01
104648,22,Female,Honduras,Individual,2015-12-05
104649,33,Female,Philippines,Individual,2016-05-20
104650,31,Female,Pakistan,Individual,2014-08-12
104651,39,Female,Philippines,NGO,2015-10-13
104652,70,Female,Zimbabwe,Individual,2014-11-04
104653,35,Other,Rwanda,Individual,2016-01-05
104654,29,Female,Peru,Individual,2016-01-06
104655,24,Female,Vietnam,Corporate,2015-10-15
104656,28,Female,Philippines,Individual,2015-10-14
104657,25,Female,Palestine,Individual,2014-03-29
104658,48,Female,Bolivia,NGO,2016-05-23
104659,40,Male,Philippines,Corporate,2014-06-26
104660,44,Male,Kosovo,Individual,2015-02-06
104661,62,Female,Philippines,Small Business,2015-06-08
104662,48,Male,Nicaragua,Individual,2016-05-20
104663,26,Female,Philippines,Individual,2015-10-07
104664,37,Female,Bolivia,Individual,2014-07-08
104665,34,Female,Philippines,Individual,2014-10-21
104666,61,Male,Philippines,Individual,2014-07-25
104667,34,Female,Cambodia,Individual,2015-08-29
104668,25,Male,Nepal,Individual,2016-01-06
104669,57,Female,Kenya,Small Business,2015-12-28
104670,40,Male,Tajikistan,Individual,2016-02-08
104671,23,Female,Peru,Individual,2015-12-21
104672,54,Female,Palestine,Individual,2016-07-13
104673,29,Female,Kenya,Individual,2016-07-17
104674,64,Female,Pakistan,Individual,2014-10-09
104675,62,Male,Mozambique,Individual,2014-11-09
104676,37,Male,Kenya,Individual,2014-02-27
104677,47,Male,Uganda,Individual,2014-10-02
104678,48,Other,Sierra Leone,Small Business,2015-06-05
104679,52,Female,Kenya,NGO,2015-11-07
104680,21,Male,El Salvador,Individual,2016-06-15
104681,35,Male,Kenya,Small Business,2015-09-01
104682,27,Male,Lebanon,Individual,2016-09-22
104683,54,Female,Yemen,Small Business,2015-07-21
104684,21,Male,Nicaragua,Individual,2016-05-28
104685,45,Male,Tajikistan,Individual,2015-05-18
104686,56,Male,El Salvador,Individual,2016-06-12
104687,68,Male,Philippines,Individual,2016-06-03
104688,33,Male,Philippines,Corporate,2014-11-17
104689,18,Male,Philippines,Individual,2014-08-08
104690,56,Female,Philippines,Individual,2014-05-05
104691,18,Female,Paraguay,Individual,2016-08-01
104692,21,Male,Philippines,Individual,2015-03-30
104693,70,Female,Philippines,Individual,2015-08-04
104694,63,Female,El Salvador,Individual,2014-10-08
104695,55,Female,Kenya,Individual,2015-02-04
104696,62,Female,Philippines,NGO,2015-02-17
104697,21,Male,Philippines,Individual,2015-08-20
104698,22,Female,Kenya,Individual,2014-06-29
104699,33,Female,Pakistan,Individual,2016-03-14
104700,19,Female,Mali,NGO,2015-02-05
104701,65,Male,United States,NGO,2014-09-04
104702,20,Male,Mali,Individual,2014-01-16
104703,46,Male,Nicaragua,Individual,2014-04-15
104704,63,Other,Jordan,Individual,2014-10-04
104705,56,Female,Peru,Individual,2016-01-22
104706,30,Male,Nicaragua,NGO,2016-05-25
104707,42,Female,El Salvador,NGO,2016-09-02
104708,47,Male,Kenya,Individual,2014-11-02
104709,58,Male,Kenya,NGO,2015-10-15
104710,40,Female,Philippines,Small Business,2014-10-03
104711,33,Female,Kyrgyzstan,Small Business,2014-05-27
104712,60,Female,Philippines,Small Business,2015-07-11
104713,64,Female,Ecuador,Individual,2015-10-22
104714,43,Female,Tanzania,Corporate,2016-02-19
104715,19,Female,Cambodia,Individual,2014-04-30
104716,44,Male,Philippines,Individual,2016-02-05
104717,65,Female,Uganda,Individual,2014-11-08
104718,70,Female,Kenya,Small Business,2014-10-13
104719,39,Male,Ukraine,Individual,2014-02-02
104720,25,Male,Nigeria,Individual,2014-07-29
104721,48,Male,Bolivia,Small Business,2015-05-15
104722,62,Male,Peru,Individual,2014-07-14
104723,68,Female,Vietnam,Individual,2014-11-26
104724,20,Male,Bolivia,Individual,2015-06-28
104725,33,Female,Philippines,Individual,2014-04-11
104726,43,Male,Philippines,Individual,2016-06-15
104727,23,Male,Philippines,Individual,2014-11-13
104728,64,Male,Peru,Individual,2016-02-17
104729,23,Male,Mexico,Corporate,2015-10-26
104730,53,Other,Tajikistan,Small Business,2016-02-09
104731,66,Male,Peru,Individual,2014-10-24
104732,54,Male,Senegal,NGO,2014-06-26
104733,58,Male,Philippines,NGO,2014-05-28
104734,31,Male,Philippines,Small Business,2014-08-24
104735,61,Female,Liberia,Individual,2015-07-13
104736,40,Female,Jordan,Individual,2015-10-02
104737,21,Male,Ecuador,Individual,2016-02-11
104738,37,Female,Kenya,Individual,2016-09-14
104739,36,Female,Burkina Faso,Individual,2016-04-30
104740,45,Female,Armenia,Individual,2015-01-02
104741,32,Female,Ecuador,Individual,2015-04-29
104742,42,Male,Philippines,Individual,2016-09-05
104743,40,Female,Peru,Individual,2015-12-30
104744,35,Female,Rwanda,Individual,2015-03-04
104745,54,Male,Indonesia,Small Business,2016-05-03
104746,34,Other,Pakistan,Individual,2014-05-20
104747,58,Female,Peru,Individual,2015-11-21
104748,31,Male,Nigeria,Individual,2016-08-30
104749,63,Female,Peru,Individual,2015-06-25
104750,37,Female,El Salvador,Small Business,2015-09-21
104751,20,Female,Philippines,Individual,2014-03-03
104752,25,Female,Philippines,NGO,2015-09-12
104753,60,Female,Armenia,Corporate,2014-10-25
104754,64,Female,Philippines,Individual,2016-10-15
104755,29,Female,Philippines,Individual,2014-11-25
104756,49,Male,Jordan,Individual,2014-11-18
104757,48,Male,Vietnam,Individual,2015-02-10
104758,25,Female,Philippines,Individual,2015-12-16
104759,41,Female,Kenya,Individual,2016-09-01
104760,54,Male,Armenia,Individual,2014-12-22
104761,69,Female,El Salvador,Individual,2014-08-03
104762,62,Female,Cambodia,Individual,2016-02-23
104763,23,Female,Uganda,Individual,2015-07-10
104764,30,Male,Philippines,Individual,2015-04-12
104765,41,Female,Bolivia,Small Business,2016-10-12
104766,25,Male,Philippines,Individual,2015-05-24
104767,48,Male,Peru,Individual,2015-09-27
104768,18,Female,Philippines,Individual,2016-10-02
104769,24,Female,Philippines,Small Business,2014-08-03
104770,20,Male,Philippines,Small Business,2016-07-13
104771,33,Female,Tanzania,Individual,2016-09-10
104772,58,Female,Philippines,Individual,2015-04-28
104773,27,Male,Kenya,Individual,2014-12-11
104774,70,Male,Philippines,Individual,2014-06-16
104775,32,Female,India,Individual,2014-02-19
104776,20,Female,Uganda,Individual,2016-10-05
104777,35,Male,Azerbaijan,Corporate,2015-03-19
104778,57,Female,Paraguay,Individual,2015-11-16
104779,23,Female,Peru,Individual,2014-09-04
104780,21,Female,Paraguay,Individual,2014-11-28
104781,63,Female,Philippines,Individual,2016-04-19
104782,49,Male,Mozambique,NGO,2015-11-04
104783,36,Male,Haiti,Corporate,2014-08-14
104784,58,Male,Kenya,Individual,2014-01-07
104785,62,Female,Nicaragua,NGO,2016-04-20
104786,37,Female,Philippines,Individual,2014-03-24
104787,47,Female,Pakistan,Individual,2014-02-07
104788,18,Male,Honduras,Individual,2014-11-05
104789,34,Female,Georgia,Individual,2016-08-09
104790,49,Male,Kenya,Individual,2015-10-23
104791,28,Male,Nigeria,Individual,2014-02-13
104792,70,Male,Bolivia,Individual,2016-07-28
104793,69,Female,Philippines,Corporate,2016-08-19
104794,31,Male,Nicaragua,Individual,2015-12-16
104795,39,Female,Paraguay,Individual,2014-03-17
104796,28,Other,Armenia,Corporate,2014-01-16
104797,44,Female,Chile,Individual,2016-06-13
104798,24,Male,Philippines,Individual,2016-04-22
104799,38,Female,Philippines,Individual,2016-05-01
104800,47,Female,Philippines,Individual,2015-05-14
104801,50,Male,Philippines,Individual,2014-06-27
104802,49,Female,Uganda,Individual,2014-02-07
104803,29,Female,Mexico,Individual,2014-08-15
104804,59,Male,Uganda,Individual,2015-09-29
104805,54,Female,Ecuador,NGO,2015-02-17
104806,57,Male,El Salvador,NGO,2015-09-26
104807,42,Male,Kenya,Individual,2015-03-28
104808,65,Female,Samoa,Corporate,2015-07-26
104809,38,Male,Paraguay,NGO,2016-09-01
104810,60,Male,Kenya,NGO,2015-10-10
104811,28,Male,Ghana,Individual,2016-09-04
104812,31,Male,Cambodia,Individual,2016-09-18
104813,45,Male,Philippines,Individual,2015-09-25
104814,47,Female,Cambodia,NGO,2016-10-16
104815,57,Male,Ecuador,Individual,2014-09-13
104816,33,Male,El Salvador,NGO,2015-06-18
104817,64,Female,Palestine,Small Business,2014-03-18
104818,35,Other,Peru,Individual,2014-04-05
104819,46,Male,Cambodia,Individual,2014-05-17
104820,67,Male,Indonesia,Corporate,2014-05-18
104821,46,Male,Cambodia,Individual,2015-02-25
104822,54,Male,El Salvador,Individual,2016-01-09
104823,66,Male,Philippines,Corporate,2016-10-07
104824,69,Female,El Salvador,Individual,2016-10-03
104825,44,Female,El Salvador,Individual,2014-07-03
104826,40,Male,Philippines,Individual,2015-03-24
104827,28,Female,Colombia,NGO,2015-03-19
104828,46,Male,Philippines,Individual,2014-04-11
104829,66,Male,Philippines,Individual,2014-02-11
104830,43,Male,Pakistan,Individual,2014-12-29
104831,36,Male,Kenya,Individual,2016-05-27
104832,23,Female,Nicaragua,Individual,2015-01-30
104833,38,Male,Nigeria,Individual,2015-01-29
104834,30,Female,Kenya,NGO,2016-10-18
104835,69,Male,Philippines,Individual,2015-01-22
104836,45,Female,Cambodia,Small Business,2015-12-05
104837,25,Female,Philippines,NGO,2016-10-02
104838,21,Female,Peru,Individual,2014-05-02
104839,63,Male,Bolivia,Individual,2015-06-08
104840,67,Female,Tajikistan,Individual,2014-12-12
104841,58,Female,Uganda,Individual,2014-05-03
104842,24,Male,Azerbaijan,Individual,2014-02-20
104843,23,Female,Philippines,Individual,2015-10-26
104844,28,Male,Togo,Individual,2015-11-01
104845,57,Male,Kyrgyzstan,Individual,2015-07-30
104846,58,Female,El Salvador,Individual,2015-11-21
104847,62,Male,Philippines,Individual,2016-01-07
104848,23,Male,Philippines,Individual,2014-03-01
104849,26,Male,Senegal,Individual,2014-02-05
104850,65,Male,Kenya,Individual,2014-12-11
104851,67,Male,Mexico,Individual,2015-08-06
104852,56,Male,Peru,Individual,2016-07-14
104853,23,Female,Cambodia,Individual,2016-09-30
104854,21,Female,Tajikistan,Individual,2016-04-27
104855,20,Female,Philippines,Individual,2014-10-26
104856,54,Male,Uganda,Corporate,2015-08-12
104857,62,Female,Georgia,Individual,2014-04-30
104858,51,Male,Kenya,Individual,2015-05-12
104859,31,Male,Senegal,Individual,2014-04-12
104860,58,Female,Nepal,NGO,2016-10-14
104861,21,Male,Philippines,Corporate,2015-04-08
104862,61,Female,Peru,Individual,2016-01-11
104863,65,Female,Philippines,Individual,2014-04-18
104864,56,Female,Tajikistan,Individual,2016-09-03
104865,64,Male,Malawi,Small Business,2015-06-22
104866,49,Male,Zimbabwe,Individual,2014-03-15
104867,42,Male,Senegal,NGO,2015-01-13
104868,35,Female,Philippines,Individual,2014-08-06
104869,66,Female,Pakistan,Individual,2014-03-13
104870,54,Female,Kenya,Individual,2014-02-02
104871,28,Male,Zimbabwe,Individual,2015-12-31
104872,68,Female,Philippines,Individual,2016-06-08
104873,21,Female,Philippines,Small Business,2015-11-08
104874,49,Female,Philippines,Individual,2015-12-13
104875,28,Female,Philippines,Individual,2014-02-08
104876,53,Male,Philippines,Small Business,2014-07-02
104877,39,Male,Philippines,NGO,2014-02-05
104878,41,Female,Tanzania,Small Business,2016-09-25
104879,53,Male,Honduras,Small Business,2016-01-27
104880,58,Male,Kenya,Individual,2016-09-06
104881,38,Male,Guatemala,NGO,2016-07-16
104882,70,Male,El Salvador,Individual,2014-08-19
104883,44,Female,Honduras,NGO,2015-06-09
104884,26,Male,Kenya,Small Business,2015-10-26
104885,18,Male,Pakistan,Individual,2016-01-30
104886,28,Female,El Salvador,Individual,2015-11-16
104887,54,Female,Philippines,Small Business,2015-04-10
104888,46,Male,Colombia,Individual,2014-01-05
104889,35,Male,Mali,Individual,2016-08-19
104890,43,Male,Mali,Corporate,2015-12-07
104891,62,Male,El Salvador,Individual,2016-05-06
104892,48,Male,Peru,Individual,2014-08-16
104893,21,Male,Armenia,Individual,2014-04-20
104894,20,Female,Philippines,Individual,2016-07-12
104895,43,Female,Philippines,Individual,2016-04-05
104896,39,Female,El Salvador,NGO,2016-05-09
104897,63,Male,Philippines,Individual,2015-03-28
104898,48,Male,El Salvador,NGO,2016-07-16
104899,58,Other,Philippines,Small Business,2014-08-19
104900,49,Female,Colombia,Individual,2016-02-16
104901,36,Female,Ecuador,NGO,2015-05-22
104902,52,Male,Guatemala,Small Business,2014-06-19
104903,50,Male,Paraguay,Individual,2016-01-06
104904,56,Female,El Salvador,Individual,2015-01-05
104905,28,Female,Timor-Leste,Individual,2014-06-13
104906,52,Male,Bolivia,Individual,2015-12-28
104907,33,Female,Peru,Individual,2016-03-01
104908,59,Female,Philippines,Individual,2014-11-28
104909,60,Female,Nicaragua,NGO,2016-09-17
104910,51,Male,Colombia,Small Business,2015-12-29
104911,68,Female,Nigeria,Small Business,2014-01-24
104912,46,Female,Honduras,Corporate,2014-12-11
104913,19,Male,Liberia,Individual,2016-09-25
104914,50,Female,Mozambique,Individual,2014-07-02
104915,59,Female,Nicaragua,Individual,2016-09-03
104916,23,Female,Costa Rica,Individual,2015-06-16
104917,23,Male,Ghana,Individual,2015-11-23
104918,32,Female,Philippines,Small Business,2015-12-05
104919,62,Male,Nicaragua,Individual,2015-06-09
104920,45,Male,Philippines,Individual,2015-06-15
104921,69,Male,Kenya,Individual,2015-08-05
104922,64,Male,Kenya,Individual,2015-10-20
104923,47,Male,Cambodia,Individual,2016-01-26
104924,53,Female,Philippines,Individual,2015-03-26
104925,35,Female,Kenya,NGO,2015-03-23
104926,22,Male,Philippines,NGO,2016-03-08
104927,39,Other,Paraguay,Individual,2016-02-15
104928,49,Male,Sierra Leone,Individual,2015-10-29
104929,27,Female,Congo,Individual,2015-04-18
104930,29,Female,Uganda,Individual,2015-08-12
104931,18,Female,Kenya,Individual,2015-08-09
104932,56,Female,United States,Individual,2015-03-23
104933,65,Female,Philippines,Individual,2014-07-03
104934,61,Male,Mongolia,Individual,2015-07-04
104935,38,Male,Vietnam,Individual,2015-03-31
104936,49,Male,Peru,Small Business,2014-02-22
104937,68,Male,Philippines,Individual,2016-09-05
104938,49,Male,Philippines,Individual,2015-11-15
104939,33,Male,Pakistan,Individual,2014-04-28
104940,35,Female,El Salvador,NGO,2014-07-29
104941,56,Female,Palestine,Individual,2015-08-09
104942,41,Female,Nicaragua,Individual,2016-05-31
104943,62,Female,Uganda,Individual,2015-05-13
104944,63,Male,Philippines,Individual,2016-04-12
104945,19,Male,Cambodia,Small Business,2014-05-12
104946,56,Female,Philippines,Individual,2015-06-26
104947,37,Female,Ecuador,Individual,2016-04-27
104948,45,Male,Tajikistan,Individual,2016-05-17
104949,32,Male,Lebanon,Individual,2014-09-04
104950,37,Female,Uganda,Individual,2015-11-19
104951,35,Male,Kenya,Individual,2014-02-11
104952,20,Male,Palestine,Individual,2014-05-26
104953,59,Male,Nigeria,Corporate,2016-07-11
104954,25,Female,Vietnam,Individual,2016-01-30
104955,37,Female,Peru,Individual,2014-08-01
104956,28,Female,Mexico,NGO,2016-10-17
104957,26,Female,Philippines,Small Business,2016-10-14
104958,37,Female,El Salvador,Individual,2014-02-12
104959,66,Male,Kyrgyzstan,Individual,2014-01-27
104960,68,Female,Philippines,Individual,2014-09-09
104961,38,Female,Lebanon,Small Business,2016-03-24
104962,44,Female,El Salvador,Individual,2015-09-05
104963,70,Male,Philippines,Corporate,2015-06-10
104964,30,Female,Philippines,Individual,2015-03-02
104965,68,Female,Palestine,Individual,2015-05-07
104966,23,Male,Honduras,Individual,2015-10-16
104967,29,Male,Kenya,Individual,2014-03-07
104968,35,Male,Philippines,Individual,2015-08-25
104969,19,Female,Kenya,Small Business,2014-08-15
104970,61,Female,Philippines,Individual,2016-03-18
104971,63,Male,India,Corporate,2014-07-20
104972,38,Female,Philippines,Individual,2014-03-15
104973,62,Male,Philippines,Individual,2015-03-22
104974,58,Male,Philippines,Individual,2015-03-28
104975,60,Male,Colombia,Individual,2015-06-16
104976,60,Female,Nigeria,Individual,2016-05-31
104977,48,Female,Paraguay,Small Business,2015-12-19
104978,23,Male,Pakistan,Individual,2015-01-07
104979,66,Male,Iraq,Individual,2016-01-15
104980,50,Female,Cambodia,Individual,2015-06-01
104981,65,Female,Indonesia,Individual,2014-08-18
104982,68,Female,Nicaragua,Individual,2014-01-23
104983,27,Female,Philippines,Individual,2014-01-05
104984,39,Female,Lebanon,Individual,2014-08-19
104985,28,Male,Colombia,NGO,2016-04-19
104986,20,Female,Paraguay,Individual,2015-04-21
104987,69,Male,Philippines,Individual,2015-04-09
104988,66,Male,Uganda,Individual,2015-02-14
104989,67,Male,Togo,Individual,2014-09-20
104990,64,Male,Philippines,Small Business,2016-01-03
104991,52,Female,Philippines,Small Business,2014-01-14
104992,45,Other,Kenya,Small Business,2015-09-20
104993,70,Female,Cambodia,Small Business,2016-08-17
104994,47,Male,Rwanda,Individual,2016-06-20
104995,52,Female,Nicaragua,Individual,2015-01-14
104996,29,Female,Liberia,Individual,2016-05-25
104997,57,Male,Uganda,NGO,2014-09-01
104998,61,Female,El Salvador,Small Business,2014-09-05
104999,53,Female,Philippines,Individual,2014-12-19
105000,44,Male,Philippines,Individual,2014-01-19
