donor_id,last_donation_date,frequency,monetary,recency,average_donation,donation_frequency_band
100001,2016-09-12,11,317.62,70,28.87,Frequent
100002,2016-07-05,4,71.5,139,17.88,Regular
100003,2016-08-03,10,413.8,110,41.38,Regular
100004,2015-09-22,4,130.81,426,32.7,Regular
100005,2016-02-21,4,111.77,274,27.94,Regular
100006,2015-06-06,6,196.15,534,32.69,Regular
100007,2016-02-09,5,118.13,286,23.63,Regular
100008,2016-10-19,8,217.37,33,27.17,Regular
100009,2016-10-26,5,101.21,26,20.24,Regular
100010,2015-06-08,3,355.08,532,118.36,Occasional
100011,2016-10-24,5,169.09,28,33.82,Regular
100012,2016-10-01,6,123.67,51,20.61,Regular
100013,2016-05-10,4,474.76,195,118.69,Regular
100014,2016-11-05,4,297.53,16,74.38,Regular
100015,2016-01-09,2,37.19,317,18.6,Occasional
100016,2016-03-16,7,273.26,250,39.04,Regular
100017,2015-09-23,5,156.37,425,31.27,Regular
100018,2016-11-17,6,150.4,4,25.07,Regular
100019,2016-08-31,5,90.29,82,18.06,Regular
100020,2016-01-12,6,144.24,314,24.04,Regular
100021,2016-09-12,9,237.24,70,26.36,Regular
100022,2016-10-07,7,195.96,45,27.99,Regular
100023,2016-07-16,5,88.92,128,17.78,Regular
100024,2015-09-29,2,135.75,419,67.88,Occasional
100025,2016-08-02,7,171.76,111,24.54,Regular
100026,2016-04-06,8,194.49,229,24.31,Regular
100027,2016-03-05,5,101.97,261,20.39,Regular
100028,2016-07-12,2,75.45,132,37.72,Occasional
100029,2016-09-12,2,93.42,70,46.71,Occasional
100030,2016-08-05,6,110.72,108,18.45,Regular
100031,2016-11-13,11,401.7,8,36.52,Frequent
100032,2016-10-30,6,307.06,22,51.18,Regular
100033,2016-08-09,5,213.0,104,42.6,Regular
100034,2016-05-01,6,206.61,204,34.44,Regular
100035,2016-03-18,7,221.06,248,31.58,Regular
100036,2016-08-20,3,215.74,93,71.91,Occasional
100037,2016-10-29,8,291.92,23,36.49,Regular
100038,2016-08-26,9,496.51,87,55.17,Regular
100039,2015-02-11,5,208.08,649,41.62,Regular
100040,2016-05-14,2,38.26,191,19.13,Occasional
100041,2016-09-28,5,196.94,54,39.39,Regular
100042,2016-10-07,6,134.79,45,22.46,Regular
100043,2016-08-06,9,270.44,107,30.05,Regular
100044,2016-02-27,6,264.23,268,44.04,Regular
100045,2015-11-08,3,134.31,379,44.77,Occasional
100046,2016-07-05,5,141.0,139,28.2,Regular
100047,2016-05-06,5,506.24,199,101.25,Regular
100048,2016-10-27,9,297.87,25,33.1,Regular
100049,2016-07-27,5,138.8,117,27.76,Regular
100050,2016-04-30,3,110.76,205,36.92,Occasional
100051,2016-08-30,10,403.73,83,40.37,Regular
100052,2016-07-20,3,142.66,124,47.55,Occasional
100053,2016-04-15,5,174.99,220,35.0,Regular
100054,2016-08-13,3,101.12,100,33.71,Occasional
100055,2016-11-18,11,511.86,3,46.53,Frequent
100056,2016-06-24,3,158.9,150,52.97,Occasional
100057,2016-02-21,8,229.9,274,28.74,Regular
100058,2016-06-19,2,28.48,155,14.24,Occasional
100059,2016-05-28,6,173.88,177,28.98,Regular
100060,2015-02-03,2,124.68,657,62.34,Occasional
100061,2016-06-10,5,135.43,164,27.09,Regular
100062,2015-12-05,5,107.71,352,21.54,Regular
100063,2016-10-27,6,224.43,25,37.4,Regular
100064,2016-10-24,6,315.28,28,52.55,Regular
100065,2016-07-11,4,203.91,133,50.98,Regular
100066,2016-09-29,6,274.22,53,45.7,Regular
100067,2016-07-27,2,15.96,117,7.98,Occasional
100068,2015-07-29,1,35.8,481,35.8,One-time
100069,2016-04-26,7,372.55,209,53.22,Regular
100070,2016-09-13,7,169.5,69,24.21,Regular
100071,2016-05-19,6,158.77,186,26.46,Regular
100072,2016-06-19,5,228.03,155,45.61,Regular
100073,2016-11-02,6,113.03,19,18.84,Regular
100074,2015-08-30,9,290.9,449,32.32,Regular
100075,2015-09-21,4,133.53,427,33.38,Regular
100076,2016-11-18,7,131.68,3,18.81,Regular
100077,2016-04-04,5,120.33,231,24.07,Regular
100078,2015-09-08,8,315.73,440,39.47,Regular
100079,2016-10-13,3,110.81,39,36.94,Occasional
100080,2015-12-22,7,151.3,335,21.61,Regular
100081,2016-10-03,10,367.5,49,36.75,Regular
100082,2016-10-26,7,210.71,26,30.1,Regular
100083,2016-06-28,5,110.07,146,22.01,Regular
100084,2016-10-16,8,211.0,36,26.38,Regular
100085,2016-03-11,9,305.51,255,33.95,Regular
100086,2016-05-22,5,189.75,183,37.95,Regular
100087,2016-10-10,8,278.34,42,34.79,Regular
100088,2015-07-19,4,87.6,491,21.9,Regular
100089,2016-11-01,5,357.8,20,71.56,Regular
100090,2015-09-24,2,32.19,424,16.1,Occasional
100091,2016-08-07,7,235.52,106,33.65,Regular
100092,2016-04-30,11,434.24,205,39.48,Frequent
100093,2016-01-12,6,297.4,314,49.57,Regular
100094,2016-10-23,4,130.2,29,32.55,Regular
100095,2016-07-19,3,84.71,125,28.24,Occasional
100096,2016-08-23,6,192.8,90,32.13,Regular
100097,2016-05-05,4,87.92,200,21.98,Regular
100098,2016-01-24,6,182.92,302,30.49,Regular
100099,2015-07-29,2,88.34,481,44.17,Occasional
100100,2016-08-05,4,136.23,108,34.06,Regular
100101,2016-09-29,4,99.81,53,24.95,Regular
100102,2016-05-28,4,186.06,177,46.52,Regular
100103,2016-08-05,9,243.51,108,27.06,Regular
100104,2016-10-13,5,190.27,39,38.05,Regular
100105,2016-03-30,7,215.5,236,30.79,Regular
100106,2016-05-08,7,226.64,197,32.38,Regular
100107,2016-05-18,9,233.44,187,25.94,Regular
100108,2016-06-13,3,112.06,161,37.35,Occasional
100109,2016-02-18,7,322.19,277,46.03,Regular
100110,2016-07-11,10,326.55,133,32.66,Regular
100111,2016-11-18,6,275.76,3,45.96,Regular
100112,2016-11-03,7,189.84,18,27.12,Regular
100113,2016-04-23,3,115.17,212,38.39,Occasional
100114,2016-09-13,7,197.12,69,28.16,Regular
100115,2016-11-06,10,498.53,15,49.85,Regular
100116,2016-11-18,8,152.06,3,19.01,Regular
100117,2016-08-18,4,133.94,95,33.48,Regular
100118,2016-07-19,9,270.04,125,30.0,Regular
100119,2016-10-28,10,233.98,24,23.4,Regular
100120,2016-06-06,7,305.06,168,43.58,Regular
100121,2016-10-01,6,113.52,51,18.92,Regular
100122,2016-10-12,7,252.0,40,36.0,Regular
100123,2016-10-10,8,328.31,42,41.04,Regular
100124,2016-04-09,6,221.78,226,36.96,Regular
100125,2016-10-21,7,248.85,31,35.55,Regular
100126,2016-09-09,5,147.9,73,29.58,Regular
100127,2016-06-21,5,162.45,153,32.49,Regular
100128,2016-09-02,5,108.38,80,21.68,Regular
100129,2016-11-13,8,408.37,8,51.05,Regular
100130,2016-08-11,4,265.94,102,66.48,Regular
100131,2014-12-03,4,49.6,719,12.4,Regular
100132,2016-02-23,4,145.34,272,36.34,Regular
100133,2016-06-27,3,104.36,147,34.79,Occasional
100134,2016-11-02,7,154.99,19,22.14,Regular
100135,2016-11-13,8,326.34,8,40.79,Regular
100136,2016-04-25,6,281.99,210,47.0,Regular
100137,2016-09-24,7,303.27,58,43.32,Regular
100138,2016-08-26,3,54.54,87,18.18,Occasional
100139,2015-07-27,2,72.8,483,36.4,Occasional
100140,2016-04-04,9,246.89,231,27.43,Regular
100141,2015-11-27,4,157.96,360,39.49,Regular
100142,2016-08-21,7,335.14,92,47.88,Regular
100143,2016-03-12,5,340.56,254,68.11,Regular
100144,2016-05-09,5,134.83,196,26.97,Regular
100145,2016-07-26,11,539.36,118,49.03,Frequent
100146,2016-02-18,7,183.83,277,26.26,Regular
100147,2016-07-10,6,131.52,134,21.92,Regular
100148,2016-03-10,3,136.37,256,45.46,Occasional
100149,2016-04-05,8,307.19,230,38.4,Regular
100150,2016-08-14,9,338.07,99,37.56,Regular
100151,2016-06-12,7,205.59,162,29.37,Regular
100152,2016-11-16,5,137.02,5,27.4,Regular
100153,2015-01-06,4,135.07,685,33.77,Regular
100154,2016-02-26,6,144.65,269,24.11,Regular
100155,2016-03-31,7,234.87,235,33.55,Regular
100156,2016-10-09,10,347.65,43,34.76,Regular
100157,2016-06-19,8,248.52,155,31.06,Regular
100158,2016-11-09,5,182.8,12,36.56,Regular
100159,2016-11-06,13,550.23,15,42.33,Frequent
100160,2015-11-01,3,73.42,386,24.47,Occasional
100161,2016-10-19,9,324.14,33,36.02,Regular
100162,2015-07-18,6,227.99,492,38.0,Regular
100163,2016-06-29,7,193.01,145,27.57,Regular
100164,2016-10-23,7,288.04,29,41.15,Regular
100165,2016-08-09,3,203.72,104,67.91,Occasional
100166,2016-10-21,10,359.14,31,35.91,Regular
100167,2016-08-28,7,155.06,85,22.15,Regular
100168,2014-12-15,2,30.43,707,15.22,Occasional
100169,2015-07-10,3,111.55,500,37.18,Occasional
100170,2016-06-04,4,124.14,170,31.04,Regular
100171,2015-08-27,7,276.97,452,39.57,Regular
100172,2016-06-02,6,168.45,172,28.08,Regular
100173,2016-03-16,3,124.99,250,41.66,Occasional
100174,2016-08-21,11,349.95,92,31.81,Frequent
100175,2015-12-20,5,162.48,337,32.5,Regular
100176,2016-09-29,8,290.73,53,36.34,Regular
100177,2016-10-20,5,168.53,32,33.71,Regular
100178,2016-08-09,8,312.33,104,39.04,Regular
100179,2016-06-24,11,306.69,150,27.88,Frequent
100180,2016-09-26,4,99.27,56,24.82,Regular
100181,2016-01-18,8,263.23,308,32.9,Regular
100182,2016-05-14,4,146.24,191,36.56,Regular
100183,2016-08-31,6,192.31,82,32.05,Regular
100184,2015-10-06,5,104.88,412,20.98,Regular
100185,2014-11-09,3,60.51,743,20.17,Occasional
100186,2016-03-28,12,375.88,238,31.32,Frequent
100187,2015-01-04,4,77.41,687,19.35,Regular
100188,2016-04-14,5,161.08,221,32.22,Regular
100189,2016-11-01,8,282.46,20,35.31,Regular
100190,2016-10-25,4,83.63,27,20.91,Regular
100191,2015-12-01,4,370.05,356,92.51,Regular
100192,2016-10-09,5,124.1,43,24.82,Regular
100193,2016-10-09,6,208.87,43,34.81,Regular
100194,2016-07-15,9,332.62,129,36.96,Regular
100195,2016-06-11,4,102.28,163,25.57,Regular
100196,2016-10-26,8,240.33,26,30.04,Regular
100197,2016-01-24,5,192.85,302,38.57,Regular
100198,2015-10-18,4,92.55,400,23.14,Regular
100199,2016-08-06,8,556.17,107,69.52,Regular
100200,2016-09-05,6,138.01,77,23.0,Regular
100201,2016-09-19,5,195.14,63,39.03,Regular
100202,2015-04-20,5,162.69,581,32.54,Regular
100203,2016-09-17,5,199.83,65,39.97,Regular
100204,2016-10-21,9,250.66,31,27.85,Regular
100205,2016-01-07,5,168.41,319,33.68,Regular
100206,2016-10-20,12,490.27,32,40.86,Frequent
100207,2016-04-20,4,104.3,215,26.08,Regular
100208,2016-07-26,7,313.54,118,44.79,Regular
100209,2015-12-10,9,331.68,347,36.85,Regular
100210,2015-08-28,4,115.86,451,28.96,Regular
100211,2015-06-25,9,142.89,515,15.88,Regular
100212,2015-03-18,1,8.92,614,8.92,One-time
100213,2016-11-10,9,422.26,11,46.92,Regular
100214,2016-04-22,3,67.35,213,22.45,Occasional
100215,2016-11-07,5,279.55,14,55.91,Regular
100216,2016-03-17,5,98.38,249,19.68,Regular
100217,2016-10-02,3,469.31,50,156.44,Occasional
100218,2016-06-27,5,193.68,147,38.74,Regular
100219,2016-01-18,5,92.93,308,18.59,Regular
100220,2016-10-19,8,238.76,33,29.84,Regular
100221,2016-11-11,8,334.04,10,41.76,Regular
100222,2016-09-13,5,261.2,69,52.24,Regular
100223,2016-05-18,8,289.77,187,36.22,Regular
100224,2016-06-13,8,240.06,161,30.01,Regular
100225,2016-07-26,8,472.97,118,59.12,Regular
100226,2015-12-09,5,178.77,348,35.75,Regular
100227,2015-12-17,5,144.77,340,28.95,Regular
100228,2016-05-16,5,147.39,189,29.48,Regular
100229,2016-11-15,3,65.44,6,21.81,Occasional
100230,2016-05-08,7,173.06,197,24.72,Regular
100231,2015-11-26,3,70.98,361,23.66,Occasional
100232,2014-12-15,1,9.64,707,9.64,One-time
100233,2016-06-14,4,72.88,160,18.22,Regular
100234,2016-11-01,6,155.91,20,25.98,Regular
100235,2014-11-26,3,95.06,726,31.69,Occasional
100236,2016-07-01,9,604.35,143,67.15,Regular
100237,2015-05-03,1,8.73,568,8.73,One-time
100238,2016-11-18,4,102.48,3,25.62,Regular
100239,2016-11-13,9,265.02,8,29.45,Regular
100240,2016-07-16,10,284.49,128,28.45,Regular
100241,2016-04-29,4,119.08,206,29.77,Regular
100242,2016-04-30,5,125.33,205,25.07,Regular
100243,2016-08-31,3,70.38,82,23.46,Occasional
100244,2016-09-04,7,275.74,78,39.39,Regular
100245,2016-05-31,3,112.79,174,37.6,Occasional
100246,2016-10-26,5,218.56,26,43.71,Regular
100247,2016-02-19,6,171.07,276,28.51,Regular
100248,2015-02-04,1,52.68,656,52.68,One-time
100249,2016-01-15,5,189.07,311,37.81,Regular
100250,2016-05-15,6,121.81,190,20.3,Regular
100251,2016-09-22,9,225.84,60,25.09,Regular
100252,2015-12-03,3,101.63,354,33.88,Occasional
100253,2016-03-08,3,78.11,258,26.04,Occasional
100254,2015-09-25,3,173.97,423,57.99,Occasional
100255,2016-08-06,6,157.25,107,26.21,Regular
100256,2016-09-28,8,310.31,54,38.79,Regular
100257,2016-09-19,7,222.41,63,31.77,Regular
100258,2016-01-08,2,39.47,318,19.74,Occasional
100259,2014-05-06,4,102.5,930,25.62,Regular
100260,2016-04-02,4,231.76,233,57.94,Regular
100261,2015-09-27,4,137.22,421,34.3,Regular
100262,2016-10-13,6,150.72,39,25.12,Regular
100263,2016-08-16,3,196.09,97,65.36,Occasional
100264,2016-08-21,8,250.66,92,31.33,Regular
100265,2016-11-11,6,222.33,10,37.06,Regular
100266,2015-02-07,2,46.75,653,23.38,Occasional
100267,2016-11-08,5,145.81,13,29.16,Regular
100268,2016-10-29,6,216.16,23,36.03,Regular
100269,2015-07-17,4,127.8,493,31.95,Regular
100270,2016-09-05,4,142.5,77,35.62,Regular
100271,2016-09-23,6,206.28,59,34.38,Regular
100272,2016-09-27,5,105.78,55,21.16,Regular
100273,2016-09-10,9,260.91,72,28.99,Regular
100274,2016-04-07,4,151.6,228,37.9,Regular
100275,2015-01-07,3,48.75,684,16.25,Occasional
100276,2016-11-09,7,341.67,12,48.81,Regular
100277,2016-02-05,8,312.98,290,39.12,Regular
100278,2016-08-17,9,272.65,96,30.29,Regular
100279,2016-06-28,4,103.02,146,25.76,Regular
100280,2016-09-16,7,305.29,66,43.61,Regular
100281,2016-09-11,7,172.53,71,24.65,Regular
100282,2015-02-22,3,75.29,638,25.1,Occasional
100283,2015-09-09,8,271.06,439,33.88,Regular
100284,2016-05-29,9,354.6,176,39.4,Regular
100285,2015-04-07,4,176.89,594,44.22,Regular
100286,2015-01-11,1,5.82,680,5.82,One-time
100287,2016-11-10,2,92.37,11,46.18,Occasional
100288,2016-10-13,8,307.52,39,38.44,Regular
100289,2015-11-06,4,201.1,381,50.28,Regular
100290,2016-05-03,6,132.43,202,22.07,Regular
100291,2016-04-28,6,188.29,207,31.38,Regular
100292,2016-06-24,2,54.45,150,27.22,Occasional
100293,2016-09-21,7,185.84,61,26.55,Regular
100294,2015-11-05,7,213.67,382,30.52,Regular
100295,2016-01-29,4,81.6,297,20.4,Regular
100296,2016-11-09,7,213.85,12,30.55,Regular
100297,2016-07-07,7,207.23,137,29.6,Regular
100298,2016-05-18,7,196.55,187,28.08,Regular
100299,2016-05-22,4,106.04,183,26.51,Regular
100300,2016-05-31,9,248.0,174,27.56,Regular
100301,2015-12-04,4,63.64,353,15.91,Regular
100302,2016-02-22,4,77.93,273,19.48,Regular
100303,2016-11-04,8,295.49,17,36.94,Regular
100304,2016-11-11,8,255.95,10,31.99,Regular
100305,2016-09-20,9,363.0,62,40.33,Regular
100306,2016-05-22,4,133.92,183,33.48,Regular
100307,2016-07-23,6,284.27,121,47.38,Regular
100308,2016-11-18,3,133.8,3,44.6,Occasional
100309,2016-08-16,5,88.18,97,17.64,Regular
100310,2016-02-18,7,192.7,277,27.53,Regular
100311,2016-07-03,5,159.17,141,31.83,Regular
100312,2016-03-24,7,199.38,242,28.48,Regular
100313,2016-09-11,6,368.02,71,61.34,Regular
100314,2015-09-17,2,92.91,431,46.46,Occasional
100315,2016-02-20,6,168.8,275,28.13,Regular
100316,2016-06-28,3,62.51,146,20.84,Occasional
100317,2016-05-09,6,269.55,196,44.92,Regular
100318,2016-04-10,6,183.69,225,30.62,Regular
100319,2016-07-11,11,367.75,133,33.43,Frequent
100320,2016-06-27,5,300.42,147,60.08,Regular
100321,2016-08-29,3,77.73,84,25.91,Occasional
100322,2016-06-10,4,245.64,164,61.41,Regular
100323,2016-09-05,6,167.55,77,27.92,Regular
100324,2016-10-14,6,197.55,38,32.93,Regular
100325,2016-06-28,5,233.83,146,46.77,Regular
100326,2016-08-31,4,399.49,82,99.87,Regular
100327,2016-05-29,5,350.82,176,70.16,Regular
100328,2016-02-14,2,85.42,281,42.71,Occasional
100329,2014-11-20,1,13.85,732,13.85,One-time
100330,2016-10-22,7,214.7,30,30.67,Regular
100331,2016-08-26,9,228.52,87,25.39,Regular
100332,2016-08-05,7,192.82,108,27.55,Regular
100333,2016-09-14,8,291.75,68,36.47,Regular
100334,2016-01-30,5,142.67,296,28.53,Regular
100335,2014-06-19,2,147.64,886,73.82,Occasional
100336,2016-09-14,9,260.29,68,28.92,Regular
100337,2016-06-13,8,314.38,161,39.3,Regular
100338,2016-10-23,7,251.37,29,35.91,Regular
100339,2016-05-19,10,277.76,186,27.78,Regular
100340,2015-05-19,2,54.55,552,27.28,Occasional
100341,2016-11-14,9,228.22,7,25.36,Regular
100342,2016-09-18,4,242.4,64,60.6,Regular
100343,2016-11-11,8,430.83,10,53.85,Regular
100344,2016-11-15,8,407.7,6,50.96,Regular
100345,2016-02-27,5,194.72,268,38.94,Regular
100346,2016-11-07,7,246.8,14,35.26,Regular
100347,2016-08-21,8,247.77,92,30.97,Regular
100348,2016-08-31,5,130.48,82,26.1,Regular
100349,2016-09-19,8,472.14,63,59.02,Regular
100350,2016-03-26,5,176.31,240,35.26,Regular
100351,2016-08-10,10,430.91,103,43.09,Regular
100352,2016-10-08,4,403.8,44,100.95,Regular
100353,2015-08-30,4,180.33,449,45.08,Regular
100354,2016-08-17,6,156.5,96,26.08,Regular
100355,2016-02-07,10,511.74,288,51.17,Regular
100356,2016-11-18,8,176.53,3,22.07,Regular
100357,2016-10-07,4,145.31,45,36.33,Regular
100358,2015-05-16,2,156.94,555,78.47,Occasional
100359,2016-11-15,6,201.02,6,33.5,Regular
100360,2016-05-09,4,206.97,196,51.74,Regular
100361,2016-10-17,5,100.44,35,20.09,Regular
100362,2016-09-07,4,327.71,75,81.93,Regular
100363,2015-12-02,5,200.41,355,40.08,Regular
100364,2016-09-11,7,119.08,71,17.01,Regular
100365,2016-10-08,2,58.3,44,29.15,Occasional
100366,2016-06-14,9,401.04,160,44.56,Regular
100367,2016-10-28,5,296.36,24,59.27,Regular
100368,2015-10-03,3,105.68,415,35.23,Occasional
100369,2016-07-03,7,142.26,141,20.32,Regular
100370,2016-05-04,9,361.73,201,40.19,Regular
100371,2016-10-05,10,319.07,47,31.91,Regular
100372,2016-02-05,6,248.61,290,41.44,Regular
100373,2016-07-03,5,181.69,141,36.34,Regular
100374,2016-10-10,7,198.29,42,28.33,Regular
100375,2016-11-15,5,269.83,6,53.97,Regular
100376,2016-10-15,6,164.12,37,27.35,Regular
100377,2016-06-20,3,90.53,154,30.18,Occasional
100378,2015-03-28,4,220.52,604,55.13,Regular
100379,2016-07-26,5,103.67,118,20.73,Regular
100380,2016-10-31,11,308.94,21,28.09,Frequent
100381,2016-09-19,8,282.25,63,35.28,Regular
100382,2015-09-17,4,88.68,431,22.17,Regular
100383,2016-09-10,5,196.39,72,39.28,Regular
100384,2016-05-15,8,361.65,190,45.21,Regular
100385,2016-03-26,4,199.91,240,49.98,Regular
100386,2016-09-01,5,151.93,81,30.39,Regular
100387,2016-08-22,6,478.06,91,79.68,Regular
100388,2015-05-27,4,138.52,544,34.63,Regular
100389,2016-03-25,5,364.91,241,72.98,Regular
100390,2016-08-30,4,130.72,83,32.68,Regular
100391,2016-07-28,8,231.47,116,28.93,Regular
100392,2016-10-22,5,82.1,30,16.42,Regular
100393,2016-01-04,3,150.75,322,50.25,Occasional
100394,2015-03-05,2,31.33,627,15.66,Occasional
100395,2016-08-19,7,307.88,94,43.98,Regular
100396,2016-05-18,5,372.88,187,74.58,Regular
100397,2016-06-22,4,118.35,152,29.59,Regular
100398,2016-09-22,3,108.38,60,36.13,Occasional
100399,2016-10-03,9,557.55,49,61.95,Regular
100400,2016-08-15,8,206.48,98,25.81,Regular
100401,2016-09-27,5,99.18,55,19.84,Regular
100402,2016-03-01,4,106.97,265,26.74,Regular
100403,2016-10-08,10,331.74,44,33.17,Regular
100404,2015-07-17,7,179.71,493,25.67,Regular
100405,2015-08-12,3,47.27,467,15.76,Occasional
100406,2016-01-30,6,205.92,296,34.32,Regular
100407,2014-12-25,5,484.16,697,96.83,Regular
100408,2016-10-13,5,124.56,39,24.91,Regular
100409,2016-09-27,10,447.74,55,44.77,Regular
100410,2016-11-02,7,680.84,19,97.26,Regular
100411,2016-10-31,3,87.76,21,29.25,Occasional
100412,2016-02-28,6,638.62,267,106.44,Regular
100413,2015-10-22,6,155.52,396,25.92,Regular
100414,2016-11-09,8,311.84,12,38.98,Regular
100415,2016-08-25,10,226.73,88,22.67,Regular
100416,2016-09-01,8,293.55,81,36.69,Regular
100417,2016-04-10,6,234.04,225,39.01,Regular
100418,2016-10-19,3,45.45,33,15.15,Occasional
100419,2015-04-23,5,118.27,578,23.65,Regular
100420,2016-06-13,7,309.64,161,44.23,Regular
100421,2016-04-19,3,91.44,216,30.48,Occasional
100422,2016-11-14,6,221.81,7,36.97,Regular
100423,2015-06-16,6,329.15,524,54.86,Regular
100424,2016-09-18,10,537.36,64,53.74,Regular
100425,2016-09-24,3,75.65,58,25.22,Occasional
100426,2016-09-02,4,75.38,80,18.84,Regular
100427,2016-07-13,7,265.39,131,37.91,Regular
100428,2016-08-28,9,397.01,85,44.11,Regular
100429,2016-08-15,8,251.69,98,31.46,Regular
100430,2016-07-31,3,81.75,113,27.25,Occasional
100431,2016-11-19,10,276.98,2,27.7,Regular
100432,2016-01-05,2,45.96,321,22.98,Occasional
100433,2016-11-09,9,394.79,12,43.87,Regular
100434,2016-10-15,8,356.13,37,44.52,Regular
100435,2016-01-21,5,146.46,305,29.29,Regular
100436,2016-01-10,4,68.56,316,17.14,Regular
100437,2016-09-04,6,179.22,78,29.87,Regular
100438,2015-12-24,4,199.17,333,49.79,Regular
100439,2016-10-18,8,426.71,34,53.34,Regular
100440,2016-09-17,9,291.42,65,32.38,Regular
100441,2016-04-28,4,119.41,207,29.85,Regular
100442,2016-10-31,4,50.08,21,12.52,Regular
100443,2016-11-06,17,477.61,15,28.09,Frequent
100444,2016-03-05,4,67.13,261,16.78,Regular
100445,2015-08-17,4,171.68,462,42.92,Regular
100446,2016-10-03,7,259.74,49,37.11,Regular
100447,2016-05-15,5,134.99,190,27.0,Regular
100448,2016-07-21,8,176.04,123,22.0,Regular
100449,2016-08-08,5,132.57,105,26.51,Regular
100450,2016-08-29,3,80.41,84,26.8,Occasional
100451,2016-06-10,6,139.45,164,23.24,Regular
100452,2016-07-24,7,248.49,120,35.5,Regular
100453,2016-07-06,4,139.63,138,34.91,Regular
100454,2016-10-19,5,99.98,33,20.0,Regular
100455,2016-02-05,3,240.21,290,80.07,Occasional
100456,2015-07-05,4,516.28,505,129.07,Regular
100457,2016-10-10,4,128.99,42,32.25,Regular
100458,2016-09-22,7,181.98,60,26.0,Regular
100459,2016-03-23,5,199.15,243,39.83,Regular
100460,2016-07-03,6,102.43,141,17.07,Regular
100461,2015-04-09,7,178.19,592,25.46,Regular
100462,2015-10-18,5,220.93,400,44.19,Regular
100463,2015-05-02,2,75.76,569,37.88,Occasional
100464,2016-11-02,6,171.76,19,28.63,Regular
100465,2016-09-03,6,160.76,79,26.79,Regular
100466,2016-09-10,6,238.36,72,39.73,Regular
100467,2016-04-04,3,144.9,231,48.3,Occasional
100468,,0,0.0,1054,0.0,No Donation
100469,2016-10-12,4,95.3,40,23.82,Regular
100470,2016-11-18,4,126.8,3,31.7,Regular
100471,2016-11-06,3,187.35,15,62.45,Occasional
100472,2015-04-22,3,61.49,579,20.5,Occasional
100473,2015-12-06,3,64.84,351,21.61,Occasional
100474,2016-10-15,8,375.06,37,46.88,Regular
100475,2016-04-02,5,227.97,233,45.59,Regular
100476,2015-12-10,5,258.24,347,51.65,Regular
100477,2016-09-19,2,44.65,63,22.32,Occasional
100478,2016-02-04,3,61.35,291,20.45,Occasional
100479,2016-06-16,6,188.05,158,31.34,Regular
100480,2016-10-13,10,486.46,39,48.65,Regular
100481,2016-08-10,3,112.4,103,37.47,Occasional
100482,2016-02-29,4,112.57,266,28.14,Regular
100483,2016-11-08,4,183.0,13,45.75,Regular
100484,2016-06-26,1,75.34,148,75.34,One-time
100485,2016-08-24,5,177.29,89,35.46,Regular
100486,2016-10-11,3,93.77,41,31.26,Occasional
100487,2016-07-06,9,204.34,138,22.7,Regular
100488,2016-10-19,5,209.94,33,41.99,Regular
100489,2016-08-12,8,389.88,101,48.74,Regular
100490,2016-11-10,5,186.6,11,37.32,Regular
100491,2015-03-19,6,228.26,613,38.04,Regular
100492,2016-07-02,7,257.49,142,36.78,Regular
100493,2016-06-12,5,191.97,162,38.39,Regular
100494,2016-10-02,4,148.76,50,37.19,Regular
100495,2016-11-17,3,73.68,4,24.56,Occasional
100496,2015-03-09,4,164.23,623,41.06,Regular
100497,2016-10-06,6,199.55,46,33.26,Regular
100498,2016-11-01,6,250.39,20,41.73,Regular
100499,2016-10-16,11,338.27,36,30.75,Frequent
100500,2016-05-13,3,157.1,192,52.37,Occasional
100501,2016-10-26,3,138.09,26,46.03,Occasional
100502,2016-09-01,2,63.05,81,31.52,Occasional
100503,2016-02-15,5,157.6,280,31.52,Regular
100504,2016-10-26,10,390.24,26,39.02,Regular
100505,2016-09-23,4,206.48,59,51.62,Regular
100506,2015-10-30,8,242.43,388,30.3,Regular
100507,2016-11-03,6,161.54,18,26.92,Regular
100508,2016-10-26,6,191.62,26,31.94,Regular
100509,2016-06-16,10,346.57,158,34.66,Regular
100510,2016-08-10,5,163.44,103,32.69,Regular
100511,2016-05-24,8,445.64,181,55.7,Regular
100512,2016-08-20,7,322.86,93,46.12,Regular
100513,2016-09-05,7,286.07,77,40.87,Regular
100514,2016-07-13,2,46.59,131,23.3,Occasional
100515,2016-10-08,8,207.47,44,25.93,Regular
100516,2015-06-13,3,80.61,527,26.87,Occasional
100517,2016-03-15,6,240.54,251,40.09,Regular
100518,2016-09-29,8,180.75,53,22.59,Regular
100519,2016-09-27,3,105.97,55,35.32,Occasional
100520,2016-09-01,9,292.86,81,32.54,Regular
100521,2016-01-28,2,28.57,298,14.28,Occasional
100522,2016-01-28,4,108.17,298,27.04,Regular
100523,2016-11-06,7,194.47,15,27.78,Regular
100524,2016-04-22,8,267.75,213,33.47,Regular
100525,2016-04-13,4,103.74,222,25.94,Regular
100526,2016-09-16,7,314.9,66,44.99,Regular
100527,2016-06-06,10,291.15,168,29.12,Regular
100528,2016-05-24,9,269.5,181,29.94,Regular
100529,2016-05-02,9,290.09,203,32.23,Regular
100530,2015-10-10,2,207.25,408,103.62,Occasional
100531,2016-02-09,5,135.26,286,27.05,Regular
100532,2015-12-06,3,139.76,351,46.59,Occasional
100533,2016-05-18,4,112.6,187,28.15,Regular
100534,2016-05-19,4,86.31,186,21.58,Regular
100535,2015-07-04,3,101.22,506,33.74,Occasional
100536,2016-06-24,6,374.88,150,62.48,Regular
100537,2016-10-29,9,470.82,23,52.31,Regular
100538,2016-08-22,6,291.07,91,48.51,Regular
100539,2016-07-13,7,200.11,131,28.59,Regular
100540,2016-11-13,10,347.03,8,34.7,Regular
100541,2016-07-07,8,267.23,137,33.4,Regular
100542,2014-10-03,2,73.26,780,36.63,Occasional
100543,2016-08-18,6,177.92,95,29.65,Regular
100544,2016-04-17,7,178.3,218,25.47,Regular
100545,2016-11-03,4,171.42,18,42.86,Regular
100546,2016-10-07,8,166.99,45,20.87,Regular
100547,2016-03-31,6,159.17,235,26.53,Regular
100548,2016-11-05,7,401.85,16,57.41,Regular
100549,2016-11-04,6,313.07,17,52.18,Regular
100550,2015-10-27,3,157.12,391,52.37,Occasional
100551,2016-08-06,6,198.58,107,33.1,Regular
100552,2016-04-02,6,209.71,233,34.95,Regular
100553,2016-10-31,4,79.17,21,19.79,Regular
100554,2016-06-26,7,218.4,148,31.2,Regular
100555,2016-11-16,3,66.74,5,22.25,Occasional
100556,2016-05-08,10,264.94,197,26.49,Regular
100557,2016-03-14,5,219.23,252,43.85,Regular
100558,2016-10-08,14,556.33,44,39.74,Frequent
100559,2016-10-03,5,155.66,49,31.13,Regular
100560,2014-12-03,3,66.13,719,22.04,Occasional
100561,2016-09-13,7,206.01,69,29.43,Regular
100562,2016-05-18,8,274.28,187,34.28,Regular
100563,2016-09-22,6,201.46,60,33.58,Regular
100564,2016-11-11,9,247.42,10,27.49,Regular
100565,2016-09-30,7,385.48,52,55.07,Regular
100566,2016-07-16,7,337.34,128,48.19,Regular
100567,2016-03-22,6,346.33,244,57.72,Regular
100568,2016-08-13,8,314.98,100,39.37,Regular
100569,2015-12-25,10,368.8,332,36.88,Regular
100570,2016-08-29,9,285.8,84,31.76,Regular
100571,2016-01-17,8,302.58,309,37.82,Regular
100572,2016-04-28,3,337.41,207,112.47,Occasional
100573,2015-12-12,4,148.69,345,37.17,Regular
100574,2016-05-29,4,117.31,176,29.33,Regular
100575,2016-03-11,5,206.59,255,41.32,Regular
100576,2016-09-29,6,347.8,53,57.97,Regular
100577,2016-09-11,6,203.74,71,33.96,Regular
100578,2016-02-17,5,222.91,278,44.58,Regular
100579,2016-11-16,6,242.26,5,40.38,Regular
100580,2015-11-09,5,125.75,378,25.15,Regular
100581,2016-08-02,6,121.98,111,20.33,Regular
100582,2016-08-12,10,444.17,101,44.42,Regular
100583,2016-09-20,6,237.69,62,39.62,Regular
100584,2015-11-07,6,174.93,380,29.16,Regular
100585,2016-08-19,9,243.8,94,27.09,Regular
100586,2016-05-06,6,240.59,199,40.1,Regular
100587,2016-10-24,4,74.99,28,18.75,Regular
100588,2015-12-05,4,147.16,352,36.79,Regular
100589,2016-08-28,8,227.64,85,28.46,Regular
100590,2016-09-16,7,271.52,66,38.79,Regular
100591,2016-07-10,7,172.66,134,24.67,Regular
100592,2016-02-06,6,247.28,289,41.21,Regular
100593,2016-08-18,7,130.04,95,18.58,Regular
100594,2015-09-04,5,173.68,444,34.74,Regular
100595,2016-05-13,6,186.56,192,31.09,Regular
100596,2015-03-09,1,20.41,623,20.41,One-time
100597,2015-11-06,4,80.62,381,20.16,Regular
100598,2016-05-13,6,254.2,192,42.37,Regular
100599,2016-07-25,6,220.19,119,36.7,Regular
100600,2016-07-17,6,408.3,127,68.05,Regular
100601,2016-01-30,8,269.38,296,33.67,Regular
100602,2016-10-15,4,143.73,37,35.93,Regular
100603,2015-11-24,5,156.02,363,31.2,Regular
100604,2016-10-27,6,211.8,25,35.3,Regular
100605,2015-11-30,4,110.01,357,27.5,Regular
100606,2016-08-12,9,459.67,101,51.07,Regular
100607,2016-01-31,4,137.6,295,34.4,Regular
100608,2016-09-14,4,93.74,68,23.44,Regular
100609,2016-06-25,9,296.05,149,32.89,Regular
100610,2016-11-02,8,245.47,19,30.68,Regular
100611,2016-08-28,8,201.08,85,25.14,Regular
100612,2016-09-04,6,233.06,78,38.84,Regular
100613,2015-12-16,6,155.17,341,25.86,Regular
100614,2016-08-22,7,298.19,91,42.6,Regular
100615,2016-10-15,6,160.93,37,26.82,Regular
100616,2016-06-13,4,206.46,161,51.61,Regular
100617,2016-02-28,3,157.58,267,52.53,Occasional
100618,2016-05-27,10,327.65,178,32.76,Regular
100619,2016-08-03,6,194.14,110,32.36,Regular
100620,2015-01-01,2,151.34,690,75.67,Occasional
100621,2016-11-14,13,634.43,7,48.8,Frequent
100622,2016-11-11,7,212.44,10,30.35,Regular
100623,2016-09-17,5,159.44,65,31.89,Regular
100624,2014-12-30,1,23.81,692,23.81,One-time
100625,2016-03-05,5,156.67,261,31.33,Regular
100626,2016-03-12,5,172.4,254,34.48,Regular
100627,2016-04-30,6,96.1,205,16.02,Regular
100628,2016-02-09,3,123.9,286,41.3,Occasional
100629,2015-05-31,8,267.55,540,33.44,Regular
100630,2016-08-07,6,205.09,106,34.18,Regular
100631,2016-05-11,8,338.24,194,42.28,Regular
100632,2016-07-04,2,89.34,140,44.67,Occasional
100633,2016-10-06,4,91.96,46,22.99,Regular
100634,2016-08-26,6,350.08,87,58.35,Regular
100635,2016-02-16,6,184.61,279,30.77,Regular
100636,2016-06-08,11,342.45,166,31.13,Frequent
100637,2016-04-09,6,243.85,226,40.64,Regular
100638,2016-10-19,8,334.37,33,41.8,Regular
100639,2016-09-14,6,296.59,68,49.43,Regular
100640,2015-12-25,6,96.23,332,16.04,Regular
100641,2016-09-29,2,195.17,53,97.58,Occasional
100642,2016-01-08,8,304.9,318,38.11,Regular
100643,2015-08-15,4,222.23,464,55.56,Regular
100644,2016-09-06,10,175.1,76,17.51,Regular
100645,2016-06-09,5,173.01,165,34.6,Regular
100646,2015-11-10,8,450.66,377,56.33,Regular
100647,2015-09-30,4,77.84,418,19.46,Regular
100648,2016-07-01,6,190.4,143,31.73,Regular
100649,2015-12-10,5,246.29,347,49.26,Regular
100650,2016-08-20,5,137.52,93,27.5,Regular
100651,2016-10-09,9,306.97,43,34.11,Regular
100652,2016-09-01,12,441.22,81,36.77,Frequent
100653,2016-05-08,6,156.29,197,26.05,Regular
100654,2016-09-29,8,189.91,53,23.74,Regular
100655,2016-11-05,7,166.12,16,23.73,Regular
100656,2016-03-24,10,225.1,242,22.51,Regular
100657,2016-10-14,10,222.28,38,22.23,Regular
100658,2014-12-21,3,75.35,701,25.12,Occasional
100659,2016-09-30,1,21.08,52,21.08,One-time
100660,2016-05-06,3,68.8,199,22.93,Occasional
100661,2015-11-06,6,213.76,381,35.63,Regular
100662,2016-08-13,7,231.62,100,33.09,Regular
100663,2016-05-29,5,216.06,176,43.21,Regular
100664,2016-10-04,9,314.05,48,34.89,Regular
100665,2016-07-09,4,117.23,135,29.31,Regular
100666,2016-11-07,9,521.28,14,57.92,Regular
100667,2015-02-28,4,119.88,632,29.97,Regular
100668,2016-08-12,6,159.56,101,26.59,Regular
100669,2016-11-03,4,50.85,18,12.71,Regular
100670,2015-06-19,3,293.45,521,97.82,Occasional
100671,2015-01-25,3,113.13,666,37.71,Occasional
100672,2014-12-29,1,41.83,693,41.83,One-time
100673,2016-11-07,7,317.42,14,45.35,Regular
100674,2016-08-28,7,159.31,85,22.76,Regular
100675,2016-10-01,9,611.61,51,67.96,Regular
100676,2016-11-02,6,161.44,19,26.91,Regular
100677,2016-09-19,8,160.03,63,20.0,Regular
100678,2014-10-25,2,14.04,758,7.02,Occasional
100679,2016-03-05,3,89.95,261,29.98,Occasional
100680,2014-01-15,1,21.2,1041,21.2,One-time
100681,2015-12-25,4,234.18,332,58.54,Regular
100682,2016-11-07,4,109.12,14,27.28,Regular
100683,2016-04-05,7,403.16,230,57.59,Regular
100684,2016-07-16,3,137.8,128,45.93,Occasional
100685,2016-07-06,3,181.45,138,60.48,Occasional
100686,2016-06-29,6,125.37,145,20.9,Regular
100687,2016-08-22,6,229.56,91,38.26,Regular
100688,2016-04-25,6,252.51,210,42.08,Regular
100689,2016-09-22,5,172.77,60,34.55,Regular
100690,2016-02-17,10,285.0,278,28.5,Regular
100691,2015-06-22,2,32.79,518,16.4,Occasional
100692,2016-07-13,6,301.89,131,50.32,Regular
100693,2016-07-31,8,216.79,113,27.1,Regular
100694,2015-12-29,5,155.84,328,31.17,Regular
100695,2016-08-16,4,117.53,97,29.38,Regular
100696,2016-09-17,5,100.39,65,20.08,Regular
100697,2016-04-26,4,136.36,209,34.09,Regular
100698,2016-09-13,4,78.63,69,19.66,Regular
100699,2015-09-24,3,65.43,424,21.81,Occasional
100700,2015-03-26,4,167.88,606,41.97,Regular
100701,2016-10-17,6,231.92,35,38.65,Regular
100702,2016-09-07,6,177.28,75,29.55,Regular
100703,2016-09-21,5,160.73,61,32.15,Regular
100704,2016-09-05,5,169.72,77,33.94,Regular
100705,2015-08-03,3,146.39,476,48.8,Occasional
100706,2016-07-14,10,506.7,130,50.67,Regular
100707,2015-02-12,2,64.39,648,32.2,Occasional
100708,2016-01-08,6,382.15,318,63.69,Regular
100709,2016-03-20,3,73.15,246,24.38,Occasional
100710,2015-06-12,4,160.48,528,40.12,Regular
100711,2016-04-17,6,204.46,218,34.08,Regular
100712,2016-11-09,5,117.22,12,23.44,Regular
100713,2016-03-11,6,225.83,255,37.64,Regular
100714,2016-07-23,4,121.27,121,30.32,Regular
100715,2015-10-30,4,126.61,388,31.65,Regular
100716,2016-07-22,7,283.78,122,40.54,Regular
100717,2016-11-01,6,151.79,20,25.3,Regular
100718,2015-04-30,6,193.34,571,32.22,Regular
100719,2016-04-04,5,157.14,231,31.43,Regular
100720,2016-07-27,3,47.98,117,15.99,Occasional
100721,2016-06-22,2,56.42,152,28.21,Occasional
100722,2016-02-24,4,132.22,271,33.06,Regular
100723,2016-10-13,7,162.58,39,23.23,Regular
100724,2016-08-05,6,262.5,108,43.75,Regular
100725,2015-03-22,4,50.84,610,12.71,Regular
100726,2016-07-10,5,239.84,134,47.97,Regular
100727,2015-11-05,5,231.79,382,46.36,Regular
100728,2016-07-26,9,346.77,118,38.53,Regular
100729,2016-09-15,7,320.66,67,45.81,Regular
100730,2016-03-13,4,92.52,253,23.13,Regular
100731,2016-09-15,8,272.33,67,34.04,Regular
100732,2016-11-09,7,273.22,12,39.03,Regular
100733,2016-03-25,4,128.13,241,32.03,Regular
100734,2016-10-16,4,122.68,36,30.67,Regular
100735,2015-05-29,6,174.38,542,29.06,Regular
100736,2016-11-18,10,223.11,3,22.31,Regular
100737,2016-07-31,6,177.26,113,29.54,Regular
100738,2016-02-21,6,151.29,274,25.22,Regular
100739,2016-10-16,8,219.06,36,27.38,Regular
100740,2015-12-13,9,276.32,344,30.7,Regular
100741,2016-01-13,6,152.11,313,25.35,Regular
100742,2016-09-25,6,238.44,57,39.74,Regular
100743,2016-10-21,9,376.06,31,41.78,Regular
100744,2015-08-03,2,57.1,476,28.55,Occasional
100745,2016-04-25,4,68.68,210,17.17,Regular
100746,2016-05-11,7,297.95,194,42.56,Regular
100747,2016-10-02,5,463.61,50,92.72,Regular
100748,2016-11-03,7,159.75,18,22.82,Regular
100749,2016-06-26,3,52.77,148,17.59,Occasional
100750,2016-05-20,3,125.36,185,41.79,Occasional
100751,2016-10-13,5,173.47,39,34.69,Regular
100752,2016-03-24,5,210.14,242,42.03,Regular
100753,2016-10-16,5,260.95,36,52.19,Regular
100754,2015-06-03,4,413.79,537,103.45,Regular
100755,2016-03-12,5,74.14,254,14.83,Regular
100756,2015-09-07,4,132.4,441,33.1,Regular
100757,2016-04-09,8,316.01,226,39.5,Regular
100758,2016-10-05,6,193.1,47,32.18,Regular
100759,2016-07-30,11,476.15,114,43.29,Frequent
100760,2016-02-18,7,205.57,277,29.37,Regular
100761,2016-10-31,4,144.44,21,36.11,Regular
100762,2016-09-08,6,162.17,74,27.03,Regular
100763,2016-06-27,4,95.7,147,23.92,Regular
100764,2016-02-05,5,153.03,290,30.61,Regular
100765,2016-03-18,6,300.79,248,50.13,Regular
100766,2016-09-17,8,410.9,65,51.36,Regular
100767,2016-08-14,3,89.16,99,29.72,Occasional
100768,2016-07-31,8,255.51,113,31.94,Regular
100769,2016-01-19,5,241.29,307,48.26,Regular
100770,2015-01-07,3,98.84,684,32.95,Occasional
100771,2015-02-03,3,101.91,657,33.97,Occasional
100772,2016-10-22,8,349.07,30,43.63,Regular
100773,2016-11-01,4,313.16,20,78.29,Regular
100774,2016-06-05,9,363.92,169,40.44,Regular
100775,2016-10-25,8,385.73,27,48.22,Regular
100776,2015-11-08,4,139.67,379,34.92,Regular
100777,2016-09-15,4,217.01,67,54.25,Regular
100778,2016-07-20,7,132.42,124,18.92,Regular
100779,2016-08-28,8,220.19,85,27.52,Regular
100780,2016-11-18,10,417.79,3,41.78,Regular
100781,2015-11-13,6,181.6,374,30.27,Regular
100782,2016-08-04,5,231.35,109,46.27,Regular
100783,2016-08-03,8,304.01,110,38.0,Regular
100784,2016-07-24,10,690.36,120,69.04,Regular
100785,2015-10-01,3,87.1,417,29.03,Occasional
100786,2016-06-24,8,311.78,150,38.97,Regular
100787,2016-10-17,8,461.33,35,57.67,Regular
100788,2016-02-12,5,175.69,283,35.14,Regular
100789,2016-10-15,6,129.51,37,21.58,Regular
100790,2016-09-04,9,379.56,78,42.17,Regular
100791,2016-04-30,5,166.78,205,33.36,Regular
100792,2016-11-04,10,365.73,17,36.57,Regular
100793,2016-07-06,4,86.69,138,21.67,Regular
100794,2016-01-02,4,312.48,324,78.12,Regular
100795,2016-09-28,11,343.54,54,31.23,Frequent
100796,2016-07-18,3,184.86,126,61.62,Occasional
100797,2016-07-01,8,402.1,143,50.26,Regular
100798,2016-10-11,6,258.98,41,43.16,Regular
100799,2015-10-30,4,97.08,388,24.27,Regular
100800,2016-02-23,4,141.03,272,35.26,Regular
100801,2016-06-22,10,406.82,152,40.68,Regular
100802,2016-06-26,6,171.93,148,28.66,Regular
100803,2016-09-24,4,146.03,58,36.51,Regular
100804,2016-10-26,9,437.26,26,48.58,Regular
100805,2016-05-17,7,291.43,188,41.63,Regular
100806,2016-07-09,4,170.16,135,42.54,Regular
100807,2016-07-17,8,298.05,127,37.26,Regular
100808,2016-09-06,4,98.97,76,24.74,Regular
100809,2016-02-12,5,239.32,283,47.86,Regular
100810,2016-11-13,7,321.67,8,45.95,Regular
100811,2016-11-08,10,373.09,13,37.31,Regular
100812,2016-08-06,8,296.84,107,37.11,Regular
100813,2016-04-16,7,129.29,219,18.47,Regular
100814,2016-08-25,9,423.32,88,47.04,Regular
100815,2016-10-07,7,321.13,45,45.88,Regular
100816,2016-11-04,8,311.97,17,39.0,Regular
100817,2015-08-31,2,74.61,448,37.3,Occasional
100818,2016-10-08,11,610.06,44,55.46,Frequent
100819,2016-07-10,10,318.8,134,31.88,Regular
100820,2016-06-07,4,70.52,167,17.63,Regular
100821,2016-09-30,7,192.05,52,27.44,Regular
100822,2016-05-11,9,442.04,194,49.12,Regular
100823,2016-05-10,9,344.17,195,38.24,Regular
100824,2015-10-07,4,415.87,411,103.97,Regular
100825,2016-11-09,10,438.59,12,43.86,Regular
100826,2016-09-14,5,232.26,68,46.45,Regular
100827,2016-09-10,8,194.77,72,24.35,Regular
100828,2016-03-03,7,232.19,263,33.17,Regular
100829,2016-01-18,6,152.93,308,25.49,Regular
100830,2016-07-23,4,111.62,121,27.9,Regular
100831,2016-06-20,4,148.05,154,37.01,Regular
100832,2016-01-25,6,190.76,301,31.79,Regular
100833,2016-10-13,7,260.74,39,37.25,Regular
100834,2016-09-21,6,139.67,61,23.28,Regular
100835,2016-11-16,8,285.89,5,35.74,Regular
100836,2016-09-22,6,118.23,60,19.71,Regular
100837,2016-07-07,5,139.09,137,27.82,Regular
100838,2016-10-23,4,165.72,29,41.43,Regular
100839,2016-08-29,9,296.34,84,32.93,Regular
100840,2016-09-01,5,203.36,81,40.67,Regular
100841,2016-09-20,4,99.37,62,24.84,Regular
100842,2016-05-08,7,198.38,197,28.34,Regular
100843,2016-10-10,5,408.23,42,81.65,Regular
100844,2016-05-09,6,203.08,196,33.85,Regular
100845,2016-11-07,7,301.59,14,43.08,Regular
100846,2016-08-09,4,143.59,104,35.9,Regular
100847,2016-07-11,2,75.42,133,37.71,Occasional
100848,2016-09-15,4,76.61,67,19.15,Regular
100849,2014-02-09,1,26.77,1016,26.77,One-time
100850,2016-10-08,8,194.57,44,24.32,Regular
100851,2016-11-18,13,421.58,3,32.43,Frequent
100852,2016-05-03,6,222.35,202,37.06,Regular
100853,2016-11-09,7,271.57,12,38.8,Regular
100854,2016-03-25,4,141.73,241,35.43,Regular
100855,2016-08-17,5,408.14,96,81.63,Regular
100856,2016-10-16,7,153.01,36,21.86,Regular
100857,2016-11-14,4,139.84,7,34.96,Regular
100858,2016-10-04,10,331.07,48,33.11,Regular
100859,2016-07-18,9,549.45,126,61.05,Regular
100860,2016-06-07,7,187.8,167,26.83,Regular
100861,2016-09-01,4,154.13,81,38.53,Regular
100862,2014-12-17,2,34.73,705,17.36,Occasional
100863,2016-11-03,10,299.22,18,29.92,Regular
100864,2016-09-13,11,380.8,69,34.62,Frequent
100865,2016-11-18,7,196.46,3,28.07,Regular
100866,2016-10-05,5,81.33,47,16.27,Regular
100867,2016-10-30,6,164.6,22,27.43,Regular
100868,2016-07-12,9,306.84,132,34.09,Regular
100869,2016-06-10,9,295.74,164,32.86,Regular
100870,2016-11-09,10,356.78,12,35.68,Regular
100871,2016-04-03,4,76.73,232,19.18,Regular
100872,2016-06-18,3,52.64,156,17.55,Occasional
100873,2016-07-13,3,102.21,131,34.07,Occasional
100874,2016-11-07,11,348.1,14,31.65,Frequent
100875,2016-02-19,5,223.95,276,44.79,Regular
100876,2016-01-19,4,99.71,307,24.93,Regular
100877,2016-06-05,7,177.92,169,25.42,Regular
100878,2016-11-01,6,203.05,20,33.84,Regular
100879,2016-01-16,5,189.98,310,38.0,Regular
100880,2016-08-03,5,170.15,110,34.03,Regular
100881,2016-11-09,3,129.81,12,43.27,Occasional
100882,2016-01-23,3,66.42,303,22.14,Occasional
100883,2015-12-29,2,73.92,328,36.96,Occasional
100884,2016-08-01,13,386.55,112,29.73,Frequent
100885,2016-10-26,7,228.65,26,32.66,Regular
100886,2016-02-05,5,173.02,290,34.6,Regular
100887,2016-04-06,6,208.61,229,34.77,Regular
100888,2014-05-04,1,83.67,932,83.67,One-time
100889,2015-08-07,3,88.51,472,29.5,Occasional
100890,2016-02-07,4,157.14,288,39.28,Regular
100891,2016-03-01,4,171.97,265,42.99,Regular
100892,2016-08-27,4,163.31,86,40.83,Regular
100893,2016-09-26,5,171.98,56,34.4,Regular
100894,2016-07-01,8,421.73,143,52.72,Regular
100895,2015-11-10,6,149.54,377,24.92,Regular
100896,2016-10-08,9,270.59,44,30.07,Regular
100897,2015-12-13,4,96.81,344,24.2,Regular
100898,2016-09-26,4,203.48,56,50.87,Regular
100899,2015-12-20,7,271.93,337,38.85,Regular
100900,2016-09-26,4,115.89,56,28.97,Regular
100901,2016-03-13,2,126.34,253,63.17,Occasional
100902,2016-06-16,12,311.25,158,25.94,Frequent
100903,2016-05-27,5,164.4,178,32.88,Regular
100904,2016-05-23,7,351.12,182,50.16,Regular
100905,2016-07-20,4,166.11,124,41.53,Regular
100906,2016-10-15,4,82.29,37,20.57,Regular
100907,2016-08-12,5,242.44,101,48.49,Regular
100908,2016-03-22,4,167.64,244,41.91,Regular
100909,2015-12-09,7,257.55,348,36.79,Regular
100910,2014-03-21,1,14.43,976,14.43,One-time
100911,2016-10-20,7,259.6,32,37.09,Regular
100912,2016-03-19,2,22.29,247,11.14,Occasional
100913,2016-06-05,4,112.27,169,28.07,Regular
100914,2016-08-05,5,240.62,108,48.12,Regular
100915,2016-02-28,7,415.5,267,59.36,Regular
100916,2016-10-01,9,312.83,51,34.76,Regular
100917,2016-07-15,7,179.84,129,25.69,Regular
100918,2016-05-13,4,140.06,192,35.02,Regular
100919,2016-09-20,10,407.37,62,40.74,Regular
100920,2015-10-05,4,123.75,413,30.94,Regular
100921,2016-07-13,3,80.77,131,26.92,Occasional
100922,2016-07-20,6,139.42,124,23.24,Regular
100923,2015-12-19,2,44.07,338,22.04,Occasional
100924,2014-02-11,1,9.19,1014,9.19,One-time
100925,2016-06-01,6,254.25,173,42.38,Regular
100926,2016-09-17,7,266.19,65,38.03,Regular
100927,2016-08-29,7,429.41,84,61.34,Regular
100928,2016-09-22,8,383.95,60,47.99,Regular
100929,2015-08-26,1,21.87,453,21.87,One-time
100930,2016-07-14,9,285.53,130,31.73,Regular
100931,2016-06-26,3,76.36,148,25.45,Occasional
100932,2016-11-01,8,135.12,20,16.89,Regular
100933,2016-11-06,10,417.65,15,41.76,Regular
100934,2016-02-20,2,79.49,275,39.74,Occasional
100935,2016-08-14,11,492.45,99,44.77,Frequent
100936,2016-10-28,7,224.08,24,32.01,Regular
100937,2016-07-25,6,107.63,119,17.94,Regular
100938,2016-11-04,6,361.03,17,60.17,Regular
100939,2016-08-22,9,429.13,91,47.68,Regular
100940,2016-07-02,5,163.73,142,32.75,Regular
100941,2016-01-23,2,138.36,303,69.18,Occasional
100942,2015-09-03,4,188.05,445,47.01,Regular
100943,2016-02-23,1,28.56,272,28.56,One-time
100944,2016-10-19,3,64.02,33,21.34,Occasional
100945,2016-06-04,4,121.0,170,30.25,Regular
100946,2015-11-19,5,146.82,368,29.36,Regular
100947,2016-09-14,9,254.09,68,28.23,Regular
100948,2016-11-08,4,188.23,13,47.06,Regular
100949,2016-04-23,4,61.25,212,15.31,Regular
100950,2016-10-13,6,303.14,39,50.52,Regular
100951,2016-07-22,8,295.62,122,36.95,Regular
100952,2016-10-09,3,213.73,43,71.24,Occasional
100953,2016-09-10,9,452.8,72,50.31,Regular
100954,2016-10-11,5,139.29,41,27.86,Regular
100955,2016-01-14,3,43.05,312,14.35,Occasional
100956,2015-12-29,5,198.47,328,39.69,Regular
100957,2015-12-12,7,253.36,345,36.19,Regular
100958,2016-11-11,4,105.17,10,26.29,Regular
100959,2016-07-10,5,216.79,134,43.36,Regular
100960,2016-09-23,7,345.25,59,49.32,Regular
100961,2016-09-11,6,181.0,71,30.17,Regular
100962,2016-09-09,6,135.32,73,22.55,Regular
100963,2016-11-14,7,216.05,7,30.86,Regular
100964,2016-06-27,5,320.84,147,64.17,Regular
100965,2015-09-14,7,221.43,434,31.63,Regular
100966,2016-06-09,4,123.73,165,30.93,Regular
100967,2016-09-25,2,76.91,57,38.46,Occasional
100968,2016-06-04,4,104.65,170,26.16,Regular
100969,2016-07-09,9,172.78,135,19.2,Regular
100970,2016-09-30,7,207.17,52,29.6,Regular
100971,2016-09-16,2,54.81,66,27.4,Occasional
100972,2016-08-02,4,125.43,111,31.36,Regular
100973,2016-04-11,10,530.64,224,53.06,Regular
100974,2016-06-25,5,193.04,149,38.61,Regular
100975,2016-08-13,5,152.01,100,30.4,Regular
100976,2016-11-18,9,277.26,3,30.81,Regular
100977,2014-06-09,2,70.14,896,35.07,Occasional
100978,2015-06-06,5,109.45,534,21.89,Regular
100979,2016-10-24,4,156.53,28,39.13,Regular
100980,2016-08-03,6,418.92,110,69.82,Regular
100981,2016-11-10,7,364.39,11,52.06,Regular
100982,2016-07-24,4,99.8,120,24.95,Regular
100983,2016-06-15,7,239.28,159,34.18,Regular
100984,2016-08-13,4,119.89,100,29.97,Regular
100985,2016-11-07,5,208.0,14,41.6,Regular
100986,2016-10-31,10,356.56,21,35.66,Regular
100987,2016-10-03,7,195.88,49,27.98,Regular
100988,2016-10-19,5,145.32,33,29.06,Regular
100989,2016-08-11,9,201.01,102,22.33,Regular
100990,2016-04-23,7,327.72,212,46.82,Regular
100991,2015-11-15,3,68.22,372,22.74,Occasional
100992,2014-10-14,4,211.81,769,52.95,Regular
100993,2016-08-06,3,43.17,107,14.39,Occasional
100994,2016-10-05,9,244.96,47,27.22,Regular
100995,2016-08-29,7,336.34,84,48.05,Regular
100996,2014-01-10,1,110.31,1046,110.31,One-time
100997,2016-08-10,4,74.25,103,18.56,Regular
100998,2016-02-08,2,20.0,287,10.0,Occasional
100999,2015-03-02,3,125.81,630,41.94,Occasional
101000,2015-11-27,3,91.67,360,30.56,Occasional
101001,2016-10-12,10,450.41,40,45.04,Regular
101002,2015-09-03,6,284.66,445,47.44,Regular
101003,2015-12-06,5,148.72,351,29.74,Regular
101004,2016-01-20,5,122.68,306,24.54,Regular
101005,2016-09-09,11,640.48,73,58.23,Frequent
101006,2016-08-19,13,428.37,94,32.95,Frequent
101007,2016-06-10,6,163.04,164,27.17,Regular
101008,2016-05-07,7,140.29,198,20.04,Regular
101009,2016-11-12,5,235.16,9,47.03,Regular
101010,2016-10-12,11,344.22,40,31.29,Frequent
101011,2016-07-19,6,197.84,125,32.97,Regular
101012,2015-04-15,5,145.92,586,29.18,Regular
101013,2015-12-15,3,124.0,342,41.33,Occasional
101014,2016-03-07,5,174.83,259,34.97,Regular
101015,2015-07-30,3,126.33,480,42.11,Occasional
101016,2016-11-05,5,127.12,16,25.42,Regular
101017,2016-09-10,6,170.04,72,28.34,Regular
101018,2016-07-01,2,89.08,143,44.54,Occasional
101019,2015-04-25,2,67.96,576,33.98,Occasional
101020,2015-09-28,5,494.7,420,98.94,Regular
101021,2016-10-19,8,476.2,33,59.52,Regular
101022,2016-11-02,10,395.39,19,39.54,Regular
101023,2016-10-23,6,111.9,29,18.65,Regular
101024,2016-08-18,5,162.07,95,32.41,Regular
101025,2016-09-21,4,155.53,61,38.88,Regular
101026,2016-05-23,5,165.87,182,33.17,Regular
101027,2016-02-07,2,47.29,288,23.64,Occasional
101028,2016-04-18,7,176.25,217,25.18,Regular
101029,2016-04-12,6,215.2,223,35.87,Regular
101030,2016-04-09,2,44.3,226,22.15,Occasional
101031,2016-11-09,6,154.96,12,25.83,Regular
101032,2016-04-03,4,192.41,232,48.1,Regular
101033,2016-10-11,10,492.77,41,49.28,Regular
101034,2015-07-30,4,188.8,480,47.2,Regular
101035,2016-07-04,6,137.11,140,22.85,Regular
101036,2016-11-08,4,142.63,13,35.66,Regular
101037,2016-09-11,6,240.13,71,40.02,Regular
101038,2015-12-05,5,169.64,352,33.93,Regular
101039,2016-02-25,4,59.68,270,14.92,Regular
101040,2016-10-29,7,277.06,23,39.58,Regular
101041,2015-05-08,3,91.29,563,30.43,Occasional
101042,2016-02-22,7,189.93,273,27.13,Regular
101043,2016-08-08,7,394.51,105,56.36,Regular
101044,2016-04-19,5,141.38,216,28.28,Regular
101045,2015-07-17,3,73.65,493,24.55,Occasional
101046,2016-10-11,7,178.25,41,25.46,Regular
101047,2016-08-03,6,204.67,110,34.11,Regular
101048,2016-01-02,3,79.54,324,26.51,Occasional
101049,2015-08-20,4,118.19,459,29.55,Regular
101050,2016-08-03,9,315.16,110,35.02,Regular
101051,2016-07-10,4,341.44,134,85.36,Regular
101052,2016-06-24,7,307.92,150,43.99,Regular
101053,2016-10-14,5,152.84,38,30.57,Regular
101054,2016-08-08,2,56.48,105,28.24,Occasional
101055,2015-10-30,1,21.13,388,21.13,One-time
101056,2016-11-11,8,204.98,10,25.62,Regular
101057,2016-10-20,7,290.5,32,41.5,Regular
101058,2016-02-05,4,114.5,290,28.62,Regular
101059,2016-04-14,6,80.18,221,13.36,Regular
101060,2016-11-14,7,179.1,7,25.59,Regular
101061,2016-09-15,8,321.11,67,40.14,Regular
101062,2016-11-10,3,64.05,11,21.35,Occasional
101063,2015-11-15,3,74.06,372,24.69,Occasional
101064,2016-11-03,7,218.88,18,31.27,Regular
101065,2016-06-02,6,239.26,172,39.88,Regular
101066,2016-10-06,2,118.27,46,59.14,Occasional
101067,2015-03-17,3,105.78,615,35.26,Occasional
101068,2016-10-10,9,203.88,42,22.65,Regular
101069,2016-08-19,8,263.22,94,32.9,Regular
101070,2016-08-09,4,72.85,104,18.21,Regular
101071,2016-10-21,3,61.64,31,20.55,Occasional
101072,2016-02-11,5,225.75,284,45.15,Regular
101073,2016-02-15,2,32.34,280,16.17,Occasional
101074,2016-10-14,10,433.37,38,43.34,Regular
101075,2016-08-30,3,92.48,83,30.83,Occasional
101076,2016-05-04,7,278.89,201,39.84,Regular
101077,2016-10-25,8,229.2,27,28.65,Regular
101078,2015-12-24,7,283.77,333,40.54,Regular
101079,2015-12-03,8,217.13,354,27.14,Regular
101080,2016-04-04,5,118.06,231,23.61,Regular
101081,2016-04-29,7,258.76,206,36.97,Regular
101082,2016-06-20,4,107.36,154,26.84,Regular
101083,2016-10-03,5,230.78,49,46.16,Regular
101084,2016-06-22,4,93.47,152,23.37,Regular
101085,2016-09-30,10,331.47,52,33.15,Regular
101086,2016-07-03,7,212.11,141,30.3,Regular
101087,2016-10-18,11,505.02,34,45.91,Frequent
101088,2016-11-06,9,221.14,15,24.57,Regular
101089,2016-08-09,9,204.57,104,22.73,Regular
101090,2016-03-13,3,187.25,253,62.42,Occasional
101091,2015-12-17,4,133.0,340,33.25,Regular
101092,2016-09-04,13,364.57,78,28.04,Frequent
101093,2016-10-26,7,236.89,26,33.84,Regular
101094,2016-05-17,3,53.53,188,17.84,Occasional
101095,2016-01-10,6,289.96,316,48.33,Regular
101096,2016-09-04,7,236.87,78,33.84,Regular
101097,2016-10-23,9,298.17,29,33.13,Regular
101098,2016-10-13,4,275.79,39,68.95,Regular
101099,2015-05-31,2,148.07,540,74.04,Occasional
101100,2016-05-09,4,136.98,196,34.25,Regular
101101,2016-05-27,6,139.11,178,23.18,Regular
101102,2016-08-15,12,405.03,98,33.75,Frequent
101103,2016-11-05,4,84.93,16,21.23,Regular
101104,2016-08-11,4,146.64,102,36.66,Regular
101105,2016-07-23,9,349.47,121,38.83,Regular
101106,2016-02-13,3,69.57,282,23.19,Occasional
101107,2016-10-20,8,509.98,32,63.75,Regular
101108,2015-07-04,5,240.33,506,48.07,Regular
101109,2016-06-11,7,296.81,163,42.4,Regular
101110,2016-10-21,9,277.86,31,30.87,Regular
101111,2016-09-21,12,400.97,61,33.41,Frequent
101112,2016-10-06,6,103.52,46,17.25,Regular
101113,2015-10-13,2,55.83,405,27.92,Occasional
101114,2016-08-19,9,336.27,94,37.36,Regular
101115,2016-04-04,8,296.81,231,37.1,Regular
101116,2016-07-25,4,79.91,119,19.98,Regular
101117,2016-05-18,5,144.6,187,28.92,Regular
101118,2016-08-20,3,98.16,93,32.72,Occasional
101119,2016-05-30,9,448.2,175,49.8,Regular
101120,2016-04-23,6,297.06,212,49.51,Regular
101121,2016-11-06,4,89.61,15,22.4,Regular
101122,2016-11-08,10,419.62,13,41.96,Regular
101123,2016-10-18,3,90.47,34,30.16,Occasional
101124,2016-10-27,6,198.8,25,33.13,Regular
101125,2016-10-12,10,695.19,40,69.52,Regular
101126,2016-04-07,3,64.87,228,21.62,Occasional
101127,2016-08-29,3,77.51,84,25.84,Occasional
101128,2016-09-12,5,258.82,70,51.76,Regular
101129,2016-01-24,4,69.16,302,17.29,Regular
101130,2016-10-13,4,256.86,39,64.22,Regular
101131,2016-10-14,11,276.56,38,25.14,Frequent
101132,2016-10-01,3,86.15,51,28.72,Occasional
101133,2016-07-18,5,94.85,126,18.97,Regular
101134,2016-09-15,7,306.9,67,43.84,Regular
101135,2016-10-16,6,275.33,36,45.89,Regular
101136,2015-08-21,3,51.56,458,17.19,Occasional
101137,2016-11-03,5,212.03,18,42.41,Regular
101138,2016-05-21,6,266.54,184,44.42,Regular
101139,2016-09-24,5,147.39,58,29.48,Regular
101140,2015-12-01,6,207.24,356,34.54,Regular
101141,2016-06-11,5,171.59,163,34.32,Regular
101142,2014-01-13,1,30.24,1043,30.24,One-time
101143,2016-03-15,2,71.72,251,35.86,Occasional
101144,2015-07-22,5,120.73,488,24.15,Regular
101145,2016-10-15,7,320.92,37,45.85,Regular
101146,2016-02-08,7,127.25,287,18.18,Regular
101147,2015-11-08,11,370.05,379,33.64,Frequent
101148,2016-10-16,8,302.33,36,37.79,Regular
101149,2015-12-01,5,140.18,356,28.04,Regular
101150,2016-06-16,5,124.44,158,24.89,Regular
101151,2016-08-23,4,230.11,90,57.53,Regular
101152,2016-02-13,8,269.28,282,33.66,Regular
101153,2016-11-20,8,305.71,1,38.21,Regular
101154,2016-08-31,9,279.74,82,31.08,Regular
101155,2016-05-22,12,489.72,183,40.81,Frequent
101156,2016-10-12,7,186.89,40,26.7,Regular
101157,2016-10-25,8,255.58,27,31.95,Regular
101158,2016-10-04,6,216.72,48,36.12,Regular
101159,2016-03-14,6,199.4,252,33.23,Regular
101160,2015-08-11,2,124.38,468,62.19,Occasional
101161,2016-09-17,7,192.14,65,27.45,Regular
101162,2016-10-23,8,247.92,29,30.99,Regular
101163,2016-08-01,8,311.08,112,38.89,Regular
101164,2016-09-01,4,204.7,81,51.18,Regular
101165,2015-07-14,4,105.65,496,26.41,Regular
101166,2016-02-24,3,85.81,271,28.6,Occasional
101167,2016-08-06,7,136.25,107,19.46,Regular
101168,2016-11-11,7,330.7,10,47.24,Regular
101169,2016-03-04,8,241.67,262,30.21,Regular
101170,2016-09-08,14,720.12,74,51.44,Frequent
101171,2016-11-09,11,426.03,12,38.73,Frequent
101172,2016-10-31,9,206.31,21,22.92,Regular
101173,2016-06-08,3,28.73,166,9.58,Occasional
101174,2016-10-09,2,37.65,43,18.82,Occasional
101175,2015-12-27,5,127.48,330,25.5,Regular
101176,2016-05-07,11,558.46,198,50.77,Frequent
101177,2016-11-14,6,158.08,7,26.35,Regular
101178,2016-04-02,5,233.21,233,46.64,Regular
101179,2016-09-07,7,168.59,75,24.08,Regular
101180,2016-10-13,6,298.61,39,49.77,Regular
101181,2015-05-25,4,121.32,546,30.33,Regular
101182,2016-11-09,8,203.94,12,25.49,Regular
101183,2016-04-29,2,116.18,206,58.09,Occasional
101184,2016-09-15,6,500.55,67,83.42,Regular
101185,2016-06-24,5,120.31,150,24.06,Regular
101186,2016-07-19,5,204.95,125,40.99,Regular
101187,2016-10-06,7,400.32,46,57.19,Regular
101188,2016-05-01,4,105.37,204,26.34,Regular
101189,2016-05-17,6,131.33,188,21.89,Regular
101190,2016-03-24,4,147.06,242,36.76,Regular
101191,2016-04-27,8,623.7,208,77.96,Regular
101192,2016-10-02,5,102.49,50,20.5,Regular
101193,2016-06-03,5,343.85,171,68.77,Regular
101194,2016-11-15,8,371.33,6,46.42,Regular
101195,2015-01-27,3,118.3,664,39.43,Occasional
101196,2016-05-29,10,492.16,176,49.22,Regular
101197,2016-09-12,9,268.38,70,29.82,Regular
101198,2016-03-28,11,345.16,238,31.38,Frequent
101199,2016-11-13,5,192.84,8,38.57,Regular
101200,2016-05-18,4,86.03,187,21.51,Regular
101201,2016-06-03,6,167.91,171,27.98,Regular
101202,2016-09-26,5,199.68,56,39.94,Regular
101203,2016-02-29,6,231.35,266,38.56,Regular
101204,2016-11-15,6,125.24,6,20.87,Regular
101205,2016-09-26,7,329.61,56,47.09,Regular
101206,2016-10-22,8,390.0,30,48.75,Regular
101207,2016-06-19,8,244.31,155,30.54,Regular
101208,2016-10-26,5,103.76,26,20.75,Regular
101209,2016-09-30,8,433.57,52,54.2,Regular
101210,2016-09-12,8,311.89,70,38.99,Regular
101211,2016-10-07,6,182.93,45,30.49,Regular
101212,2016-10-18,8,230.23,34,28.78,Regular
101213,2016-10-11,6,223.7,41,37.28,Regular
101214,2016-03-09,7,221.21,257,31.6,Regular
101215,2016-06-07,4,323.58,167,80.9,Regular
101216,2015-06-24,5,140.26,516,28.05,Regular
101217,2015-05-06,4,124.83,565,31.21,Regular
101218,2016-08-14,6,193.88,99,32.31,Regular
101219,2014-06-06,1,23.6,899,23.6,One-time
101220,2016-06-15,8,145.06,159,18.13,Regular
101221,2016-06-24,6,203.1,150,33.85,Regular
101222,2016-10-30,13,297.79,22,22.91,Frequent
101223,2016-08-11,5,303.04,102,60.61,Regular
101224,2015-11-27,3,120.23,360,40.08,Occasional
101225,2016-07-17,5,130.33,127,26.07,Regular
101226,2016-10-18,6,218.48,34,36.41,Regular
101227,2016-11-13,6,215.03,8,35.84,Regular
101228,2015-02-28,3,93.17,632,31.06,Occasional
101229,2016-08-04,5,204.42,109,40.88,Regular
101230,2016-11-01,8,269.0,20,33.62,Regular
101231,2016-06-19,9,216.86,155,24.1,Regular
101232,2015-10-03,10,338.07,415,33.81,Regular
101233,2016-04-20,5,162.44,215,32.49,Regular
101234,2016-11-18,6,178.08,3,29.68,Regular
101235,2016-06-11,6,140.04,163,23.34,Regular
101236,2016-10-17,8,270.41,35,33.8,Regular
101237,2016-10-16,8,223.45,36,27.93,Regular
101238,2015-08-10,5,89.91,469,17.98,Regular
101239,2016-06-06,3,119.3,168,39.77,Occasional
101240,2016-09-12,4,82.82,70,20.7,Regular
101241,2015-11-25,5,78.75,362,15.75,Regular
101242,2015-10-30,4,112.46,388,28.12,Regular
101243,2016-03-30,4,188.74,236,47.18,Regular
101244,2016-10-10,8,423.99,42,53.0,Regular
101245,2016-10-25,7,158.2,27,22.6,Regular
101246,2015-08-01,3,124.67,478,41.56,Occasional
101247,2016-09-30,4,95.18,52,23.8,Regular
101248,2016-05-13,7,280.97,192,40.14,Regular
101249,2016-10-31,10,306.79,21,30.68,Regular
101250,2016-10-28,5,172.85,24,34.57,Regular
101251,2016-06-09,5,217.14,165,43.43,Regular
101252,2016-08-05,7,173.34,108,24.76,Regular
101253,2016-10-21,4,65.82,31,16.45,Regular
101254,2015-05-16,5,221.96,555,44.39,Regular
101255,2016-06-30,7,222.19,144,31.74,Regular
101256,2016-06-29,3,74.52,145,24.84,Occasional
101257,2016-09-01,5,113.38,81,22.68,Regular
101258,2016-07-07,5,275.53,137,55.11,Regular
101259,2016-07-15,8,311.01,129,38.88,Regular
101260,2016-10-30,9,244.95,22,27.22,Regular
101261,2016-11-18,6,150.61,3,25.1,Regular
101262,2015-04-17,6,216.1,584,36.02,Regular
101263,2016-10-16,11,328.48,36,29.86,Frequent
101264,2016-05-28,4,122.72,177,30.68,Regular
101265,2015-03-13,1,45.07,619,45.07,One-time
101266,2016-07-13,7,339.61,131,48.52,Regular
101267,2016-07-13,5,208.91,131,41.78,Regular
101268,2016-08-12,9,334.43,101,37.16,Regular
101269,2016-09-19,10,242.51,63,24.25,Regular
101270,2016-10-05,6,260.85,47,43.48,Regular
101271,2016-11-09,7,363.72,12,51.96,Regular
101272,2016-02-08,5,254.1,287,50.82,Regular
101273,2016-11-04,5,196.95,17,39.39,Regular
101274,2016-10-28,4,67.71,24,16.93,Regular
101275,2016-11-19,8,167.26,2,20.91,Regular
101276,2016-07-22,4,88.9,122,22.22,Regular
101277,2016-09-02,8,208.12,80,26.02,Regular
101278,2016-06-26,8,189.88,148,23.74,Regular
101279,2016-11-15,8,245.67,6,30.71,Regular
101280,2015-12-06,4,141.84,351,35.46,Regular
101281,2016-08-31,4,90.59,82,22.65,Regular
101282,2016-04-05,4,139.88,230,34.97,Regular
101283,2016-04-29,6,125.26,206,20.88,Regular
101284,2015-11-18,4,74.94,369,18.74,Regular
101285,2016-10-27,4,129.48,25,32.37,Regular
101286,2016-03-21,4,92.86,245,23.22,Regular
101287,2015-01-30,4,138.35,661,34.59,Regular
101288,2016-10-16,5,114.22,36,22.84,Regular
101289,2014-07-30,1,166.7,845,166.7,One-time
101290,2016-10-25,8,241.93,27,30.24,Regular
101291,2015-05-18,4,95.87,553,23.97,Regular
101292,2016-10-22,6,364.0,30,60.67,Regular
101293,2016-02-12,5,234.13,283,46.83,Regular
101294,2016-04-17,6,209.3,218,34.88,Regular
101295,2014-09-21,3,119.36,792,39.79,Occasional
101296,2015-10-23,4,203.65,395,50.91,Regular
101297,2016-07-25,6,343.62,119,57.27,Regular
101298,2016-10-29,11,334.76,23,30.43,Frequent
101299,2016-09-29,5,174.81,53,34.96,Regular
101300,2016-09-24,6,98.87,58,16.48,Regular
101301,2016-03-27,7,220.73,239,31.53,Regular
101302,2016-11-16,6,142.19,5,23.7,Regular
101303,2016-10-05,10,420.75,47,42.08,Regular
101304,2016-08-02,6,216.84,111,36.14,Regular
101305,2016-05-17,6,264.42,188,44.07,Regular
101306,2016-08-10,6,205.52,103,34.25,Regular
101307,2016-06-06,6,182.61,168,30.44,Regular
101308,2016-10-29,6,153.74,23,25.62,Regular
101309,2016-08-14,7,320.61,99,45.8,Regular
101310,2015-12-17,5,137.89,340,27.58,Regular
101311,2016-10-26,8,522.61,26,65.33,Regular
101312,2016-06-14,6,255.26,160,42.54,Regular
101313,2015-09-11,8,262.04,437,32.76,Regular
101314,2016-11-13,4,173.16,8,43.29,Regular
101315,2016-10-11,2,33.58,41,16.79,Occasional
101316,2016-01-24,5,174.94,302,34.99,Regular
101317,2016-11-19,3,131.51,2,43.84,Occasional
101318,2015-09-02,3,115.08,446,38.36,Occasional
101319,2016-10-25,10,247.42,27,24.74,Regular
101320,2016-02-09,8,336.15,286,42.02,Regular
101321,2016-07-28,8,245.1,116,30.64,Regular
101322,2016-10-08,10,271.56,44,27.16,Regular
101323,2016-09-30,5,157.32,52,31.46,Regular
101324,2016-08-24,7,352.37,89,50.34,Regular
101325,2016-07-29,9,326.62,115,36.29,Regular
101326,2016-02-10,4,138.73,285,34.68,Regular
101327,2016-07-20,5,143.39,124,28.68,Regular
101328,2016-08-27,7,260.89,86,37.27,Regular
101329,2016-06-18,7,204.71,156,29.24,Regular
101330,2016-04-10,5,178.83,225,35.77,Regular
101331,2016-09-25,8,213.45,57,26.68,Regular
101332,2016-10-06,8,450.49,46,56.31,Regular
101333,2016-06-29,6,222.57,145,37.1,Regular
101334,2016-07-20,5,150.98,124,30.2,Regular
101335,2016-07-17,5,181.47,127,36.29,Regular
101336,2016-08-29,5,141.79,84,28.36,Regular
101337,2015-12-30,3,104.81,327,34.94,Occasional
101338,2016-10-28,5,261.14,24,52.23,Regular
101339,2016-10-10,8,191.94,42,23.99,Regular
101340,2016-08-31,5,122.51,82,24.5,Regular
101341,2016-11-10,6,214.13,11,35.69,Regular
101342,2016-11-16,8,246.9,5,30.86,Regular
101343,2016-10-07,2,22.56,45,11.28,Occasional
101344,2016-05-02,9,352.44,203,39.16,Regular
101345,2016-09-15,7,276.76,67,39.54,Regular
101346,2015-12-14,6,171.7,343,28.62,Regular
101347,2016-05-05,5,179.48,200,35.9,Regular
101348,2016-10-10,4,137.87,42,34.47,Regular
101349,2016-11-06,6,205.0,15,34.17,Regular
101350,2016-08-04,5,213.21,109,42.64,Regular
101351,2015-11-28,5,144.91,359,28.98,Regular
101352,2016-08-06,5,125.66,107,25.13,Regular
101353,2016-06-20,12,331.02,154,27.58,Frequent
101354,2016-11-03,4,215.22,18,53.8,Regular
101355,2015-09-04,4,105.49,444,26.37,Regular
101356,2016-09-02,8,183.97,80,23.0,Regular
101357,2016-04-27,3,134.23,208,44.74,Occasional
101358,2016-09-03,5,177.84,79,35.57,Regular
101359,2016-02-29,2,38.47,266,19.24,Occasional
101360,2016-06-05,2,46.65,169,23.32,Occasional
101361,2016-07-29,8,325.54,115,40.69,Regular
101362,2016-10-11,9,311.92,41,34.66,Regular
101363,2014-11-29,1,38.29,723,38.29,One-time
101364,2016-07-30,8,225.25,114,28.16,Regular
101365,2015-03-17,4,126.96,615,31.74,Regular
101366,2016-10-11,5,85.1,41,17.02,Regular
101367,2016-10-30,7,154.93,22,22.13,Regular
101368,2014-11-30,3,72.24,722,24.08,Occasional
101369,2016-07-18,8,271.32,126,33.92,Regular
101370,2016-04-17,6,253.58,218,42.26,Regular
101371,2015-12-27,6,519.31,330,86.55,Regular
101372,2016-10-23,2,107.56,29,53.78,Occasional
101373,2016-09-10,7,228.69,72,32.67,Regular
101374,2016-04-05,6,277.67,230,46.28,Regular
101375,2016-09-28,6,161.78,54,26.96,Regular
101376,2016-09-14,6,348.92,68,58.15,Regular
101377,2015-07-23,4,67.89,487,16.97,Regular
101378,2016-06-25,8,313.42,149,39.18,Regular
101379,2016-01-30,7,191.87,296,27.41,Regular
101380,2016-10-25,8,243.38,27,30.42,Regular
101381,2016-09-27,5,103.77,55,20.75,Regular
101382,2016-08-18,6,117.62,95,19.6,Regular
101383,2016-09-22,12,363.38,60,30.28,Frequent
101384,2015-10-23,6,414.41,395,69.07,Regular
101385,2016-10-27,12,390.89,25,32.57,Frequent
101386,2016-07-25,6,352.73,119,58.79,Regular
101387,2016-06-09,7,266.28,165,38.04,Regular
101388,2015-10-24,2,83.01,394,41.5,Occasional
101389,2016-08-07,5,112.05,106,22.41,Regular
101390,2015-10-21,5,124.91,397,24.98,Regular
101391,2016-02-03,7,600.75,292,85.82,Regular
101392,2016-10-04,4,155.54,48,38.88,Regular
101393,2016-10-08,9,406.88,44,45.21,Regular
101394,2015-10-27,2,17.25,391,8.62,Occasional
101395,2016-07-13,5,127.23,131,25.45,Regular
101396,2016-01-10,1,73.81,316,73.81,One-time
101397,2016-08-31,5,187.3,82,37.46,Regular
101398,2015-04-22,1,122.09,579,122.09,One-time
101399,2016-06-28,3,139.31,146,46.44,Occasional
101400,2016-05-10,6,170.37,195,28.4,Regular
101401,2016-05-04,7,191.65,201,27.38,Regular
101402,2016-10-24,7,152.86,28,21.84,Regular
101403,2016-06-14,4,79.63,160,19.91,Regular
101404,2016-04-18,2,38.99,217,19.49,Occasional
101405,2016-08-22,6,151.34,91,25.22,Regular
101406,2016-08-10,5,142.41,103,28.48,Regular
101407,2016-07-11,5,113.49,133,22.7,Regular
101408,2016-10-13,8,224.56,39,28.07,Regular
101409,2016-04-04,6,316.6,231,52.77,Regular
101410,2016-09-06,6,224.11,76,37.35,Regular
101411,2016-11-15,7,185.52,6,26.5,Regular
101412,2016-09-22,6,199.91,60,33.32,Regular
101413,2015-11-03,2,146.4,384,73.2,Occasional
101414,2016-11-12,10,508.32,9,50.83,Regular
101415,2015-08-28,6,392.62,451,65.44,Regular
101416,2016-05-05,4,122.29,200,30.57,Regular
101417,2016-10-16,6,289.48,36,48.25,Regular
101418,2016-10-18,9,268.43,34,29.83,Regular
101419,2016-11-18,8,300.21,3,37.53,Regular
101420,2016-11-04,7,232.63,17,33.23,Regular
101421,2016-05-16,9,365.61,189,40.62,Regular
101422,2015-12-20,7,257.56,337,36.79,Regular
101423,2016-07-19,5,150.9,125,30.18,Regular
101424,2016-10-22,3,126.25,30,42.08,Occasional
101425,2016-10-08,5,241.51,44,48.3,Regular
101426,2016-02-17,4,89.22,278,22.3,Regular
101427,2015-01-03,2,17.98,688,8.99,Occasional
101428,2016-04-11,9,294.51,224,32.72,Regular
101429,2016-10-15,8,224.3,37,28.04,Regular
101430,2016-08-04,7,134.71,109,19.24,Regular
101431,2014-06-05,1,14.62,900,14.62,One-time
101432,2016-07-04,7,252.45,140,36.06,Regular
101433,2015-08-18,4,96.07,461,24.02,Regular
101434,2016-06-14,6,221.62,160,36.94,Regular
101435,2016-08-14,8,379.49,99,47.44,Regular
101436,2016-06-08,3,85.52,166,28.51,Occasional
101437,2015-04-01,4,145.59,600,36.4,Regular
101438,2016-11-10,9,258.35,11,28.71,Regular
101439,2015-10-31,5,185.75,387,37.15,Regular
101440,2016-10-31,5,247.57,21,49.51,Regular
101441,2016-05-26,5,213.27,179,42.65,Regular
101442,2016-07-12,5,267.49,132,53.5,Regular
101443,2016-11-01,9,364.21,20,40.47,Regular
101444,2016-10-09,8,220.33,43,27.54,Regular
101445,2016-02-14,5,219.48,281,43.9,Regular
101446,2016-02-13,7,258.81,282,36.97,Regular
101447,2015-10-24,3,169.22,394,56.41,Occasional
101448,2016-08-12,2,96.08,101,48.04,Occasional
101449,2016-06-12,6,141.44,162,23.57,Regular
101450,2016-08-29,6,165.76,84,27.63,Regular
101451,2016-04-20,6,254.12,215,42.35,Regular
101452,2016-06-15,8,352.63,159,44.08,Regular
101453,2016-02-13,4,82.22,282,20.56,Regular
101454,2016-06-30,6,229.28,144,38.21,Regular
101455,2016-07-31,6,194.55,113,32.43,Regular
101456,2016-11-11,4,103.87,10,25.97,Regular
101457,2016-10-15,6,246.12,37,41.02,Regular
101458,2016-08-16,8,167.97,97,21.0,Regular
101459,2015-09-10,4,149.66,438,37.42,Regular
101460,2016-09-03,7,162.13,79,23.16,Regular
101461,2016-06-12,3,154.64,162,51.55,Occasional
101462,2016-01-08,4,225.55,318,56.39,Regular
101463,2016-09-24,6,163.13,58,27.19,Regular
101464,2016-09-06,12,329.28,76,27.44,Frequent
101465,2016-11-07,9,383.11,14,42.57,Regular
101466,2016-11-06,6,172.98,15,28.83,Regular
101467,2016-10-16,6,320.16,36,53.36,Regular
101468,2016-09-18,4,104.59,64,26.15,Regular
101469,2015-07-24,4,68.44,486,17.11,Regular
101470,2016-08-15,6,138.14,98,23.02,Regular
101471,2016-06-05,5,135.91,169,27.18,Regular
101472,2016-06-24,4,70.34,150,17.58,Regular
101473,2015-08-04,6,140.52,475,23.42,Regular
101474,2016-04-16,8,280.81,219,35.1,Regular
101475,2016-11-03,9,298.86,18,33.21,Regular
101476,2015-06-05,3,121.44,535,40.48,Occasional
101477,2016-06-01,4,199.4,173,49.85,Regular
101478,2015-04-29,3,75.33,572,25.11,Occasional
101479,2016-11-01,2,25.46,20,12.73,Occasional
101480,2016-08-14,7,323.47,99,46.21,Regular
101481,2016-07-25,6,105.43,119,17.57,Regular
101482,2016-08-16,8,219.3,97,27.41,Regular
101483,2015-09-22,6,190.66,426,31.78,Regular
101484,2016-08-16,8,336.6,97,42.08,Regular
101485,2016-04-05,4,117.32,230,29.33,Regular
101486,2016-05-02,5,202.87,203,40.57,Regular
101487,2016-04-14,4,135.12,221,33.78,Regular
101488,2015-01-21,5,138.35,670,27.67,Regular
101489,2016-10-30,9,180.33,22,20.04,Regular
101490,2016-04-14,4,91.66,221,22.92,Regular
101491,2016-09-06,4,214.4,76,53.6,Regular
101492,2016-09-30,5,179.74,52,35.95,Regular
101493,2016-05-29,8,276.99,176,34.62,Regular
101494,2016-10-05,3,108.0,47,36.0,Occasional
101495,2016-10-20,8,290.9,32,36.36,Regular
101496,2016-02-11,4,216.42,284,54.1,Regular
101497,2016-07-11,8,318.99,133,39.87,Regular
101498,2016-02-06,9,279.62,289,31.07,Regular
101499,2016-11-02,7,337.29,19,48.18,Regular
101500,2016-09-24,5,143.68,58,28.74,Regular
101501,2016-10-22,7,167.96,30,23.99,Regular
101502,2016-08-09,7,225.7,104,32.24,Regular
101503,2016-08-19,7,172.77,94,24.68,Regular
101504,2015-05-01,5,120.98,570,24.2,Regular
101505,2016-09-29,9,361.73,53,40.19,Regular
101506,2016-06-09,6,173.28,165,28.88,Regular
101507,2016-07-29,10,360.9,115,36.09,Regular
101508,2016-06-13,9,345.15,161,38.35,Regular
101509,2016-01-06,7,291.23,320,41.6,Regular
101510,2015-03-22,3,233.76,610,77.92,Occasional
101511,2016-10-29,10,269.05,23,26.9,Regular
101512,2015-09-13,2,62.51,435,31.26,Occasional
101513,2016-07-19,7,247.35,125,35.34,Regular
101514,2016-03-17,4,110.05,249,27.51,Regular
101515,2016-09-11,3,100.41,71,33.47,Occasional
101516,2016-06-07,5,196.51,167,39.3,Regular
101517,2016-07-10,10,615.14,134,61.51,Regular
101518,2016-07-10,6,196.83,134,32.8,Regular
101519,2016-05-22,9,327.95,183,36.44,Regular
101520,2015-04-07,3,84.87,594,28.29,Occasional
101521,2016-10-20,7,184.51,32,26.36,Regular
101522,,0,0.0,1054,0.0,No Donation
101523,2016-09-11,11,600.99,71,54.64,Frequent
101524,2016-02-21,5,199.06,274,39.81,Regular
101525,2016-06-01,10,314.02,173,31.4,Regular
101526,2015-12-22,2,51.1,335,25.55,Occasional
101527,2016-06-14,6,260.93,160,43.49,Regular
101528,2016-07-03,6,117.69,141,19.61,Regular
101529,2016-09-15,9,401.01,67,44.56,Regular
101530,2016-02-27,4,220.4,268,55.1,Regular
101531,2016-05-26,7,178.42,179,25.49,Regular
101532,2016-06-10,4,304.57,164,76.14,Regular
101533,2016-06-10,4,60.68,164,15.17,Regular
101534,2016-07-05,4,213.02,139,53.26,Regular
101535,2016-07-14,7,98.98,130,14.14,Regular
101536,2015-12-23,9,232.13,334,25.79,Regular
101537,2016-09-19,5,223.05,63,44.61,Regular
101538,2016-03-31,3,110.38,235,36.79,Occasional
101539,2016-06-07,4,91.38,167,22.84,Regular
101540,2016-07-22,6,266.07,122,44.34,Regular
101541,2016-11-20,8,808.94,1,101.12,Regular
101542,2016-08-30,4,96.08,83,24.02,Regular
101543,2015-03-21,2,61.9,611,30.95,Occasional
101544,2016-09-17,5,240.42,65,48.08,Regular
101545,2016-10-09,11,354.02,43,32.18,Frequent
101546,2015-09-27,5,56.89,421,11.38,Regular
101547,2016-01-06,1,12.09,320,12.09,One-time
101548,2016-09-16,9,295.5,66,32.83,Regular
101549,2016-05-15,3,105.34,190,35.11,Occasional
101550,2016-10-21,8,287.91,31,35.99,Regular
101551,2016-09-11,6,173.94,71,28.99,Regular
101552,2016-06-09,9,314.17,165,34.91,Regular
101553,2016-08-09,8,387.1,104,48.39,Regular
101554,2015-12-24,5,127.13,333,25.43,Regular
101555,2016-03-31,6,142.47,235,23.74,Regular
101556,2016-06-29,9,350.29,145,38.92,Regular
101557,2016-11-02,3,158.06,19,52.69,Occasional
101558,2016-07-08,5,246.16,136,49.23,Regular
101559,2016-10-17,11,419.52,35,38.14,Frequent
101560,2015-12-31,5,130.72,326,26.14,Regular
101561,2016-06-28,5,215.74,146,43.15,Regular
101562,2016-09-04,5,207.46,78,41.49,Regular
101563,2016-07-28,7,255.74,116,36.53,Regular
101564,2015-08-29,4,91.01,450,22.75,Regular
101565,2016-11-04,7,263.74,17,37.68,Regular
101566,2015-11-30,2,65.74,357,32.87,Occasional
101567,2015-09-24,6,142.3,424,23.72,Regular
101568,2015-11-30,4,149.83,357,37.46,Regular
101569,2016-07-05,10,402.09,139,40.21,Regular
101570,2016-11-16,6,368.34,5,61.39,Regular
101571,2016-08-18,6,138.6,95,23.1,Regular
101572,2015-09-13,7,244.15,435,34.88,Regular
101573,2016-10-13,7,178.69,39,25.53,Regular
101574,2016-11-12,8,243.05,9,30.38,Regular
101575,2016-03-18,3,252.5,248,84.17,Occasional
101576,2016-07-25,4,110.54,119,27.64,Regular
101577,2016-08-01,4,171.99,112,43.0,Regular
101578,2016-08-09,1,8.4,104,8.4,One-time
101579,2016-10-12,8,346.58,40,43.32,Regular
101580,2015-10-09,2,85.43,409,42.72,Occasional
101581,2016-11-19,10,303.24,2,30.32,Regular
101582,2016-10-09,6,255.91,43,42.65,Regular
101583,2016-10-17,7,152.03,35,21.72,Regular
101584,2015-11-03,1,21.74,384,21.74,One-time
101585,2016-05-06,9,233.0,199,25.89,Regular
101586,2016-03-28,2,25.24,238,12.62,Occasional
101587,2016-02-18,7,363.38,277,51.91,Regular
101588,2015-12-09,4,125.36,348,31.34,Regular
101589,2016-11-17,7,141.72,4,20.25,Regular
101590,2016-04-01,7,210.33,234,30.05,Regular
101591,2016-05-16,2,36.67,189,18.34,Occasional
101592,2015-07-16,3,117.09,494,39.03,Occasional
101593,2016-11-08,6,121.05,13,20.18,Regular
101594,2016-06-02,5,187.88,172,37.58,Regular
101595,2016-02-25,2,44.51,270,22.26,Occasional
101596,2016-11-19,7,293.2,2,41.89,Regular
101597,2016-01-22,4,131.3,304,32.83,Regular
101598,2016-08-19,9,321.75,94,35.75,Regular
101599,2015-09-06,6,201.85,442,33.64,Regular
101600,2016-11-20,9,328.25,1,36.47,Regular
101601,2016-05-26,4,108.6,179,27.15,Regular
101602,2016-04-12,4,95.77,223,23.94,Regular
101603,2016-09-03,9,189.1,79,21.01,Regular
101604,2016-08-18,8,276.9,95,34.61,Regular
101605,2016-10-29,9,493.07,23,54.79,Regular
101606,2016-08-30,6,250.68,83,41.78,Regular
101607,2016-01-19,7,205.76,307,29.39,Regular
101608,2016-05-01,9,310.63,204,34.51,Regular
101609,2015-11-23,3,53.12,364,17.71,Occasional
101610,2016-11-17,11,432.0,4,39.27,Frequent
101611,2016-07-29,6,182.58,115,30.43,Regular
101612,2016-10-13,5,241.69,39,48.34,Regular
101613,2016-10-20,7,267.28,32,38.18,Regular
101614,2016-03-17,3,163.65,249,54.55,Occasional
101615,2016-08-02,7,192.11,111,27.44,Regular
101616,2016-04-02,4,283.5,233,70.88,Regular
101617,2016-06-22,3,191.0,152,63.67,Occasional
101618,2016-08-17,5,162.36,96,32.47,Regular
101619,2016-09-30,5,237.95,52,47.59,Regular
101620,2016-11-09,5,182.63,12,36.53,Regular
101621,2016-05-22,7,514.04,183,73.43,Regular
101622,2016-04-10,7,240.46,225,34.35,Regular
101623,2016-08-23,6,166.24,90,27.71,Regular
101624,2015-11-18,6,307.5,369,51.25,Regular
101625,2016-01-06,5,115.04,320,23.01,Regular
101626,2016-06-02,2,78.68,172,39.34,Occasional
101627,2016-03-31,8,398.63,235,49.83,Regular
101628,2016-08-04,11,373.12,109,33.92,Frequent
101629,2016-10-02,4,232.47,50,58.12,Regular
101630,2016-08-10,4,105.12,103,26.28,Regular
101631,2016-07-02,5,218.17,142,43.63,Regular
101632,2016-11-06,9,307.61,15,34.18,Regular
101633,2015-10-08,1,13.87,410,13.87,One-time
101634,2016-11-17,2,25.5,4,12.75,Occasional
101635,2016-03-21,2,27.06,245,13.53,Occasional
101636,2016-10-27,5,125.38,25,25.08,Regular
101637,2015-09-22,4,66.65,426,16.66,Regular
101638,2015-01-23,1,10.25,668,10.25,One-time
101639,2016-05-26,4,139.92,179,34.98,Regular
101640,2016-05-03,6,197.27,202,32.88,Regular
101641,2016-10-19,7,216.39,33,30.91,Regular
101642,2016-04-28,8,455.96,207,57.0,Regular
101643,2016-06-15,5,133.51,159,26.7,Regular
101644,2016-11-19,7,437.48,2,62.5,Regular
101645,2016-11-12,6,244.22,9,40.7,Regular
101646,2016-09-15,7,226.13,67,32.3,Regular
101647,2016-01-19,3,109.44,307,36.48,Occasional
101648,2016-06-22,8,264.6,152,33.08,Regular
101649,2016-09-18,5,232.24,64,46.45,Regular
101650,2016-10-16,7,383.95,36,54.85,Regular
101651,2016-07-15,6,197.41,129,32.9,Regular
101652,2016-08-05,11,257.18,108,23.38,Frequent
101653,2016-05-03,5,216.56,202,43.31,Regular
101654,2016-07-16,8,252.5,128,31.56,Regular
101655,2015-10-29,6,152.55,389,25.42,Regular
101656,2016-08-30,10,295.99,83,29.6,Regular
101657,2016-11-08,4,101.33,13,25.33,Regular
101658,2015-09-29,2,39.48,419,19.74,Occasional
101659,2015-12-30,4,80.2,327,20.05,Regular
101660,2016-07-27,2,201.79,117,100.9,Occasional
101661,2016-10-16,4,110.46,36,27.62,Regular
101662,2016-06-21,8,373.18,153,46.65,Regular
101663,2016-06-25,8,418.23,149,52.28,Regular
101664,2016-09-28,8,277.02,54,34.63,Regular
101665,2015-04-29,1,23.66,572,23.66,One-time
101666,2016-07-21,3,172.69,123,57.56,Occasional
101667,2016-03-15,4,97.38,251,24.34,Regular
101668,2016-11-11,4,113.47,10,28.37,Regular
101669,2016-02-17,2,63.47,278,31.74,Occasional
101670,2016-08-04,7,279.03,109,39.86,Regular
101671,2016-07-29,9,319.61,115,35.51,Regular
101672,2016-07-06,5,143.25,138,28.65,Regular
101673,2016-11-07,5,161.92,14,32.38,Regular
101674,2015-09-15,5,163.15,433,32.63,Regular
101675,2015-09-11,5,208.02,437,41.6,Regular
101676,2016-06-28,4,121.3,146,30.32,Regular
101677,2016-04-05,6,234.43,230,39.07,Regular
101678,2016-07-22,6,160.62,122,26.77,Regular
101679,2016-05-31,8,280.92,174,35.11,Regular
101680,2016-07-21,9,294.09,123,32.68,Regular
101681,2016-05-22,7,233.97,183,33.42,Regular
101682,2016-03-07,2,187.17,259,93.58,Occasional
101683,2015-11-28,10,251.2,359,25.12,Regular
101684,2016-09-21,7,161.87,61,23.12,Regular
101685,2016-01-23,1,9.16,303,9.16,One-time
101686,2016-10-25,7,184.82,27,26.4,Regular
101687,2016-04-18,4,160.54,217,40.14,Regular
101688,2016-08-01,6,324.54,112,54.09,Regular
101689,2016-08-22,8,269.04,91,33.63,Regular
101690,2016-03-04,9,340.53,262,37.84,Regular
101691,2016-03-21,5,117.32,245,23.46,Regular
101692,2016-02-10,7,352.29,285,50.33,Regular
101693,2014-11-23,4,95.15,729,23.79,Regular
101694,2016-11-10,3,107.16,11,35.72,Occasional
101695,2016-09-24,4,76.77,58,19.19,Regular
101696,2014-10-27,2,38.23,756,19.11,Occasional
101697,2016-07-01,3,84.63,143,28.21,Occasional
101698,2015-12-21,7,269.47,336,38.5,Regular
101699,2016-08-08,4,248.34,105,62.08,Regular
101700,2016-08-03,7,211.92,110,30.27,Regular
101701,2014-08-09,1,27.85,835,27.85,One-time
101702,2016-05-11,1,26.73,194,26.73,One-time
101703,2016-09-05,7,229.73,77,32.82,Regular
101704,2015-06-30,4,113.95,510,28.49,Regular
101705,2016-10-12,7,199.41,40,28.49,Regular
101706,2016-11-10,7,202.7,11,28.96,Regular
101707,2016-10-02,8,235.82,50,29.48,Regular
101708,2016-11-17,6,215.46,4,35.91,Regular
101709,2016-11-19,10,226.63,2,22.66,Regular
101710,2016-06-24,10,261.56,150,26.16,Regular
101711,2016-03-20,6,252.34,246,42.06,Regular
101712,2015-08-14,3,94.99,465,31.66,Occasional
101713,2016-08-01,5,679.16,112,135.83,Regular
101714,2016-11-16,5,103.71,5,20.74,Regular
101715,2016-07-31,8,469.78,113,58.72,Regular
101716,2016-07-14,5,191.76,130,38.35,Regular
101717,2016-09-28,10,578.84,54,57.88,Regular
101718,2016-06-18,3,73.41,156,24.47,Occasional
101719,2016-01-23,5,164.73,303,32.95,Regular
101720,2016-11-03,6,208.84,18,34.81,Regular
101721,2016-05-23,5,167.4,182,33.48,Regular
101722,2015-12-14,6,142.11,343,23.68,Regular
101723,2015-02-26,4,108.83,634,27.21,Regular
101724,2016-07-01,3,154.74,143,51.58,Occasional
101725,2016-07-20,8,301.82,124,37.73,Regular
101726,2016-04-26,4,95.45,209,23.86,Regular
101727,2015-11-18,7,324.12,369,46.3,Regular
101728,2015-12-12,5,353.75,345,70.75,Regular
101729,2016-09-26,6,161.97,56,27.0,Regular
101730,2016-08-22,8,379.07,91,47.38,Regular
101731,2016-09-02,3,39.06,80,13.02,Occasional
101732,2015-09-20,5,143.4,428,28.68,Regular
101733,2016-10-01,6,233.51,51,38.92,Regular
101734,2016-02-12,4,110.27,283,27.57,Regular
101735,2016-07-17,5,191.25,127,38.25,Regular
101736,2015-07-30,3,105.77,480,35.26,Occasional
101737,2015-02-07,5,251.4,653,50.28,Regular
101738,2016-09-03,7,244.67,79,34.95,Regular
101739,2016-08-16,4,232.31,97,58.08,Regular
101740,2016-07-25,3,144.27,119,48.09,Occasional
101741,2016-06-17,8,208.61,157,26.08,Regular
101742,2015-11-09,6,942.11,378,157.02,Regular
101743,2016-06-22,10,331.73,152,33.17,Regular
101744,2016-11-11,11,433.11,10,39.37,Frequent
101745,2016-08-02,8,221.32,111,27.66,Regular
101746,2016-10-20,7,436.84,32,62.41,Regular
101747,2014-09-17,2,126.45,796,63.22,Occasional
101748,2016-09-17,8,372.44,65,46.56,Regular
101749,2016-11-08,7,221.88,13,31.7,Regular
101750,2016-05-31,9,321.54,174,35.73,Regular
101751,2016-10-24,10,214.37,28,21.44,Regular
101752,2016-08-23,6,317.56,90,52.93,Regular
101753,2016-05-30,5,261.06,175,52.21,Regular
101754,2016-11-04,6,159.4,17,26.57,Regular
101755,2016-09-03,8,321.94,79,40.24,Regular
101756,2016-09-12,10,500.08,70,50.01,Regular
101757,2014-11-11,3,88.64,741,29.55,Occasional
101758,2016-09-03,5,127.16,79,25.43,Regular
101759,2016-02-18,4,86.75,277,21.69,Regular
101760,2016-09-05,11,457.15,77,41.56,Frequent
101761,2016-03-23,5,228.99,243,45.8,Regular
101762,2016-06-06,5,102.42,168,20.48,Regular
101763,2016-08-17,6,173.76,96,28.96,Regular
101764,2016-09-06,5,126.61,76,25.32,Regular
101765,2016-02-08,7,242.27,287,34.61,Regular
101766,2016-05-08,7,276.71,197,39.53,Regular
101767,2016-10-06,10,332.15,46,33.21,Regular
101768,2016-06-16,7,162.79,158,23.26,Regular
101769,2016-05-21,7,264.68,184,37.81,Regular
101770,2016-11-08,9,211.92,13,23.55,Regular
101771,2016-11-13,9,159.09,8,17.68,Regular
101772,2016-09-21,5,203.91,61,40.78,Regular
101773,2014-04-27,1,36.67,939,36.67,One-time
101774,2016-05-06,6,207.5,199,34.58,Regular
101775,2016-03-16,3,125.51,250,41.84,Occasional
101776,2015-09-13,4,328.97,435,82.24,Regular
101777,2016-04-29,8,300.97,206,37.62,Regular
101778,2016-11-10,12,446.17,11,37.18,Frequent
101779,2016-09-24,7,305.64,58,43.66,Regular
101780,2016-10-23,7,263.61,29,37.66,Regular
101781,2015-11-30,9,234.8,357,26.09,Regular
101782,2016-07-11,10,556.6,133,55.66,Regular
101783,2015-09-24,3,154.48,424,51.49,Occasional
101784,2016-10-07,5,103.02,45,20.6,Regular
101785,2016-01-30,2,159.83,296,79.92,Occasional
101786,2015-12-16,4,192.74,341,48.18,Regular
101787,2015-11-30,4,76.92,357,19.23,Regular
101788,2016-08-09,8,574.65,104,71.83,Regular
101789,2016-09-12,6,158.36,70,26.39,Regular
101790,2016-06-29,5,286.22,145,57.24,Regular
101791,2016-06-12,8,254.75,162,31.84,Regular
101792,2016-10-09,8,295.22,43,36.9,Regular
101793,2016-04-21,7,178.85,214,25.55,Regular
101794,2016-10-14,5,222.33,38,44.47,Regular
101795,2016-07-14,9,532.52,130,59.17,Regular
101796,2016-10-13,6,209.09,39,34.85,Regular
101797,2016-08-04,4,165.45,109,41.36,Regular
101798,2016-08-19,8,191.25,94,23.91,Regular
101799,2016-05-04,4,190.32,201,47.58,Regular
101800,2016-11-18,6,175.8,3,29.3,Regular
101801,2016-08-20,7,270.61,93,38.66,Regular
101802,2016-08-17,7,373.51,96,53.36,Regular
101803,2016-05-22,8,200.04,183,25.0,Regular
101804,2016-05-19,9,259.28,186,28.81,Regular
101805,2016-05-16,4,152.23,189,38.06,Regular
101806,2015-10-31,3,76.58,387,25.53,Occasional
101807,2016-09-21,7,177.42,61,25.35,Regular
101808,2016-11-08,6,179.12,13,29.85,Regular
101809,2015-08-13,4,159.75,466,39.94,Regular
101810,2016-04-24,6,237.52,211,39.59,Regular
101811,2016-11-18,10,377.07,3,37.71,Regular
101812,2016-06-29,3,97.4,145,32.47,Occasional
101813,2016-03-06,6,181.75,260,30.29,Regular
101814,2016-08-25,9,269.86,88,29.98,Regular
101815,2016-10-26,4,59.83,26,14.96,Regular
101816,2016-11-06,5,110.01,15,22.0,Regular
101817,2016-03-07,5,151.65,259,30.33,Regular
101818,2016-09-17,3,81.41,65,27.14,Occasional
101819,2016-11-17,7,331.47,4,47.35,Regular
101820,2016-08-22,3,64.54,91,21.51,Occasional
101821,2015-11-28,2,34.69,359,17.34,Occasional
101822,2015-02-08,3,135.65,652,45.22,Occasional
101823,2016-07-04,3,193.08,140,64.36,Occasional
101824,2016-11-15,8,314.13,6,39.27,Regular
101825,2016-11-16,6,212.96,5,35.49,Regular
101826,2016-02-27,3,80.87,268,26.96,Occasional
101827,2016-08-26,6,179.51,87,29.92,Regular
101828,2016-01-07,3,48.38,319,16.13,Occasional
101829,2016-11-18,8,255.87,3,31.98,Regular
101830,2016-07-25,3,72.73,119,24.24,Occasional
101831,2016-02-09,7,214.07,286,30.58,Regular
101832,2016-11-19,11,485.38,2,44.13,Frequent
101833,2016-04-22,6,211.56,213,35.26,Regular
101834,2016-04-15,5,200.4,220,40.08,Regular
101835,2016-02-14,3,122.39,281,40.8,Occasional
101836,2016-10-24,6,154.82,28,25.8,Regular
101837,2016-06-19,6,292.7,155,48.78,Regular
101838,2016-09-09,3,97.62,73,32.54,Occasional
101839,2016-11-14,4,129.26,7,32.32,Regular
101840,2016-07-15,6,204.24,129,34.04,Regular
101841,2016-10-05,4,193.5,47,48.38,Regular
101842,2016-06-12,8,205.05,162,25.63,Regular
101843,2015-07-17,4,96.66,493,24.16,Regular
101844,2016-07-19,3,135.92,125,45.31,Occasional
101845,2016-05-01,7,231.67,204,33.1,Regular
101846,2015-09-28,2,93.89,420,46.94,Occasional
101847,2016-09-05,6,273.43,77,45.57,Regular
101848,2016-01-07,3,89.03,319,29.68,Occasional
101849,2016-05-31,7,246.87,174,35.27,Regular
101850,2016-09-10,5,227.93,72,45.59,Regular
101851,2016-05-16,7,212.55,189,30.36,Regular
101852,2016-06-29,5,108.78,145,21.76,Regular
101853,2016-09-24,5,189.83,58,37.97,Regular
101854,2016-09-01,8,207.99,81,26.0,Regular
101855,2016-03-07,3,114.39,259,38.13,Occasional
101856,2016-05-10,7,264.82,195,37.83,Regular
101857,2016-07-21,8,280.6,123,35.08,Regular
101858,2016-06-02,3,227.7,172,75.9,Occasional
101859,2016-10-21,7,222.76,31,31.82,Regular
101860,2016-04-14,8,262.43,221,32.8,Regular
101861,2016-11-15,10,608.74,6,60.87,Regular
101862,2016-08-28,4,113.78,85,28.44,Regular
101863,2016-05-01,8,195.16,204,24.4,Regular
101864,2016-10-27,8,324.17,25,40.52,Regular
101865,2015-09-13,4,78.45,435,19.61,Regular
101866,2016-10-11,5,513.17,41,102.63,Regular
101867,2015-12-12,2,81.13,345,40.56,Occasional
101868,2016-11-10,10,455.46,11,45.55,Regular
101869,2016-08-19,4,179.69,94,44.92,Regular
101870,2016-07-21,7,235.44,123,33.63,Regular
101871,2016-05-13,7,193.19,192,27.6,Regular
101872,2016-10-20,7,214.7,32,30.67,Regular
101873,2016-08-18,7,200.53,95,28.65,Regular
101874,2016-07-22,4,70.54,122,17.64,Regular
101875,2016-06-30,4,126.65,144,31.66,Regular
101876,2015-10-24,6,190.43,394,31.74,Regular
101877,2016-03-16,4,222.01,250,55.5,Regular
101878,2016-10-02,9,287.08,50,31.9,Regular
101879,2016-09-01,4,76.69,81,19.17,Regular
101880,2016-08-25,6,142.34,88,23.72,Regular
101881,2014-03-25,1,13.35,972,13.35,One-time
101882,2016-07-29,8,153.06,115,19.13,Regular
101883,2016-09-08,9,324.52,74,36.06,Regular
101884,2016-05-22,4,60.58,183,15.14,Regular
101885,2016-10-08,9,574.18,44,63.8,Regular
101886,2016-01-24,5,166.25,302,33.25,Regular
101887,2016-09-09,6,307.61,73,51.27,Regular
101888,2016-11-08,7,220.8,13,31.54,Regular
101889,2016-06-08,5,204.72,166,40.94,Regular
101890,2016-06-08,5,140.9,166,28.18,Regular
101891,2015-12-08,4,106.6,349,26.65,Regular
101892,2016-06-27,4,94.42,147,23.6,Regular
101893,2016-07-31,4,112.56,113,28.14,Regular
101894,2016-10-01,9,339.73,51,37.75,Regular
101895,2016-05-12,5,200.32,193,40.06,Regular
101896,2016-03-09,8,270.0,257,33.75,Regular
101897,2016-04-04,6,203.6,231,33.93,Regular
101898,2016-11-17,4,84.5,4,21.12,Regular
101899,2016-07-01,4,120.48,143,30.12,Regular
101900,2016-04-15,5,141.37,220,28.27,Regular
101901,2016-06-14,2,59.57,160,29.78,Occasional
101902,2016-08-18,7,144.21,95,20.6,Regular
101903,2015-04-29,2,41.14,572,20.57,Occasional
101904,2016-10-12,4,117.24,40,29.31,Regular
101905,2016-11-04,3,40.44,17,13.48,Occasional
101906,2016-07-01,4,160.01,143,40.0,Regular
101907,2016-04-27,7,255.75,208,36.54,Regular
101908,2016-08-18,9,435.69,95,48.41,Regular
101909,2016-02-11,7,274.43,284,39.2,Regular
101910,2016-09-10,6,123.0,72,20.5,Regular
101911,2016-08-24,9,256.61,89,28.51,Regular
101912,2016-10-19,6,162.04,33,27.01,Regular
101913,2016-03-09,3,91.28,257,30.43,Occasional
101914,2016-07-16,6,261.65,128,43.61,Regular
101915,2016-11-14,9,332.07,7,36.9,Regular
101916,2016-06-19,5,175.61,155,35.12,Regular
101917,2015-01-23,1,48.58,668,48.58,One-time
101918,2016-07-28,4,156.75,116,39.19,Regular
101919,2014-09-03,1,11.45,810,11.45,One-time
101920,2016-11-02,7,250.66,19,35.81,Regular
101921,2016-04-14,4,218.93,221,54.73,Regular
101922,2016-06-16,5,129.3,158,25.86,Regular
101923,2016-07-11,11,523.39,133,47.58,Frequent
101924,2016-09-01,5,115.5,81,23.1,Regular
101925,2016-11-15,9,324.07,6,36.01,Regular
101926,2016-08-16,4,83.32,97,20.83,Regular
101927,2016-07-30,6,113.49,114,18.92,Regular
101928,2016-04-10,6,264.93,225,44.16,Regular
101929,2016-09-15,5,139.17,67,27.83,Regular
101930,2016-09-21,5,231.5,61,46.3,Regular
101931,2015-08-14,5,140.66,465,28.13,Regular
101932,2016-07-29,7,243.47,115,34.78,Regular
101933,2015-12-10,3,75.3,347,25.1,Occasional
101934,2016-05-21,7,246.29,184,35.18,Regular
101935,2016-10-08,4,140.02,44,35.01,Regular
101936,2016-10-09,4,100.34,43,25.08,Regular
101937,2016-03-07,6,155.59,259,25.93,Regular
101938,2015-10-14,4,157.15,404,39.29,Regular
101939,2015-10-11,4,143.18,407,35.8,Regular
101940,2016-09-13,9,348.52,69,38.72,Regular
101941,2016-07-18,7,212.98,126,30.43,Regular
101942,2016-08-21,7,255.45,92,36.49,Regular
101943,2014-01-29,1,54.45,1027,54.45,One-time
101944,2016-10-15,10,615.16,37,61.52,Regular
101945,2015-07-25,4,194.61,485,48.65,Regular
101946,2015-05-30,2,36.25,541,18.12,Occasional
101947,2016-07-01,4,165.63,143,41.41,Regular
101948,2016-01-16,4,65.29,310,16.32,Regular
101949,2016-04-11,7,198.08,224,28.3,Regular
101950,2016-08-14,4,108.26,99,27.06,Regular
101951,2016-03-17,5,126.06,249,25.21,Regular
101952,2016-06-30,6,337.07,144,56.18,Regular
101953,2016-09-18,6,500.0,64,83.33,Regular
101954,2016-10-22,8,199.56,30,24.94,Regular
101955,2016-10-03,7,208.7,49,29.81,Regular
101956,2016-06-17,6,350.99,157,58.5,Regular
101957,2016-07-26,6,168.59,118,28.1,Regular
101958,2016-10-18,6,255.1,34,42.52,Regular
101959,2016-11-07,6,165.76,14,27.63,Regular
101960,2016-07-27,7,194.59,117,27.8,Regular
101961,2016-06-11,6,201.71,163,33.62,Regular
101962,2016-08-04,8,262.69,109,32.84,Regular
101963,2016-10-16,11,589.98,36,53.63,Frequent
101964,2016-07-23,5,134.47,121,26.89,Regular
101965,2016-08-27,5,202.07,86,40.41,Regular
101966,2016-07-17,4,111.24,127,27.81,Regular
101967,2016-06-12,7,257.45,162,36.78,Regular
101968,2016-11-17,6,319.54,4,53.26,Regular
101969,2016-08-08,8,286.02,105,35.75,Regular
101970,2016-10-19,7,197.39,33,28.2,Regular
101971,2016-06-28,7,286.42,146,40.92,Regular
101972,2016-03-17,7,332.18,249,47.45,Regular
101973,2016-06-15,6,232.77,159,38.8,Regular
101974,2016-10-06,8,534.23,46,66.78,Regular
101975,2016-04-14,8,343.68,221,42.96,Regular
101976,2016-04-23,7,194.27,212,27.75,Regular
101977,2016-03-03,5,177.13,263,35.43,Regular
101978,2016-06-21,5,217.13,153,43.43,Regular
101979,2015-10-02,2,105.75,416,52.88,Occasional
101980,2016-08-03,2,37.36,110,18.68,Occasional
101981,2016-02-09,7,297.36,286,42.48,Regular
101982,2016-10-17,6,237.37,35,39.56,Regular
101983,2016-06-15,4,224.63,159,56.16,Regular
101984,2016-09-02,4,97.42,80,24.36,Regular
101985,2016-08-01,7,223.0,112,31.86,Regular
101986,2016-06-29,8,530.07,145,66.26,Regular
101987,2016-06-18,6,228.78,156,38.13,Regular
101988,2016-11-16,9,212.2,5,23.58,Regular
101989,2016-09-03,5,122.12,79,24.42,Regular
101990,2016-09-30,5,130.0,52,26.0,Regular
101991,2016-01-25,4,92.47,301,23.12,Regular
101992,2016-06-10,3,61.27,164,20.42,Occasional
101993,2016-07-11,5,186.92,133,37.38,Regular
101994,2016-11-16,6,277.97,5,46.33,Regular
101995,2016-08-26,11,291.85,87,26.53,Frequent
101996,2015-12-11,2,24.83,346,12.42,Occasional
101997,2016-01-08,5,217.44,318,43.49,Regular
101998,2015-10-13,3,72.03,405,24.01,Occasional
101999,2016-07-17,6,232.26,127,38.71,Regular
102000,2016-01-23,5,301.34,303,60.27,Regular
102001,2016-04-16,4,86.59,219,21.65,Regular
102002,2016-09-04,7,285.62,78,40.8,Regular
102003,2016-07-26,8,338.6,118,42.32,Regular
102004,2016-09-17,6,234.36,65,39.06,Regular
102005,2016-09-07,6,191.86,75,31.98,Regular
102006,2015-10-14,4,269.46,404,67.37,Regular
102007,2016-11-13,5,195.73,8,39.15,Regular
102008,2016-01-08,3,51.42,318,17.14,Occasional
102009,2016-09-29,7,199.39,53,28.48,Regular
102010,2016-11-20,15,709.84,1,47.32,Frequent
102011,2016-07-24,4,238.87,120,59.72,Regular
102012,2016-08-23,4,83.41,90,20.85,Regular
102013,2016-09-07,9,469.28,75,52.14,Regular
102014,2015-12-05,5,211.79,352,42.36,Regular
102015,2016-09-25,7,360.01,57,51.43,Regular
102016,2016-02-05,3,57.9,290,19.3,Occasional
102017,2016-06-20,6,201.88,154,33.65,Regular
102018,2016-08-23,10,410.63,90,41.06,Regular
102019,2015-12-11,8,339.03,346,42.38,Regular
102020,2015-10-08,5,224.28,410,44.86,Regular
102021,2016-04-14,7,150.31,221,21.47,Regular
102022,2016-09-14,3,60.08,68,20.03,Occasional
102023,2015-09-20,3,40.37,428,13.46,Occasional
102024,2016-04-26,7,158.49,209,22.64,Regular
102025,2016-11-01,5,237.05,20,47.41,Regular
102026,2016-05-28,4,171.23,177,42.81,Regular
102027,2016-04-21,7,147.59,214,21.08,Regular
102028,2016-02-26,6,121.19,269,20.2,Regular
102029,2016-02-14,5,123.54,281,24.71,Regular
102030,2015-12-26,6,291.18,331,48.53,Regular
102031,2016-10-23,5,261.5,29,52.3,Regular
102032,2016-10-01,9,369.89,51,41.1,Regular
102033,2016-09-09,9,427.08,73,47.45,Regular
102034,2016-01-22,5,246.47,304,49.29,Regular
102035,2016-09-10,5,126.91,72,25.38,Regular
102036,2016-10-13,8,239.8,39,29.98,Regular
102037,2016-08-24,5,185.9,89,37.18,Regular
102038,2016-06-07,8,280.49,167,35.06,Regular
102039,2016-09-03,11,382.53,79,34.78,Frequent
102040,2016-08-08,9,339.35,105,37.71,Regular
102041,2014-08-01,3,107.46,843,35.82,Occasional
102042,2016-11-13,4,104.28,8,26.07,Regular
102043,2015-08-11,3,128.64,468,42.88,Occasional
102044,2016-04-23,5,212.56,212,42.51,Regular
102045,2016-01-31,7,348.79,295,49.83,Regular
102046,2016-11-18,9,320.71,3,35.63,Regular
102047,2016-07-02,6,243.06,142,40.51,Regular
102048,2016-09-11,4,115.83,71,28.96,Regular
102049,2016-09-10,8,302.31,72,37.79,Regular
102050,2015-10-02,9,171.6,416,19.07,Regular
102051,2016-01-30,3,50.35,296,16.78,Occasional
102052,2015-04-23,6,231.5,578,38.58,Regular
102053,2016-08-26,5,94.39,87,18.88,Regular
102054,2016-09-06,5,149.71,76,29.94,Regular
102055,2016-10-11,6,355.25,41,59.21,Regular
102056,2016-11-19,4,81.77,2,20.44,Regular
102057,2016-03-18,7,221.69,248,31.67,Regular
102058,2016-05-01,5,155.52,204,31.1,Regular
102059,2016-10-14,7,162.63,38,23.23,Regular
102060,2016-11-14,8,298.14,7,37.27,Regular
102061,2016-06-25,9,210.79,149,23.42,Regular
102062,2016-07-21,6,172.1,123,28.68,Regular
102063,2016-10-23,5,109.33,29,21.87,Regular
102064,2016-11-08,5,118.0,13,23.6,Regular
102065,2016-02-11,5,298.11,284,59.62,Regular
102066,2016-11-07,5,130.28,14,26.06,Regular
102067,2016-04-06,7,284.04,229,40.58,Regular
102068,2016-09-15,9,300.35,67,33.37,Regular
102069,2016-03-21,8,426.97,245,53.37,Regular
102070,2016-10-20,8,248.65,32,31.08,Regular
102071,2016-07-22,5,358.12,122,71.62,Regular
102072,2016-05-21,7,267.19,184,38.17,Regular
102073,2016-08-15,5,177.57,98,35.51,Regular
102074,2016-08-22,6,371.27,91,61.88,Regular
102075,2016-11-02,10,322.08,19,32.21,Regular
102076,2016-09-22,9,246.6,60,27.4,Regular
102077,2016-09-17,2,82.3,65,41.15,Occasional
102078,2016-11-08,4,160.65,13,40.16,Regular
102079,2016-08-10,6,213.54,103,35.59,Regular
102080,2016-08-20,9,401.74,93,44.64,Regular
102081,2016-04-04,5,163.39,231,32.68,Regular
102082,2016-08-18,10,261.37,95,26.14,Regular
102083,2016-03-23,5,214.26,243,42.85,Regular
102084,2016-10-01,7,381.68,51,54.53,Regular
102085,2016-10-16,4,133.37,36,33.34,Regular
102086,2016-02-28,6,208.08,267,34.68,Regular
102087,2016-04-25,5,188.34,210,37.67,Regular
102088,2016-01-20,11,524.32,306,47.67,Frequent
102089,2016-09-23,7,220.44,59,31.49,Regular
102090,2016-07-03,4,155.72,141,38.93,Regular
102091,2016-04-27,4,82.21,208,20.55,Regular
102092,2016-07-02,7,604.82,142,86.4,Regular
102093,2016-11-10,6,231.63,11,38.6,Regular
102094,2016-07-19,7,157.76,125,22.54,Regular
102095,2016-10-14,8,231.67,38,28.96,Regular
102096,2016-11-04,2,121.48,17,60.74,Occasional
102097,2016-09-26,7,249.95,56,35.71,Regular
102098,2016-08-29,11,600.31,84,54.57,Frequent
102099,2016-11-10,3,162.36,11,54.12,Occasional
102100,2016-08-30,6,226.28,83,37.71,Regular
102101,2016-09-21,4,140.19,61,35.05,Regular
102102,2016-07-06,3,115.94,138,38.65,Occasional
102103,2015-12-24,10,269.41,333,26.94,Regular
102104,2016-08-07,4,87.27,106,21.82,Regular
102105,2016-09-19,6,290.23,63,48.37,Regular
102106,2016-05-30,4,157.35,175,39.34,Regular
102107,2016-03-26,7,372.23,240,53.18,Regular
102108,2015-08-04,6,259.99,475,43.33,Regular
102109,2016-11-10,9,393.12,11,43.68,Regular
102110,2015-09-15,5,139.13,433,27.83,Regular
102111,2016-08-04,7,272.43,109,38.92,Regular
102112,2016-07-09,3,48.53,135,16.18,Occasional
102113,2016-09-11,2,25.42,71,12.71,Occasional
102114,2016-09-27,5,226.88,55,45.38,Regular
102115,2015-04-26,8,240.91,575,30.11,Regular
102116,2016-04-07,5,121.31,228,24.26,Regular
102117,2016-05-11,2,43.28,194,21.64,Occasional
102118,2016-10-17,13,486.02,35,37.39,Frequent
102119,2016-07-07,4,60.0,137,15.0,Regular
102120,2016-09-09,3,113.7,73,37.9,Occasional
102121,2016-04-22,8,514.28,213,64.28,Regular
102122,2015-08-26,2,92.4,453,46.2,Occasional
102123,2015-12-28,3,94.16,329,31.39,Occasional
102124,2016-10-23,5,173.02,29,34.6,Regular
102125,2015-09-20,6,206.63,428,34.44,Regular
102126,2016-01-05,3,88.62,321,29.54,Occasional
102127,2015-10-29,7,229.03,389,32.72,Regular
102128,2016-10-07,9,491.11,45,54.57,Regular
102129,2016-09-04,10,425.47,78,42.55,Regular
102130,2016-05-23,7,419.7,182,59.96,Regular
102131,2016-10-17,3,130.38,35,43.46,Occasional
102132,2016-09-25,4,130.31,57,32.58,Regular
102133,2016-11-13,8,179.61,8,22.45,Regular
102134,2016-06-29,7,189.07,145,27.01,Regular
102135,2016-10-31,5,224.21,21,44.84,Regular
102136,2016-08-09,9,273.5,104,30.39,Regular
102137,2016-09-30,11,278.39,52,25.31,Frequent
102138,2016-11-01,10,665.94,20,66.59,Regular
102139,2016-09-22,7,212.72,60,30.39,Regular
102140,2016-04-29,4,115.94,206,28.98,Regular
102141,2016-04-28,5,199.22,207,39.84,Regular
102142,2016-07-01,4,286.96,143,71.74,Regular
102143,2016-06-06,7,310.78,168,44.4,Regular
102144,2016-08-13,9,243.68,100,27.08,Regular
102145,2016-07-31,8,333.61,113,41.7,Regular
102146,2016-09-26,8,146.82,56,18.35,Regular
102147,2016-10-25,7,170.36,27,24.34,Regular
102148,2014-12-30,4,84.18,692,21.04,Regular
102149,2015-11-10,5,198.5,377,39.7,Regular
102150,2016-08-15,4,165.11,98,41.28,Regular
102151,2016-06-10,4,109.06,164,27.26,Regular
102152,2016-07-05,5,153.19,139,30.64,Regular
102153,2016-10-06,12,439.18,46,36.6,Frequent
102154,2016-04-14,7,193.69,221,27.67,Regular
102155,2016-06-12,3,229.55,162,76.52,Occasional
102156,2015-11-17,7,229.42,370,32.77,Regular
102157,2015-09-25,5,154.21,423,30.84,Regular
102158,2016-10-30,6,159.3,22,26.55,Regular
102159,2015-11-29,2,76.28,358,38.14,Occasional
102160,2016-01-11,7,235.93,315,33.7,Regular
102161,2016-09-24,8,235.1,58,29.39,Regular
102162,2015-10-19,4,170.2,399,42.55,Regular
102163,2016-08-03,6,198.28,110,33.05,Regular
102164,2016-03-07,5,162.22,259,32.44,Regular
102165,2016-08-19,2,57.62,94,28.81,Occasional
102166,2016-01-23,3,85.84,303,28.61,Occasional
102167,2015-04-10,4,105.19,591,26.3,Regular
102168,2015-11-27,5,321.18,360,64.24,Regular
102169,2016-06-29,7,384.65,145,54.95,Regular
102170,2016-05-28,3,99.92,177,33.31,Occasional
102171,2016-11-05,10,331.51,16,33.15,Regular
102172,2016-07-21,4,105.57,123,26.39,Regular
102173,2016-11-13,5,265.07,8,53.01,Regular
102174,2016-11-04,3,149.0,17,49.67,Occasional
102175,2016-07-21,8,348.81,123,43.6,Regular
102176,2015-12-17,9,270.26,340,30.03,Regular
102177,2016-03-19,8,214.98,247,26.87,Regular
102178,2016-06-20,5,194.87,154,38.97,Regular
102179,2016-09-22,7,206.78,60,29.54,Regular
102180,2016-09-07,4,91.5,75,22.88,Regular
102181,2014-11-11,3,56.63,741,18.88,Occasional
102182,2016-08-14,8,217.64,99,27.2,Regular
102183,2015-03-07,5,159.55,625,31.91,Regular
102184,2016-10-27,8,245.21,25,30.65,Regular
102185,2016-07-06,5,100.03,138,20.01,Regular
102186,2016-10-14,8,282.46,38,35.31,Regular
102187,2016-06-02,9,480.09,172,53.34,Regular
102188,2016-05-10,9,376.71,195,41.86,Regular
102189,2016-04-02,4,184.91,233,46.23,Regular
102190,2016-08-08,6,159.28,105,26.55,Regular
102191,2016-05-20,5,105.73,185,21.15,Regular
102192,2016-07-19,7,317.56,125,45.37,Regular
102193,2016-09-03,7,328.37,79,46.91,Regular
102194,2016-09-19,5,115.07,63,23.01,Regular
102195,2016-05-25,2,70.87,180,35.44,Occasional
102196,2016-08-29,10,373.36,84,37.34,Regular
102197,2016-07-19,3,113.08,125,37.69,Occasional
102198,2014-11-04,3,64.76,748,21.59,Occasional
102199,2014-09-04,3,94.44,809,31.48,Occasional
102200,2016-04-16,5,138.48,219,27.7,Regular
102201,2014-06-18,2,19.34,887,9.67,Occasional
102202,2016-03-08,3,58.69,258,19.56,Occasional
102203,2016-07-24,6,131.24,120,21.87,Regular
102204,2016-04-20,4,96.41,215,24.1,Regular
102205,2016-11-15,6,224.28,6,37.38,Regular
102206,2016-09-01,8,237.88,81,29.74,Regular
102207,2016-07-03,5,209.02,141,41.8,Regular
102208,2015-08-27,5,172.96,452,34.59,Regular
102209,2016-08-16,6,339.48,97,56.58,Regular
102210,2016-09-28,10,393.54,54,39.35,Regular
102211,2016-09-25,12,427.47,57,35.62,Frequent
102212,2016-09-28,5,153.08,54,30.62,Regular
102213,2016-05-26,7,328.77,179,46.97,Regular
102214,2016-03-22,8,284.18,244,35.52,Regular
102215,2016-10-17,8,371.09,35,46.39,Regular
102216,2015-12-09,4,101.46,348,25.36,Regular
102217,2016-10-22,5,283.94,30,56.79,Regular
102218,2016-10-10,2,92.77,42,46.38,Occasional
102219,2016-04-04,3,70.62,231,23.54,Occasional
102220,2016-10-14,8,313.28,38,39.16,Regular
102221,2016-11-15,9,283.39,6,31.49,Regular
102222,2016-09-24,7,167.69,58,23.96,Regular
102223,2016-05-08,6,239.69,197,39.95,Regular
102224,2016-03-22,3,68.39,244,22.8,Occasional
102225,2016-04-18,7,304.0,217,43.43,Regular
102226,2016-08-28,6,300.55,85,50.09,Regular
102227,2016-04-21,5,165.96,214,33.19,Regular
102228,2016-11-19,9,240.66,2,26.74,Regular
102229,2016-10-17,4,130.51,35,32.63,Regular
102230,2016-06-16,5,187.1,158,37.42,Regular
102231,2016-04-30,9,247.97,205,27.55,Regular
102232,2016-09-07,6,314.08,75,52.35,Regular
102233,2016-10-02,4,89.74,50,22.44,Regular
102234,2016-10-16,6,120.81,36,20.14,Regular
102235,2016-06-09,4,132.85,165,33.21,Regular
102236,2016-11-03,8,421.22,18,52.65,Regular
102237,2016-09-08,2,24.76,74,12.38,Occasional
102238,2015-06-14,5,358.34,526,71.67,Regular
102239,2016-07-14,8,184.1,130,23.01,Regular
102240,2016-09-07,6,198.57,75,33.1,Regular
102241,2016-07-02,7,401.62,142,57.37,Regular
102242,2016-03-27,2,34.38,239,17.19,Occasional
102243,2016-03-07,7,262.35,259,37.48,Regular
102244,2016-08-03,3,111.38,110,37.13,Occasional
102245,2016-06-27,2,81.95,147,40.98,Occasional
102246,2016-02-01,1,5.0,294,5.0,One-time
102247,2016-09-29,3,90.57,53,30.19,Occasional
102248,2016-07-06,5,332.37,138,66.47,Regular
102249,2016-10-13,8,219.94,39,27.49,Regular
102250,2016-08-19,6,145.6,94,24.27,Regular
102251,2016-05-20,9,491.22,185,54.58,Regular
102252,2016-07-29,7,159.64,115,22.81,Regular
102253,2016-08-12,3,73.77,101,24.59,Occasional
102254,2016-10-21,6,120.57,31,20.1,Regular
102255,2016-05-14,3,96.78,191,32.26,Occasional
102256,2016-07-05,5,149.0,139,29.8,Regular
102257,2016-09-24,7,320.51,58,45.79,Regular
102258,2016-08-13,8,131.47,100,16.43,Regular
102259,2016-10-03,5,176.32,49,35.26,Regular
102260,2016-08-26,7,149.3,87,21.33,Regular
102261,2016-03-24,2,33.3,242,16.65,Occasional
102262,2016-04-03,12,299.2,232,24.93,Frequent
102263,2016-01-15,4,173.55,311,43.39,Regular
102264,2016-04-10,2,12.23,225,6.12,Occasional
102265,2016-01-17,3,137.98,309,45.99,Occasional
102266,2016-05-19,4,132.37,186,33.09,Regular
102267,2016-10-17,6,332.58,35,55.43,Regular
102268,2016-09-20,11,569.13,62,51.74,Frequent
102269,2016-08-02,3,124.1,111,41.37,Occasional
102270,2016-11-19,5,265.5,2,53.1,Regular
102271,2016-11-03,4,128.62,18,32.16,Regular
102272,2016-05-26,6,113.54,179,18.92,Regular
102273,2016-07-28,5,214.15,116,42.83,Regular
102274,2016-10-02,6,159.42,50,26.57,Regular
102275,2015-11-14,5,86.93,373,17.39,Regular
102276,2015-08-27,7,275.61,452,39.37,Regular
102277,2014-08-22,3,105.17,822,35.06,Occasional
102278,2015-07-01,5,121.94,509,24.39,Regular
102279,2016-01-07,6,154.73,319,25.79,Regular
102280,2014-08-22,1,29.91,822,29.91,One-time
102281,2016-05-26,5,123.63,179,24.73,Regular
102282,2016-05-23,8,249.36,182,31.17,Regular
102283,2016-08-13,6,151.26,100,25.21,Regular
102284,2016-09-14,7,160.21,68,22.89,Regular
102285,2016-03-20,5,104.42,246,20.88,Regular
102286,2016-07-19,10,344.11,125,34.41,Regular
102287,2016-08-30,8,168.02,83,21.0,Regular
102288,2016-10-14,3,204.3,38,68.1,Occasional
102289,2016-11-05,6,261.54,16,43.59,Regular
102290,2016-07-29,8,186.61,115,23.33,Regular
102291,2016-07-31,5,157.9,113,31.58,Regular
102292,2016-06-06,8,303.02,168,37.88,Regular
102293,2016-11-01,10,363.43,20,36.34,Regular
102294,2016-02-28,3,128.77,267,42.92,Occasional
102295,2016-05-19,9,357.23,186,39.69,Regular
102296,2016-07-31,5,188.66,113,37.73,Regular
102297,2016-11-07,6,152.77,14,25.46,Regular
102298,2016-07-21,4,157.74,123,39.44,Regular
102299,2016-10-23,6,204.76,29,34.13,Regular
102300,2016-10-29,8,287.64,23,35.96,Regular
102301,2016-07-26,7,173.34,118,24.76,Regular
102302,2016-08-20,8,305.6,93,38.2,Regular
102303,2016-11-17,10,317.0,4,31.7,Regular
102304,2016-04-02,5,165.53,233,33.11,Regular
102305,2015-10-20,3,137.54,398,45.85,Occasional
102306,2016-11-02,6,133.97,19,22.33,Regular
102307,2016-08-20,8,198.31,93,24.79,Regular
102308,2016-07-13,6,286.92,131,47.82,Regular
102309,2016-05-20,5,206.11,185,41.22,Regular
102310,2016-04-29,5,121.47,206,24.29,Regular
102311,2016-06-08,6,138.51,166,23.08,Regular
102312,2015-11-21,2,48.17,366,24.08,Occasional
102313,2016-11-10,7,156.13,11,22.3,Regular
102314,2016-09-08,7,146.26,74,20.89,Regular
102315,2016-08-09,4,60.64,104,15.16,Regular
102316,2015-07-11,4,435.78,499,108.94,Regular
102317,2016-04-30,11,460.97,205,41.91,Frequent
102318,2016-02-27,7,147.99,268,21.14,Regular
102319,2016-07-29,11,284.54,115,25.87,Frequent
102320,2016-02-03,4,70.77,292,17.69,Regular
102321,2016-11-05,8,240.55,16,30.07,Regular
102322,2016-01-13,3,97.1,313,32.37,Occasional
102323,2016-10-24,6,343.08,28,57.18,Regular
102324,2016-03-31,4,70.23,235,17.56,Regular
102325,2016-10-08,4,179.49,44,44.87,Regular
102326,2016-06-04,1,42.35,170,42.35,One-time
102327,2016-02-17,5,85.45,278,17.09,Regular
102328,2016-09-20,7,200.47,62,28.64,Regular
102329,2016-05-23,4,175.82,182,43.96,Regular
102330,2016-06-09,4,168.0,165,42.0,Regular
102331,2016-11-10,8,212.54,11,26.57,Regular
102332,2016-01-10,3,75.15,316,25.05,Occasional
102333,2016-05-27,9,242.05,178,26.89,Regular
102334,2016-08-02,6,158.29,111,26.38,Regular
102335,2016-06-05,7,247.37,169,35.34,Regular
102336,2015-07-03,3,56.88,507,18.96,Occasional
102337,2016-11-03,6,144.48,18,24.08,Regular
102338,2016-03-19,8,203.25,247,25.41,Regular
102339,2014-04-30,1,33.02,936,33.02,One-time
102340,2016-07-18,8,357.94,126,44.74,Regular
102341,2015-11-05,1,50.84,382,50.84,One-time
102342,2016-04-05,7,267.27,230,38.18,Regular
102343,2015-05-05,4,127.25,566,31.81,Regular
102344,2016-06-06,5,294.87,168,58.97,Regular
102345,2016-10-27,3,46.72,25,15.57,Occasional
102346,2016-01-05,4,138.61,321,34.65,Regular
102347,2016-10-02,7,153.81,50,21.97,Regular
102348,2016-03-01,6,336.56,265,56.09,Regular
102349,2016-09-07,9,183.17,75,20.35,Regular
102350,2016-07-26,8,194.31,118,24.29,Regular
102351,2015-03-26,3,71.4,606,23.8,Occasional
102352,2016-11-01,10,349.27,20,34.93,Regular
102353,2016-10-07,8,263.21,45,32.9,Regular
102354,2016-09-09,10,441.7,73,44.17,Regular
102355,2014-12-01,3,61.61,721,20.54,Occasional
102356,2015-11-04,5,62.31,383,12.46,Regular
102357,2016-04-16,5,179.2,219,35.84,Regular
102358,2015-11-27,2,61.84,360,30.92,Occasional
102359,2016-09-16,6,114.46,66,19.08,Regular
102360,2016-11-12,5,218.01,9,43.6,Regular
102361,2016-08-25,6,253.91,88,42.32,Regular
102362,2016-06-04,12,397.78,170,33.15,Frequent
102363,2016-03-25,7,217.86,241,31.12,Regular
102364,2016-06-02,8,320.8,172,40.1,Regular
102365,2016-08-19,5,180.5,94,36.1,Regular
102366,2016-11-12,6,140.75,9,23.46,Regular
102367,2016-03-03,2,89.01,263,44.5,Occasional
102368,2016-09-16,5,138.0,66,27.6,Regular
102369,2016-10-17,4,149.97,35,37.49,Regular
102370,2016-11-16,6,343.12,5,57.19,Regular
102371,2016-09-03,6,290.63,79,48.44,Regular
102372,2016-08-02,5,172.4,111,34.48,Regular
102373,2016-09-20,5,159.25,62,31.85,Regular
102374,2016-11-01,9,203.34,20,22.59,Regular
102375,2015-12-25,4,162.32,332,40.58,Regular
102376,2016-08-27,8,242.11,86,30.26,Regular
102377,2016-09-20,5,198.33,62,39.67,Regular
102378,2015-09-29,5,234.89,419,46.98,Regular
102379,2016-05-27,9,357.2,178,39.69,Regular
102380,2016-08-24,11,387.05,89,35.19,Frequent
102381,2016-08-01,7,280.12,112,40.02,Regular
102382,2016-07-11,8,203.51,133,25.44,Regular
102383,2016-02-11,5,116.12,284,23.22,Regular
102384,2016-03-19,2,115.64,247,57.82,Occasional
102385,2016-02-10,5,133.12,285,26.62,Regular
102386,2015-07-09,7,130.5,501,18.64,Regular
102387,2016-01-28,3,168.54,298,56.18,Occasional
102388,2016-06-21,7,301.8,153,43.11,Regular
102389,2016-09-16,9,364.65,66,40.52,Regular
102390,2016-05-04,1,29.74,201,29.74,One-time
102391,2016-10-15,10,406.45,37,40.64,Regular
102392,2016-11-14,9,496.35,7,55.15,Regular
102393,2016-05-19,6,113.88,186,18.98,Regular
102394,2016-07-29,5,263.1,115,52.62,Regular
102395,2016-09-28,8,231.73,54,28.97,Regular
102396,2016-08-31,7,177.81,82,25.4,Regular
102397,2016-07-16,11,374.97,128,34.09,Frequent
102398,2016-07-25,8,333.72,119,41.72,Regular
102399,2016-02-01,4,139.39,294,34.85,Regular
102400,2016-02-28,3,215.06,267,71.69,Occasional
102401,2016-09-05,9,233.49,77,25.94,Regular
102402,2016-07-09,5,113.81,135,22.76,Regular
102403,2016-07-14,6,174.21,130,29.04,Regular
102404,2015-02-16,4,159.39,644,39.85,Regular
102405,2016-05-16,8,179.94,189,22.49,Regular
102406,2015-10-10,7,194.95,408,27.85,Regular
102407,2016-10-09,7,157.15,43,22.45,Regular
102408,2016-10-02,6,476.83,50,79.47,Regular
102409,2016-05-15,6,319.02,190,53.17,Regular
102410,2016-07-02,7,314.6,142,44.94,Regular
102411,2016-10-31,9,457.3,21,50.81,Regular
102412,2015-10-30,5,226.35,388,45.27,Regular
102413,2016-09-13,4,105.57,69,26.39,Regular
102414,2016-10-26,3,182.23,26,60.74,Occasional
102415,2016-09-26,7,231.89,56,33.13,Regular
102416,2016-08-31,6,179.59,82,29.93,Regular
102417,2016-06-26,6,176.97,148,29.5,Regular
102418,2016-10-27,7,208.85,25,29.84,Regular
102419,2016-02-14,4,61.32,281,15.33,Regular
102420,2016-10-28,6,364.9,24,60.82,Regular
102421,2016-05-11,6,196.17,194,32.7,Regular
102422,2016-03-18,4,149.89,248,37.47,Regular
102423,2014-08-02,2,88.48,842,44.24,Occasional
102424,2015-10-15,5,236.49,403,47.3,Regular
102425,2016-10-18,9,243.81,34,27.09,Regular
102426,2016-09-17,7,227.69,65,32.53,Regular
102427,2016-10-09,9,231.04,43,25.67,Regular
102428,2016-06-15,5,153.1,159,30.62,Regular
102429,2016-04-02,9,307.02,233,34.11,Regular
102430,2016-02-19,3,83.19,276,27.73,Occasional
102431,2015-12-05,9,242.31,352,26.92,Regular
102432,2016-09-04,7,332.4,78,47.49,Regular
102433,2016-04-08,7,215.83,227,30.83,Regular
102434,2016-04-11,8,198.91,224,24.86,Regular
102435,2016-02-16,4,111.22,279,27.81,Regular
102436,2016-05-15,4,109.76,190,27.44,Regular
102437,2016-08-08,9,283.41,105,31.49,Regular
102438,2016-10-08,6,220.88,44,36.81,Regular
102439,2016-04-01,4,203.73,234,50.93,Regular
102440,2016-06-15,4,72.3,159,18.08,Regular
102441,2016-09-13,5,168.72,69,33.74,Regular
102442,2016-09-25,6,153.18,57,25.53,Regular
102443,2016-06-06,7,237.59,168,33.94,Regular
102444,2015-03-05,2,47.43,627,23.72,Occasional
102445,2016-08-06,4,143.07,107,35.77,Regular
102446,2016-04-30,8,299.36,205,37.42,Regular
102447,2016-02-19,9,291.36,276,32.37,Regular
102448,2016-09-26,7,297.34,56,42.48,Regular
102449,2016-06-08,9,295.75,166,32.86,Regular
102450,2015-11-21,4,118.55,366,29.64,Regular
102451,2016-08-05,7,214.29,108,30.61,Regular
102452,2016-06-24,11,377.36,150,34.31,Frequent
102453,2016-05-06,6,207.89,199,34.65,Regular
102454,2016-01-17,5,152.08,309,30.42,Regular
102455,2015-11-16,4,166.38,371,41.6,Regular
102456,2016-06-11,5,133.45,163,26.69,Regular
102457,2016-04-22,2,122.4,213,61.2,Occasional
102458,2016-02-25,8,204.85,270,25.61,Regular
102459,2016-06-04,4,75.42,170,18.86,Regular
102460,2016-09-04,4,238.36,78,59.59,Regular
102461,2015-12-21,6,141.42,336,23.57,Regular
102462,2016-09-09,7,243.65,73,34.81,Regular
102463,2015-12-27,6,136.21,330,22.7,Regular
102464,2016-05-18,7,299.54,187,42.79,Regular
102465,2016-08-31,6,167.95,82,27.99,Regular
102466,2016-01-17,9,336.65,309,37.41,Regular
102467,2015-04-05,1,85.48,596,85.48,One-time
102468,2016-11-13,5,174.87,8,34.97,Regular
102469,2015-09-04,5,144.46,444,28.89,Regular
102470,2016-07-06,9,187.13,138,20.79,Regular
102471,2016-11-10,5,94.35,11,18.87,Regular
102472,2016-06-02,6,308.85,172,51.47,Regular
102473,2016-11-09,5,140.65,12,28.13,Regular
102474,2016-10-28,6,180.14,24,30.02,Regular
102475,2016-05-30,6,224.9,175,37.48,Regular
102476,2016-03-27,5,245.65,239,49.13,Regular
102477,2016-10-02,8,212.31,50,26.54,Regular
102478,2016-10-18,8,210.79,34,26.35,Regular
102479,2016-09-06,9,303.92,76,33.77,Regular
102480,2016-10-20,4,136.86,32,34.22,Regular
102481,2016-04-15,9,351.85,220,39.09,Regular
102482,2016-10-18,8,476.62,34,59.58,Regular
102483,2016-08-11,4,108.21,102,27.05,Regular
102484,2016-08-03,9,266.41,110,29.6,Regular
102485,2016-04-07,8,206.06,228,25.76,Regular
102486,2016-09-02,5,170.41,80,34.08,Regular
102487,2015-03-16,1,39.49,616,39.49,One-time
102488,2015-01-07,2,99.41,684,49.7,Occasional
102489,2016-11-01,6,249.7,20,41.62,Regular
102490,2016-10-31,8,479.43,21,59.93,Regular
102491,2016-08-26,4,128.55,87,32.14,Regular
102492,2016-02-27,10,385.08,268,38.51,Regular
102493,2016-10-17,2,56.65,35,28.32,Occasional
102494,2016-08-08,10,388.67,105,38.87,Regular
102495,2016-02-28,3,176.03,267,58.68,Occasional
102496,2016-08-31,5,167.44,82,33.49,Regular
102497,2014-09-03,2,47.78,810,23.89,Occasional
102498,2016-06-25,5,299.03,149,59.81,Regular
102499,2016-06-12,7,287.58,162,41.08,Regular
102500,2014-08-21,2,22.38,823,11.19,Occasional
102501,2016-09-12,6,175.24,70,29.21,Regular
102502,2016-06-01,8,350.58,173,43.82,Regular
102503,2016-09-14,4,97.12,68,24.28,Regular
102504,2016-02-13,5,117.69,282,23.54,Regular
102505,2016-04-14,5,251.3,221,50.26,Regular
102506,2016-04-15,3,273.37,220,91.12,Occasional
102507,2015-10-27,4,273.45,391,68.36,Regular
102508,2016-07-18,6,146.28,126,24.38,Regular
102509,2016-07-29,10,273.42,115,27.34,Regular
102510,2016-11-01,8,219.59,20,27.45,Regular
102511,2016-11-16,11,316.51,5,28.77,Frequent
102512,2016-10-26,2,121.47,26,60.74,Occasional
102513,2015-08-29,7,230.11,450,32.87,Regular
102514,2016-03-09,9,287.22,257,31.91,Regular
102515,2016-07-07,8,354.95,137,44.37,Regular
102516,2016-11-06,4,146.48,15,36.62,Regular
102517,2016-11-19,11,317.23,2,28.84,Frequent
102518,2015-11-22,5,235.57,365,47.11,Regular
102519,2016-03-28,4,107.35,238,26.84,Regular
102520,2016-10-28,7,144.95,24,20.71,Regular
102521,2016-06-18,5,189.07,156,37.81,Regular
102522,2016-07-30,9,377.89,114,41.99,Regular
102523,2016-10-28,2,66.76,24,33.38,Occasional
102524,2016-01-24,4,204.14,302,51.04,Regular
102525,2016-05-28,5,209.92,177,41.98,Regular
102526,2015-08-10,8,156.04,469,19.5,Regular
102527,2016-11-12,7,317.57,9,45.37,Regular
102528,2016-10-01,7,245.11,51,35.02,Regular
102529,2016-09-03,7,241.7,79,34.53,Regular
102530,2016-03-21,6,261.25,245,43.54,Regular
102531,2016-11-15,3,81.13,6,27.04,Occasional
102532,2016-08-18,4,105.82,95,26.46,Regular
102533,2016-07-02,8,259.15,142,32.39,Regular
102534,2016-08-27,4,98.43,86,24.61,Regular
102535,2015-08-28,6,131.1,451,21.85,Regular
102536,2016-10-04,7,153.47,48,21.92,Regular
102537,2015-09-15,4,58.28,433,14.57,Regular
102538,2016-05-27,3,121.08,178,40.36,Occasional
102539,2014-11-24,2,93.35,728,46.68,Occasional
102540,2015-06-21,5,148.44,519,29.69,Regular
102541,2016-05-03,8,339.76,202,42.47,Regular
102542,2016-02-18,6,179.31,277,29.88,Regular
102543,2016-02-17,4,106.68,278,26.67,Regular
102544,2016-06-29,5,235.99,145,47.2,Regular
102545,2016-05-10,3,110.19,195,36.73,Occasional
102546,2016-06-16,6,202.27,158,33.71,Regular
102547,2016-11-03,8,274.73,18,34.34,Regular
102548,2016-09-01,12,374.85,81,31.24,Frequent
102549,2016-09-21,4,94.64,61,23.66,Regular
102550,2016-09-20,9,290.74,62,32.3,Regular
102551,2016-02-10,5,126.18,285,25.24,Regular
102552,2016-03-01,6,105.24,265,17.54,Regular
102553,2016-10-18,7,267.05,34,38.15,Regular
102554,2016-09-20,5,160.22,62,32.04,Regular
102555,2016-07-04,5,308.59,140,61.72,Regular
102556,2016-08-02,6,152.3,111,25.38,Regular
102557,2016-10-21,5,288.74,31,57.75,Regular
102558,2016-09-30,5,144.93,52,28.99,Regular
102559,2016-09-17,6,279.27,65,46.54,Regular
102560,2016-01-30,5,170.53,296,34.11,Regular
102561,2016-03-07,2,20.55,259,10.28,Occasional
102562,2016-11-05,6,210.0,16,35.0,Regular
102563,2016-07-31,10,373.8,113,37.38,Regular
102564,2015-04-27,3,78.5,574,26.17,Occasional
102565,2016-09-25,7,298.78,57,42.68,Regular
102566,2016-10-17,3,74.88,35,24.96,Occasional
102567,2016-07-31,8,149.81,113,18.73,Regular
102568,2016-09-11,7,426.72,71,60.96,Regular
102569,2016-10-03,6,249.84,49,41.64,Regular
102570,2015-01-18,2,44.48,673,22.24,Occasional
102571,2016-02-18,3,164.79,277,54.93,Occasional
102572,2015-01-03,3,89.31,688,29.77,Occasional
102573,2016-05-30,5,88.97,175,17.79,Regular
102574,2016-06-20,8,219.58,154,27.45,Regular
102575,2016-03-23,3,82.39,243,27.46,Occasional
102576,2016-08-03,4,74.71,110,18.68,Regular
102577,2016-09-02,10,590.44,80,59.04,Regular
102578,2016-08-29,6,112.76,84,18.79,Regular
102579,2016-08-31,8,358.8,82,44.85,Regular
102580,2016-08-09,6,379.08,104,63.18,Regular
102581,2015-12-23,5,354.63,334,70.93,Regular
102582,2016-04-09,5,232.8,226,46.56,Regular
102583,2015-12-27,2,56.02,330,28.01,Occasional
102584,2016-07-04,4,130.86,140,32.72,Regular
102585,2016-10-06,6,181.27,46,30.21,Regular
102586,2016-04-05,6,262.63,230,43.77,Regular
102587,2015-10-25,4,66.97,393,16.74,Regular
102588,2016-05-29,3,86.7,176,28.9,Occasional
102589,2016-10-03,6,265.88,49,44.31,Regular
102590,2016-08-25,5,222.54,88,44.51,Regular
102591,2016-09-18,13,445.72,64,34.29,Frequent
102592,2016-01-21,10,385.03,305,38.5,Regular
102593,2016-06-21,5,179.46,153,35.89,Regular
102594,2016-10-29,2,107.12,23,53.56,Occasional
102595,2016-08-13,7,150.08,100,21.44,Regular
102596,2016-11-18,2,150.48,3,75.24,Occasional
102597,2016-04-14,6,223.07,221,37.18,Regular
102598,2016-03-18,7,255.25,248,36.46,Regular
102599,2016-10-14,5,162.46,38,32.49,Regular
102600,2016-06-13,7,293.19,161,41.88,Regular
102601,2016-08-24,9,302.23,89,33.58,Regular
102602,2016-10-08,5,139.09,44,27.82,Regular
102603,2016-08-03,4,170.33,110,42.58,Regular
102604,2016-05-12,5,134.39,193,26.88,Regular
102605,2016-04-09,10,427.85,226,42.78,Regular
102606,2016-09-18,5,177.32,64,35.46,Regular
102607,2016-08-09,7,344.56,104,49.22,Regular
102608,2016-07-14,6,203.64,130,33.94,Regular
102609,2016-01-13,6,212.62,313,35.44,Regular
102610,2016-05-13,8,390.36,192,48.8,Regular
102611,2016-03-26,8,226.16,240,28.27,Regular
102612,2016-10-15,6,133.53,37,22.26,Regular
102613,2016-05-31,7,194.67,174,27.81,Regular
102614,2016-07-23,6,157.67,121,26.28,Regular
102615,2016-04-04,3,123.48,231,41.16,Occasional
102616,2016-11-11,4,63.42,10,15.86,Regular
102617,2015-02-03,7,215.02,657,30.72,Regular
102618,2016-06-02,6,198.52,172,33.09,Regular
102619,2016-04-10,7,253.62,225,36.23,Regular
102620,2016-10-28,9,432.99,24,48.11,Regular
102621,2016-08-03,8,314.39,110,39.3,Regular
102622,2016-05-18,4,308.59,187,77.15,Regular
102623,2016-11-01,3,83.21,20,27.74,Occasional
102624,2016-11-19,6,186.99,2,31.17,Regular
102625,2016-07-18,7,316.9,126,45.27,Regular
102626,2016-07-18,7,174.69,126,24.96,Regular
102627,2016-03-10,7,177.77,256,25.4,Regular
102628,2016-06-11,3,85.53,163,28.51,Occasional
102629,2016-09-06,5,116.22,76,23.24,Regular
102630,2016-09-03,8,487.59,79,60.95,Regular
102631,2016-06-08,5,117.35,166,23.47,Regular
102632,2016-09-15,7,204.52,67,29.22,Regular
102633,2016-04-29,6,398.43,206,66.4,Regular
102634,2015-12-16,4,148.65,341,37.16,Regular
102635,2015-08-26,8,231.53,453,28.94,Regular
102636,2016-05-30,4,97.64,175,24.41,Regular
102637,2015-10-07,5,123.53,411,24.71,Regular
102638,2016-08-26,5,185.95,87,37.19,Regular
102639,2016-06-20,7,300.32,154,42.9,Regular
102640,2016-09-19,4,104.29,63,26.07,Regular
102641,2016-09-12,11,363.67,70,33.06,Frequent
102642,2016-09-19,11,451.28,63,41.03,Frequent
102643,2016-06-10,4,169.13,164,42.28,Regular
102644,2016-11-12,11,322.3,9,29.3,Frequent
102645,2016-02-11,4,112.84,284,28.21,Regular
102646,2016-10-22,7,242.18,30,34.6,Regular
102647,2016-11-17,11,397.1,4,36.1,Frequent
102648,2016-10-22,8,238.9,30,29.86,Regular
102649,2016-04-25,6,189.86,210,31.64,Regular
102650,2016-03-11,3,109.51,255,36.5,Occasional
102651,2016-01-22,4,237.57,304,59.39,Regular
102652,2015-08-09,3,168.46,470,56.15,Occasional
102653,2016-06-09,9,294.54,165,32.73,Regular
102654,2016-09-14,7,230.89,68,32.98,Regular
102655,2015-09-15,5,185.19,433,37.04,Regular
102656,2016-10-10,6,124.02,42,20.67,Regular
102657,2016-07-28,8,521.67,116,65.21,Regular
102658,2016-03-25,4,145.31,241,36.33,Regular
102659,2015-10-27,4,169.02,391,42.26,Regular
102660,2016-10-05,6,184.61,47,30.77,Regular
102661,2016-10-23,8,184.61,29,23.08,Regular
102662,2016-04-20,6,208.84,215,34.81,Regular
102663,2016-01-31,7,170.27,295,24.32,Regular
102664,2016-09-05,9,208.22,77,23.14,Regular
102665,2016-09-14,8,278.26,68,34.78,Regular
102666,2016-02-06,5,120.87,289,24.17,Regular
102667,2016-05-09,4,181.13,196,45.28,Regular
102668,2016-08-03,14,475.31,110,33.95,Frequent
102669,2016-09-29,7,327.53,53,46.79,Regular
102670,2016-01-30,2,152.23,296,76.12,Occasional
102671,2016-10-07,10,289.52,45,28.95,Regular
102672,2016-01-28,4,113.97,298,28.49,Regular
102673,2016-07-24,10,559.87,120,55.99,Regular
102674,2016-11-01,5,235.69,20,47.14,Regular
102675,2016-07-19,8,322.6,125,40.33,Regular
102676,2015-12-27,5,122.63,330,24.53,Regular
102677,2015-10-14,2,24.89,404,12.44,Occasional
102678,2016-06-19,4,154.37,155,38.59,Regular
102679,2016-09-04,6,118.85,78,19.81,Regular
102680,2016-10-28,5,145.02,24,29.0,Regular
102681,2016-09-18,5,180.63,64,36.13,Regular
102682,2016-08-29,11,391.23,84,35.57,Frequent
102683,2016-08-01,8,293.46,112,36.68,Regular
102684,2016-06-27,3,142.37,147,47.46,Occasional
102685,2016-09-11,11,425.89,71,38.72,Frequent
102686,2016-10-20,9,208.23,32,23.14,Regular
102687,2016-05-15,8,255.61,190,31.95,Regular
102688,2016-10-20,9,302.55,32,33.62,Regular
102689,2016-05-04,8,432.56,201,54.07,Regular
102690,2014-07-26,1,12.42,849,12.42,One-time
102691,2016-10-15,5,157.23,37,31.45,Regular
102692,2016-09-14,4,79.48,68,19.87,Regular
102693,2015-10-12,6,245.59,406,40.93,Regular
102694,2016-07-17,8,365.2,127,45.65,Regular
102695,2016-11-15,9,269.43,6,29.94,Regular
102696,2016-09-07,9,201.29,75,22.37,Regular
102697,2016-09-27,8,322.94,55,40.37,Regular
102698,2015-12-21,6,175.23,336,29.2,Regular
102699,2016-02-13,3,92.3,282,30.77,Occasional
102700,2016-02-22,15,688.51,273,45.9,Frequent
102701,2016-05-19,6,218.56,186,36.43,Regular
102702,2016-11-08,5,212.43,13,42.49,Regular
102703,2016-10-28,10,370.02,24,37.0,Regular
102704,2016-07-28,7,232.18,116,33.17,Regular
102705,2016-10-03,7,347.95,49,49.71,Regular
102706,2016-10-24,9,344.54,28,38.28,Regular
102707,2016-07-20,9,248.61,124,27.62,Regular
102708,2016-09-08,6,337.97,74,56.33,Regular
102709,2016-09-30,1,18.21,52,18.21,One-time
102710,2016-09-10,5,177.18,72,35.44,Regular
102711,,0,0.0,1054,0.0,No Donation
102712,2015-08-03,6,173.63,476,28.94,Regular
102713,2016-11-10,4,198.11,11,49.53,Regular
102714,2016-08-06,6,280.17,107,46.7,Regular
102715,2016-06-09,6,210.78,165,35.13,Regular
102716,2016-10-16,7,264.06,36,37.72,Regular
102717,2016-10-19,6,227.08,33,37.85,Regular
102718,2016-09-27,3,104.21,55,34.74,Occasional
102719,2016-08-25,6,145.57,88,24.26,Regular
102720,2016-10-02,8,606.37,50,75.8,Regular
102721,2016-07-19,5,220.87,125,44.17,Regular
102722,2016-08-28,6,280.85,85,46.81,Regular
102723,2016-10-02,8,244.51,50,30.56,Regular
102724,2016-05-28,5,348.71,177,69.74,Regular
102725,2016-06-28,13,660.09,146,50.78,Frequent
102726,2015-12-08,7,231.95,349,33.14,Regular
102727,2016-08-05,5,153.85,108,30.77,Regular
102728,2016-04-25,6,212.12,210,35.35,Regular
102729,2015-07-02,2,123.87,508,61.94,Occasional
102730,2016-09-19,8,264.92,63,33.12,Regular
102731,2016-06-23,6,180.29,151,30.05,Regular
102732,2016-07-18,6,208.63,126,34.77,Regular
102733,2016-07-25,7,328.41,119,46.92,Regular
102734,2015-07-06,7,232.44,504,33.21,Regular
102735,2016-09-13,5,143.02,69,28.6,Regular
102736,2016-09-03,5,129.33,79,25.87,Regular
102737,2015-11-19,8,281.05,368,35.13,Regular
102738,2015-09-19,4,80.02,429,20.0,Regular
102739,2016-08-15,5,137.27,98,27.45,Regular
102740,2016-03-28,4,120.56,238,30.14,Regular
102741,2016-11-02,6,174.58,19,29.1,Regular
102742,2016-06-12,4,137.68,162,34.42,Regular
102743,2016-08-02,6,167.69,111,27.95,Regular
102744,2016-09-01,4,100.25,81,25.06,Regular
102745,2015-02-08,1,38.39,652,38.39,One-time
102746,2016-03-06,3,79.49,260,26.5,Occasional
102747,2015-07-13,5,203.92,497,40.78,Regular
102748,2015-10-24,4,93.44,394,23.36,Regular
102749,2016-03-14,3,103.72,252,34.57,Occasional
102750,2015-10-26,2,217.21,392,108.6,Occasional
102751,2016-05-16,7,204.1,189,29.16,Regular
102752,2016-08-21,8,257.9,92,32.24,Regular
102753,2016-11-17,8,520.28,4,65.04,Regular
102754,2016-10-27,5,132.81,25,26.56,Regular
102755,2015-08-03,6,177.75,476,29.62,Regular
102756,2016-11-05,15,588.4,16,39.23,Frequent
102757,2016-08-28,4,196.73,85,49.18,Regular
102758,2016-10-02,7,236.02,50,33.72,Regular
102759,2016-01-14,6,236.93,312,39.49,Regular
102760,2016-03-31,4,132.86,235,33.22,Regular
102761,2016-11-19,5,198.7,2,39.74,Regular
102762,2016-10-19,9,247.19,33,27.47,Regular
102763,2015-10-04,5,122.7,414,24.54,Regular
102764,2016-11-02,6,122.96,19,20.49,Regular
102765,2016-08-21,8,170.74,92,21.34,Regular
102766,2016-11-18,7,204.22,3,29.17,Regular
102767,2015-12-29,3,96.21,328,32.07,Occasional
102768,2015-05-03,1,23.79,568,23.79,One-time
102769,2016-05-26,6,170.2,179,28.37,Regular
102770,2016-04-09,6,352.19,226,58.7,Regular
102771,2016-10-31,3,61.51,21,20.5,Occasional
102772,2016-09-28,4,104.67,54,26.17,Regular
102773,2016-02-11,6,167.03,284,27.84,Regular
102774,2016-05-19,4,126.14,186,31.54,Regular
102775,2015-11-19,8,215.71,368,26.96,Regular
102776,2016-07-17,5,199.61,127,39.92,Regular
102777,2016-11-04,9,267.07,17,29.67,Regular
102778,2015-10-12,3,101.44,406,33.81,Occasional
102779,2016-08-03,8,144.08,110,18.01,Regular
102780,2016-08-19,7,216.28,94,30.9,Regular
102781,2016-10-25,4,104.51,27,26.13,Regular
102782,2016-11-13,5,103.46,8,20.69,Regular
102783,2016-10-03,8,208.51,49,26.06,Regular
102784,2016-05-26,3,216.4,179,72.13,Occasional
102785,2016-02-01,6,182.8,294,30.47,Regular
102786,2016-08-04,7,253.84,109,36.26,Regular
102787,2016-07-23,6,258.15,121,43.03,Regular
102788,2016-10-20,13,381.81,32,29.37,Frequent
102789,2016-01-06,9,383.29,320,42.59,Regular
102790,2016-07-08,8,267.02,136,33.38,Regular
102791,2016-10-31,8,278.88,21,34.86,Regular
102792,2016-07-11,5,76.76,133,15.35,Regular
102793,2016-06-26,9,434.78,148,48.31,Regular
102794,2016-08-01,6,111.81,112,18.64,Regular
102795,2016-04-23,3,35.31,212,11.77,Occasional
102796,2016-09-10,6,144.55,72,24.09,Regular
102797,2016-09-14,9,178.38,68,19.82,Regular
102798,2016-01-31,5,244.9,295,48.98,Regular
102799,2016-11-15,9,205.27,6,22.81,Regular
102800,2016-07-12,12,426.74,132,35.56,Frequent
102801,2015-11-05,6,133.23,382,22.2,Regular
102802,2016-08-23,4,106.78,90,26.7,Regular
102803,2016-10-22,4,83.3,30,20.82,Regular
102804,2016-06-07,2,67.85,167,33.92,Occasional
102805,2016-10-08,7,138.04,44,19.72,Regular
102806,2015-12-22,6,200.58,335,33.43,Regular
102807,2016-11-05,10,224.22,16,22.42,Regular
102808,2015-03-07,2,80.05,625,40.02,Occasional
102809,2016-07-10,4,118.03,134,29.51,Regular
102810,2016-06-10,3,68.85,164,22.95,Occasional
102811,2016-07-16,9,238.83,128,26.54,Regular
102812,2016-09-19,5,141.07,63,28.21,Regular
102813,2016-07-19,4,128.82,125,32.2,Regular
102814,2016-11-12,7,415.18,9,59.31,Regular
102815,2016-11-19,6,244.1,2,40.68,Regular
102816,2016-09-03,4,159.26,79,39.82,Regular
102817,2016-02-12,5,182.73,283,36.55,Regular
102818,2016-07-04,3,92.41,140,30.8,Occasional
102819,2016-04-25,4,205.85,210,51.46,Regular
102820,2016-08-16,7,440.84,97,62.98,Regular
102821,2016-06-27,7,280.57,147,40.08,Regular
102822,2016-02-27,6,322.56,268,53.76,Regular
102823,2014-08-06,2,56.21,838,28.1,Occasional
102824,2016-10-06,9,276.74,46,30.75,Regular
102825,2016-06-19,5,165.82,155,33.16,Regular
102826,2016-09-10,4,164.68,72,41.17,Regular
102827,2016-09-04,5,189.18,78,37.84,Regular
102828,2015-09-16,4,156.92,432,39.23,Regular
102829,2016-09-18,6,200.23,64,33.37,Regular
102830,2015-08-02,2,64.45,477,32.22,Occasional
102831,2016-10-31,8,193.59,21,24.2,Regular
102832,2016-10-12,11,340.99,40,31.0,Frequent
102833,2015-12-23,2,45.23,334,22.62,Occasional
102834,2016-05-28,9,378.31,177,42.03,Regular
102835,2016-01-11,4,242.01,315,60.5,Regular
102836,2016-11-12,14,516.48,9,36.89,Frequent
102837,2016-10-25,7,141.23,27,20.18,Regular
102838,2015-04-25,2,27.13,576,13.57,Occasional
102839,2016-06-06,4,65.63,168,16.41,Regular
102840,2016-06-16,6,153.21,158,25.53,Regular
102841,2016-02-27,4,203.64,268,50.91,Regular
102842,2016-11-06,10,411.47,15,41.15,Regular
102843,2016-10-20,5,102.64,32,20.53,Regular
102844,2016-10-04,5,89.11,48,17.82,Regular
102845,2016-02-06,2,146.06,289,73.03,Occasional
102846,2015-09-12,5,181.14,436,36.23,Regular
102847,2016-09-05,6,234.47,77,39.08,Regular
102848,2016-07-17,5,80.86,127,16.17,Regular
102849,2016-05-10,6,298.38,195,49.73,Regular
102850,2015-10-27,3,112.51,391,37.5,Occasional
102851,2016-04-15,5,404.4,220,80.88,Regular
102852,2014-12-31,3,58.35,691,19.45,Occasional
102853,2015-12-14,4,229.55,343,57.39,Regular
102854,2016-10-06,5,217.22,46,43.44,Regular
102855,2016-10-09,7,169.8,43,24.26,Regular
102856,2016-09-09,6,212.13,73,35.35,Regular
102857,2015-12-23,4,156.66,334,39.16,Regular
102858,2016-08-11,3,67.03,102,22.34,Occasional
102859,2016-07-09,6,304.34,135,50.72,Regular
102860,2016-05-27,3,137.57,178,45.86,Occasional
102861,2015-05-21,1,12.86,550,12.86,One-time
102862,2016-09-22,8,372.67,60,46.58,Regular
102863,2015-03-28,6,197.16,604,32.86,Regular
102864,2016-11-03,6,219.8,18,36.63,Regular
102865,2015-07-11,2,61.74,499,30.87,Occasional
102866,2016-06-21,4,153.12,153,38.28,Regular
102867,2016-09-25,5,225.1,57,45.02,Regular
102868,2016-01-10,6,114.43,316,19.07,Regular
102869,2016-06-13,5,216.84,161,43.37,Regular
102870,2016-07-14,4,110.15,130,27.54,Regular
102871,2016-10-18,3,95.08,34,31.69,Occasional
102872,2016-04-16,3,128.54,219,42.85,Occasional
102873,2016-10-02,7,224.61,50,32.09,Regular
102874,2016-09-15,4,144.59,67,36.15,Regular
102875,2016-05-27,7,277.39,178,39.63,Regular
102876,2015-01-05,3,64.06,686,21.35,Occasional
102877,2016-09-25,4,146.51,57,36.63,Regular
102878,2016-03-13,5,210.39,253,42.08,Regular
102879,2016-10-23,6,217.76,29,36.29,Regular
102880,2015-10-13,2,44.05,405,22.02,Occasional
102881,2016-10-03,6,213.84,49,35.64,Regular
102882,2016-06-08,5,170.71,166,34.14,Regular
102883,2016-11-11,6,191.98,10,32.0,Regular
102884,2016-09-20,11,526.26,62,47.84,Frequent
102885,2016-03-31,4,93.94,235,23.48,Regular
102886,2016-10-14,8,293.12,38,36.64,Regular
102887,2016-06-13,4,182.38,161,45.6,Regular
102888,2016-09-15,6,213.49,67,35.58,Regular
102889,2016-09-30,4,142.35,52,35.59,Regular
102890,2016-07-31,7,279.62,113,39.95,Regular
102891,2016-10-27,10,231.95,25,23.2,Regular
102892,2016-06-28,2,78.33,146,39.16,Occasional
102893,2016-07-28,2,36.51,116,18.26,Occasional
102894,2016-08-14,6,338.39,99,56.4,Regular
102895,2016-04-27,6,241.36,208,40.23,Regular
102896,2015-11-04,3,69.09,383,23.03,Occasional
102897,2015-05-22,3,49.81,549,16.6,Occasional
102898,2016-11-01,6,123.63,20,20.6,Regular
102899,2016-08-31,3,49.16,82,16.39,Occasional
102900,2016-07-05,4,204.36,139,51.09,Regular
102901,2015-07-14,3,82.03,496,27.34,Occasional
102902,2016-11-04,5,136.35,17,27.27,Regular
102903,2016-03-24,7,297.43,242,42.49,Regular
102904,2016-11-11,6,263.53,10,43.92,Regular
102905,2016-06-02,5,173.52,172,34.7,Regular
102906,2014-11-26,9,255.77,726,28.42,Regular
102907,2016-09-25,3,45.76,57,15.25,Occasional
102908,2015-09-06,5,232.38,442,46.48,Regular
102909,2016-10-08,7,215.07,44,30.72,Regular
102910,2016-05-25,5,200.57,180,40.11,Regular
102911,2016-09-21,3,121.4,61,40.47,Occasional
102912,2016-05-02,8,355.6,203,44.45,Regular
102913,2016-10-08,6,324.08,44,54.01,Regular
102914,2016-04-08,7,424.56,227,60.65,Regular
102915,2016-10-13,8,269.76,39,33.72,Regular
102916,2016-11-10,3,100.53,11,33.51,Occasional
102917,2015-07-24,3,47.88,486,15.96,Occasional
102918,2016-08-27,4,103.29,86,25.82,Regular
102919,2016-09-25,7,256.16,57,36.59,Regular
102920,2016-07-23,4,135.23,121,33.81,Regular
102921,2016-02-24,3,195.94,271,65.31,Occasional
102922,2016-07-28,4,114.48,116,28.62,Regular
102923,2016-04-17,4,258.93,218,64.73,Regular
102924,2016-05-11,5,211.21,194,42.24,Regular
102925,2016-09-04,8,274.78,78,34.35,Regular
102926,2016-11-18,6,275.55,3,45.92,Regular
102927,2016-07-11,7,220.98,133,31.57,Regular
102928,2016-11-08,9,284.46,13,31.61,Regular
102929,2016-06-07,3,66.78,167,22.26,Occasional
102930,2016-09-18,10,211.1,64,21.11,Regular
102931,2016-09-28,6,93.71,54,15.62,Regular
102932,2016-09-15,8,275.64,67,34.46,Regular
102933,2016-10-06,8,323.21,46,40.4,Regular
102934,2016-10-11,5,115.03,41,23.01,Regular
102935,2016-05-03,4,156.32,202,39.08,Regular
102936,2016-11-12,7,299.14,9,42.73,Regular
102937,2016-02-12,3,27.3,283,9.1,Occasional
102938,2016-11-08,10,267.63,13,26.76,Regular
102939,2015-01-09,3,155.44,682,51.81,Occasional
102940,2016-02-15,2,16.03,280,8.02,Occasional
102941,2016-11-11,3,103.92,10,34.64,Occasional
102942,2016-06-08,7,337.16,166,48.17,Regular
102943,2016-08-07,7,275.02,106,39.29,Regular
102944,2016-11-08,5,269.75,13,53.95,Regular
102945,2015-11-24,6,163.05,363,27.18,Regular
102946,2016-03-25,5,199.79,241,39.96,Regular
102947,2016-08-21,3,71.41,92,23.8,Occasional
102948,2016-06-26,5,231.26,148,46.25,Regular
102949,2016-08-24,4,83.69,89,20.92,Regular
102950,2016-05-20,7,209.17,185,29.88,Regular
102951,2016-02-10,4,246.03,285,61.51,Regular
102952,2016-10-25,2,57.63,27,28.82,Occasional
102953,2016-07-15,12,313.88,129,26.16,Frequent
102954,2016-04-20,4,145.0,215,36.25,Regular
102955,2016-01-08,7,159.05,318,22.72,Regular
102956,2016-08-16,8,320.55,97,40.07,Regular
102957,2015-10-22,6,217.56,396,36.26,Regular
102958,2016-09-06,3,108.94,76,36.31,Occasional
102959,2016-08-09,4,157.46,104,39.36,Regular
102960,2016-09-24,9,277.07,58,30.79,Regular
102961,2016-01-01,5,134.34,325,26.87,Regular
102962,2016-07-06,11,383.16,138,34.83,Frequent
102963,2016-06-14,4,121.7,160,30.42,Regular
102964,2016-05-05,6,119.0,200,19.83,Regular
102965,2016-08-22,5,161.01,91,32.2,Regular
102966,2016-08-28,4,104.75,85,26.19,Regular
102967,2016-10-13,4,90.49,39,22.62,Regular
102968,2016-09-18,6,297.38,64,49.56,Regular
102969,2016-07-29,2,120.39,115,60.2,Occasional
102970,2016-11-02,5,178.31,19,35.66,Regular
102971,2016-05-23,6,192.83,182,32.14,Regular
102972,2016-06-14,4,94.8,160,23.7,Regular
102973,2016-11-14,8,366.66,7,45.83,Regular
102974,2016-11-03,9,318.2,18,35.36,Regular
102975,2015-03-11,1,28.48,621,28.48,One-time
102976,2014-12-19,4,146.76,703,36.69,Regular
102977,2016-08-16,5,121.78,97,24.36,Regular
102978,2016-08-24,3,98.25,89,32.75,Occasional
102979,2016-05-20,4,164.1,185,41.02,Regular
102980,2016-03-23,7,253.5,243,36.21,Regular
102981,2016-11-12,7,316.98,9,45.28,Regular
102982,2016-09-11,6,135.9,71,22.65,Regular
102983,2016-09-30,6,177.94,52,29.66,Regular
102984,2015-10-13,2,67.95,405,33.98,Occasional
102985,2016-03-21,6,192.25,245,32.04,Regular
102986,2015-12-04,3,63.01,353,21.0,Occasional
102987,2016-09-22,4,150.06,60,37.52,Regular
102988,2016-10-24,10,489.81,28,48.98,Regular
102989,2016-06-12,3,67.91,162,22.64,Occasional
102990,2016-10-09,11,280.2,43,25.47,Frequent
102991,2016-09-25,4,66.34,57,16.58,Regular
102992,2016-05-25,5,112.2,180,22.44,Regular
102993,2016-10-13,2,62.29,39,31.15,Occasional
102994,2016-09-13,9,310.13,69,34.46,Regular
102995,2014-06-30,1,5.0,875,5.0,One-time
102996,2015-11-26,6,211.57,361,35.26,Regular
102997,2016-07-16,2,56.81,128,28.4,Occasional
102998,2016-04-05,9,200.71,230,22.3,Regular
102999,2016-08-22,5,160.56,91,32.11,Regular
103000,2016-06-20,9,309.98,154,34.44,Regular
103001,2016-10-02,5,182.41,50,36.48,Regular
103002,2016-11-05,7,170.0,16,24.29,Regular
103003,2016-11-12,5,117.46,9,23.49,Regular
103004,2016-07-04,11,661.68,140,60.15,Frequent
103005,2016-11-14,8,273.92,7,34.24,Regular
103006,2016-11-04,4,83.49,17,20.87,Regular
103007,2016-02-26,10,292.74,269,29.27,Regular
103008,2016-10-08,11,293.0,44,26.64,Frequent
103009,2015-11-25,5,189.46,362,37.89,Regular
103010,2016-10-25,8,344.65,27,43.08,Regular
103011,2016-01-07,6,184.18,319,30.7,Regular
103012,2014-10-08,2,54.39,775,27.2,Occasional
103013,2016-09-03,4,118.94,79,29.74,Regular
103014,2016-11-07,3,90.62,14,30.21,Occasional
103015,2016-08-24,5,170.01,89,34.0,Regular
103016,2016-07-23,5,172.59,121,34.52,Regular
103017,2016-10-18,8,184.9,34,23.11,Regular
103018,2014-06-05,2,45.68,900,22.84,Occasional
103019,2016-08-29,9,201.34,84,22.37,Regular
103020,2016-07-23,6,251.69,121,41.95,Regular
103021,2016-11-17,9,325.64,4,36.18,Regular
103022,2016-06-08,4,155.09,166,38.77,Regular
103023,2016-09-02,7,291.19,80,41.6,Regular
103024,2016-11-17,7,162.43,4,23.2,Regular
103025,2016-05-12,5,237.36,193,47.47,Regular
103026,2016-09-12,3,111.03,70,37.01,Occasional
103027,2016-10-25,6,154.04,27,25.67,Regular
103028,2016-06-26,4,80.41,148,20.1,Regular
103029,2016-02-26,3,136.37,269,45.46,Occasional
103030,2016-07-31,7,223.35,113,31.91,Regular
103031,2016-10-24,6,166.9,28,27.82,Regular
103032,2016-05-30,9,205.71,175,22.86,Regular
103033,2016-10-25,12,481.17,27,40.1,Frequent
103034,2016-06-11,6,296.2,163,49.37,Regular
103035,2016-03-05,6,238.95,261,39.82,Regular
103036,2016-11-17,8,217.29,4,27.16,Regular
103037,2016-02-29,7,186.25,266,26.61,Regular
103038,2016-07-22,4,103.93,122,25.98,Regular
103039,2014-11-10,3,137.47,742,45.82,Occasional
103040,2016-05-03,9,452.14,202,50.24,Regular
103041,2015-09-17,7,390.3,431,55.76,Regular
103042,2016-07-30,7,325.23,114,46.46,Regular
103043,2016-09-12,5,122.9,70,24.58,Regular
103044,2016-09-03,4,89.56,79,22.39,Regular
103045,2016-07-07,1,79.71,137,79.71,One-time
103046,2016-02-04,4,379.41,291,94.85,Regular
103047,2015-12-27,4,192.07,330,48.02,Regular
103048,2016-08-02,2,48.41,111,24.2,Occasional
103049,2016-10-30,10,384.16,22,38.42,Regular
103050,2016-11-05,6,117.28,16,19.55,Regular
103051,2016-01-20,6,306.1,306,51.02,Regular
103052,2016-08-18,8,328.14,95,41.02,Regular
103053,2016-03-31,5,129.29,235,25.86,Regular
103054,2016-04-21,6,241.13,214,40.19,Regular
103055,2016-08-18,2,45.31,95,22.66,Occasional
103056,2014-04-03,2,78.07,963,39.03,Occasional
103057,2016-10-25,5,95.75,27,19.15,Regular
103058,2016-06-19,5,197.46,155,39.49,Regular
103059,2016-09-02,15,338.87,80,22.59,Frequent
103060,2016-05-13,10,467.93,192,46.79,Regular
103061,2016-09-23,4,182.7,59,45.68,Regular
103062,2016-01-11,5,151.45,315,30.29,Regular
103063,2016-11-19,4,134.83,2,33.71,Regular
103064,2015-10-21,3,74.25,397,24.75,Occasional
103065,2016-07-29,8,227.19,115,28.4,Regular
103066,2016-08-02,4,138.86,111,34.72,Regular
103067,2016-06-01,6,200.15,173,33.36,Regular
103068,2016-08-15,4,103.34,98,25.84,Regular
103069,2016-07-09,11,404.86,135,36.81,Frequent
103070,2016-04-22,10,530.2,213,53.02,Regular
103071,2016-07-09,10,398.86,135,39.89,Regular
103072,2016-10-11,5,113.21,41,22.64,Regular
103073,2016-07-22,8,191.74,122,23.97,Regular
103074,2016-09-07,5,98.62,75,19.72,Regular
103075,2015-09-20,4,176.42,428,44.1,Regular
103076,2016-06-29,8,178.94,145,22.37,Regular
103077,2016-11-04,7,340.29,17,48.61,Regular
103078,2015-09-02,8,193.22,446,24.15,Regular
103079,2016-11-11,11,331.21,10,30.11,Frequent
103080,2016-05-20,5,209.21,185,41.84,Regular
103081,2016-05-31,4,157.34,174,39.34,Regular
103082,2016-11-19,10,448.52,2,44.85,Regular
103083,2014-09-26,3,154.9,787,51.63,Occasional
103084,2016-10-15,2,61.4,37,30.7,Occasional
103085,2016-08-06,11,429.32,107,39.03,Frequent
103086,2016-11-10,5,260.35,11,52.07,Regular
103087,2016-08-27,8,546.27,86,68.28,Regular
103088,2016-08-29,8,250.85,84,31.36,Regular
103089,2016-06-28,6,266.41,146,44.4,Regular
103090,2015-12-06,4,146.85,351,36.71,Regular
103091,2015-09-05,4,315.12,443,78.78,Regular
103092,2015-12-31,5,154.83,326,30.97,Regular
103093,2016-11-19,8,394.43,2,49.3,Regular
103094,2016-07-10,8,237.61,134,29.7,Regular
103095,2016-07-23,5,204.48,121,40.9,Regular
103096,2016-07-17,5,147.26,127,29.45,Regular
103097,2016-05-04,7,205.09,201,29.3,Regular
103098,2016-06-01,6,137.46,173,22.91,Regular
103099,2016-11-07,5,204.7,14,40.94,Regular
103100,2015-11-06,3,75.59,381,25.2,Occasional
103101,2016-10-11,5,157.55,41,31.51,Regular
103102,2016-10-17,6,153.84,35,25.64,Regular
103103,2016-09-05,7,303.45,77,43.35,Regular
103104,2016-11-02,6,267.37,19,44.56,Regular
103105,2016-07-08,9,245.16,136,27.24,Regular
103106,2016-04-17,3,63.75,218,21.25,Occasional
103107,2015-07-15,2,68.18,495,34.09,Occasional
103108,2014-12-07,2,55.85,715,27.92,Occasional
103109,2016-02-09,9,301.46,286,33.5,Regular
103110,2016-09-08,7,226.37,74,32.34,Regular
103111,2015-08-27,5,163.35,452,32.67,Regular
103112,2016-06-29,4,131.27,145,32.82,Regular
103113,2016-09-24,7,233.6,58,33.37,Regular
103114,2016-10-03,8,373.38,49,46.67,Regular
103115,2015-07-12,1,26.15,498,26.15,One-time
103116,2016-10-14,6,193.96,38,32.33,Regular
103117,2016-10-12,7,122.38,40,17.48,Regular
103118,2016-07-26,8,295.45,118,36.93,Regular
103119,2016-07-21,6,144.42,123,24.07,Regular
103120,2016-11-16,9,332.92,5,36.99,Regular
103121,2016-10-07,12,366.04,45,30.5,Frequent
103122,2016-03-24,3,97.93,242,32.64,Occasional
103123,2016-10-15,3,67.75,37,22.58,Occasional
103124,2016-05-29,6,214.48,176,35.75,Regular
103125,2016-05-08,5,353.23,197,70.65,Regular
103126,2016-11-09,7,213.35,12,30.48,Regular
103127,2016-01-13,5,149.51,313,29.9,Regular
103128,2016-11-11,5,137.59,10,27.52,Regular
103129,2016-10-05,6,165.89,47,27.65,Regular
103130,2016-06-02,6,236.2,172,39.37,Regular
103131,2016-09-29,5,233.99,53,46.8,Regular
103132,2016-10-13,7,285.5,39,40.79,Regular
103133,2016-03-25,2,117.98,241,58.99,Occasional
103134,2016-09-04,9,450.74,78,50.08,Regular
103135,2016-02-15,8,392.19,280,49.02,Regular
103136,2016-01-29,4,202.08,297,50.52,Regular
103137,2016-11-02,6,156.3,19,26.05,Regular
103138,2016-05-22,8,194.64,183,24.33,Regular
103139,2016-01-28,4,139.9,298,34.98,Regular
103140,,0,0.0,1054,0.0,No Donation
103141,2015-09-12,3,62.64,436,20.88,Occasional
103142,2016-04-13,6,280.36,222,46.73,Regular
103143,2016-11-15,7,297.05,6,42.44,Regular
103144,2016-04-30,4,282.97,205,70.74,Regular
103145,2016-03-03,4,104.21,263,26.05,Regular
103146,2015-08-17,5,181.61,462,36.32,Regular
103147,2015-07-25,5,143.97,485,28.79,Regular
103148,2016-10-14,7,213.86,38,30.55,Regular
103149,2016-06-18,6,147.25,156,24.54,Regular
103150,2016-08-18,6,115.49,95,19.25,Regular
103151,2016-11-06,2,91.34,15,45.67,Occasional
103152,2015-05-29,2,48.25,542,24.12,Occasional
103153,2016-09-15,6,160.08,67,26.68,Regular
103154,2016-09-13,9,388.6,69,43.18,Regular
103155,2016-06-18,4,121.98,156,30.5,Regular
103156,2016-10-15,5,214.47,37,42.89,Regular
103157,2016-10-18,4,76.76,34,19.19,Regular
103158,2016-03-31,5,160.9,235,32.18,Regular
103159,2016-10-16,4,205.13,36,51.28,Regular
103160,2016-08-31,4,133.18,82,33.3,Regular
103161,2015-07-22,5,129.58,488,25.92,Regular
103162,2016-10-26,10,368.5,26,36.85,Regular
103163,2016-08-21,5,257.4,92,51.48,Regular
103164,2016-09-16,7,280.8,66,40.11,Regular
103165,2016-08-25,9,367.42,88,40.82,Regular
103166,2016-08-28,5,149.92,85,29.98,Regular
103167,2016-04-23,5,168.92,212,33.78,Regular
103168,2016-05-26,4,97.49,179,24.37,Regular
103169,2016-10-25,8,113.03,27,14.13,Regular
103170,2016-03-19,5,224.22,247,44.84,Regular
103171,2016-07-22,8,298.34,122,37.29,Regular
103172,2016-08-15,7,286.67,98,40.95,Regular
103173,2016-09-19,6,137.13,63,22.86,Regular
103174,2016-09-06,9,308.22,76,34.25,Regular
103175,2016-05-16,6,280.86,189,46.81,Regular
103176,2016-06-30,5,117.91,144,23.58,Regular
103177,2016-06-02,9,538.0,172,59.78,Regular
103178,2016-08-01,9,273.11,112,30.35,Regular
103179,2016-10-12,5,274.73,40,54.95,Regular
103180,2015-11-20,5,167.16,367,33.43,Regular
103181,2015-04-09,2,65.86,592,32.93,Occasional
103182,2015-07-09,6,223.66,501,37.28,Regular
103183,2016-08-24,4,166.2,89,41.55,Regular
103184,2016-09-26,7,181.69,56,25.96,Regular
103185,2016-09-19,7,232.95,63,33.28,Regular
103186,,0,0.0,1054,0.0,No Donation
103187,2016-03-25,7,160.95,241,22.99,Regular
103188,2016-11-08,15,353.14,13,23.54,Frequent
103189,2016-03-25,6,262.64,241,43.77,Regular
103190,2016-07-20,7,247.33,124,35.33,Regular
103191,2016-11-12,9,310.65,9,34.52,Regular
103192,2016-10-28,4,125.66,24,31.42,Regular
103193,2016-08-01,7,206.97,112,29.57,Regular
103194,2016-07-09,7,314.95,135,44.99,Regular
103195,2016-05-06,8,229.4,199,28.67,Regular
103196,2016-11-15,9,393.91,6,43.77,Regular
103197,2014-11-28,2,66.24,724,33.12,Occasional
103198,2016-05-04,6,257.9,201,42.98,Regular
103199,2016-10-17,7,461.1,35,65.87,Regular
103200,2016-07-31,10,410.04,113,41.0,Regular
103201,2015-10-11,3,87.3,407,29.1,Occasional
103202,2016-04-26,6,186.69,209,31.12,Regular
103203,2016-06-26,3,78.28,148,26.09,Occasional
103204,2015-07-19,5,151.87,491,30.37,Regular
103205,2015-03-21,5,153.22,611,30.64,Regular
103206,2015-12-31,5,223.32,326,44.66,Regular
103207,2016-03-22,4,242.27,244,60.57,Regular
103208,2016-07-19,8,184.88,125,23.11,Regular
103209,2016-08-26,6,133.33,87,22.22,Regular
103210,2016-09-05,6,149.44,77,24.91,Regular
103211,2016-04-10,1,61.01,225,61.01,One-time
103212,2016-10-12,4,99.89,40,24.97,Regular
103213,2016-11-01,6,286.86,20,47.81,Regular
103214,2016-11-02,6,178.06,19,29.68,Regular
103215,2016-08-07,4,142.25,106,35.56,Regular
103216,2016-11-06,8,285.08,15,35.64,Regular
103217,2016-09-02,10,520.94,80,52.09,Regular
103218,2016-02-05,7,280.95,290,40.14,Regular
103219,2016-05-23,8,138.34,182,17.29,Regular
103220,2015-08-28,4,157.36,451,39.34,Regular
103221,2016-05-10,7,169.94,195,24.28,Regular
103222,2016-10-02,6,227.76,50,37.96,Regular
103223,2016-03-17,6,293.63,249,48.94,Regular
103224,2015-03-15,2,262.95,617,131.48,Occasional
103225,2016-06-10,6,451.46,164,75.24,Regular
103226,2016-11-18,4,124.73,3,31.18,Regular
103227,2016-02-18,2,94.85,277,47.42,Occasional
103228,2016-09-26,6,298.66,56,49.78,Regular
103229,2016-09-04,9,435.46,78,48.38,Regular
103230,2016-10-11,5,235.94,41,47.19,Regular
103231,2016-02-05,1,16.62,290,16.62,One-time
103232,2015-12-12,5,131.6,345,26.32,Regular
103233,2015-10-04,2,95.8,414,47.9,Occasional
103234,2015-11-22,5,141.6,365,28.32,Regular
103235,2016-01-08,6,156.23,318,26.04,Regular
103236,2015-03-02,3,43.58,630,14.53,Occasional
103237,2015-12-24,6,265.92,333,44.32,Regular
103238,2016-10-09,9,364.53,43,40.5,Regular
103239,2016-10-17,5,107.31,35,21.46,Regular
103240,2016-01-03,4,76.2,323,19.05,Regular
103241,2015-10-14,3,150.96,404,50.32,Occasional
103242,2015-08-23,3,69.57,456,23.19,Occasional
103243,2016-09-13,10,269.09,69,26.91,Regular
103244,2016-08-26,6,297.95,87,49.66,Regular
103245,2016-08-31,5,73.02,82,14.6,Regular
103246,2016-01-16,2,70.34,310,35.17,Occasional
103247,2016-10-21,4,146.87,31,36.72,Regular
103248,2016-04-26,2,77.53,209,38.76,Occasional
103249,2016-08-31,9,174.38,82,19.38,Regular
103250,2016-04-19,8,338.74,216,42.34,Regular
103251,2016-11-06,10,317.74,15,31.77,Regular
103252,2016-03-02,8,328.1,264,41.01,Regular
103253,2016-09-06,4,163.98,76,41.0,Regular
103254,2016-10-09,4,199.0,43,49.75,Regular
103255,2016-06-18,3,106.54,156,35.51,Occasional
103256,2016-11-03,7,199.73,18,28.53,Regular
103257,2014-12-06,4,119.64,716,29.91,Regular
103258,2015-10-30,3,93.98,388,31.33,Occasional
103259,2016-01-25,7,199.37,301,28.48,Regular
103260,2015-12-27,1,97.78,330,97.78,One-time
103261,2016-05-24,5,165.29,181,33.06,Regular
103262,2016-06-30,10,375.98,144,37.6,Regular
103263,2016-09-10,4,137.57,72,34.39,Regular
103264,2016-09-19,5,129.67,63,25.93,Regular
103265,2016-10-14,4,83.66,38,20.92,Regular
103266,2016-04-19,5,157.26,216,31.45,Regular
103267,2016-10-20,8,274.52,32,34.32,Regular
103268,2016-10-04,8,262.7,48,32.84,Regular
103269,2016-06-09,5,91.26,165,18.25,Regular
103270,2016-08-12,6,308.2,101,51.37,Regular
103271,2015-11-10,5,186.11,377,37.22,Regular
103272,2016-06-10,4,111.65,164,27.91,Regular
103273,2016-01-26,3,112.69,300,37.56,Occasional
103274,2016-04-08,5,389.26,227,77.85,Regular
103275,2015-10-13,4,82.77,405,20.69,Regular
103276,2016-11-04,8,318.14,17,39.77,Regular
103277,2016-02-07,7,391.51,288,55.93,Regular
103278,2015-08-23,4,98.1,456,24.52,Regular
103279,2016-06-04,7,403.86,170,57.69,Regular
103280,2015-01-10,6,312.36,681,52.06,Regular
103281,2016-04-24,3,61.3,211,20.43,Occasional
103282,2016-04-20,4,93.64,215,23.41,Regular
103283,2016-07-17,8,381.14,127,47.64,Regular
103284,2016-11-02,4,109.98,19,27.49,Regular
103285,2016-09-28,6,280.8,54,46.8,Regular
103286,2016-11-13,7,217.73,8,31.1,Regular
103287,2016-09-12,7,285.79,70,40.83,Regular
103288,2016-07-23,5,161.13,121,32.23,Regular
103289,2016-10-03,7,386.66,49,55.24,Regular
103290,2016-09-15,7,220.91,67,31.56,Regular
103291,2016-10-16,3,50.07,36,16.69,Occasional
103292,2016-02-06,3,104.45,289,34.82,Occasional
103293,2015-07-19,6,126.71,491,21.12,Regular
103294,2016-05-06,9,484.29,199,53.81,Regular
103295,2016-11-18,5,217.64,3,43.53,Regular
103296,2016-09-15,8,323.77,67,40.47,Regular
103297,2016-09-23,4,148.4,59,37.1,Regular
103298,2015-12-08,7,252.35,349,36.05,Regular
103299,2016-04-16,6,262.6,219,43.77,Regular
103300,2016-11-06,7,164.93,15,23.56,Regular
103301,2016-04-12,10,450.64,223,45.06,Regular
103302,2016-06-03,4,115.68,171,28.92,Regular
103303,2016-10-26,6,235.94,26,39.32,Regular
103304,2016-09-30,7,388.45,52,55.49,Regular
103305,2016-08-08,6,308.28,105,51.38,Regular
103306,2016-04-22,4,45.05,213,11.26,Regular
103307,2015-10-03,2,146.47,415,73.24,Occasional
103308,2016-10-16,8,385.6,36,48.2,Regular
103309,2016-01-03,5,134.28,323,26.86,Regular
103310,2016-04-03,5,220.87,232,44.17,Regular
103311,2016-08-21,4,111.89,92,27.97,Regular
103312,2016-08-25,3,190.67,88,63.56,Occasional
103313,2015-03-22,4,112.19,610,28.05,Regular
103314,2016-09-23,4,79.86,59,19.96,Regular
103315,2016-11-11,10,378.37,10,37.84,Regular
103316,2016-09-29,5,204.24,53,40.85,Regular
103317,2016-07-31,3,73.65,113,24.55,Occasional
103318,2016-10-21,11,592.21,31,53.84,Frequent
103319,2016-10-18,7,181.41,34,25.92,Regular
103320,2016-09-12,3,82.14,70,27.38,Occasional
103321,2016-08-29,5,359.19,84,71.84,Regular
103322,2016-01-09,7,269.37,317,38.48,Regular
103323,2016-10-29,7,178.55,23,25.51,Regular
103324,2015-05-03,3,107.13,568,35.71,Occasional
103325,2016-09-28,5,308.34,54,61.67,Regular
103326,2015-07-03,4,191.39,507,47.85,Regular
103327,2016-08-27,9,397.93,86,44.21,Regular
103328,2015-10-10,5,186.1,408,37.22,Regular
103329,2016-04-28,9,332.08,207,36.9,Regular
103330,2016-09-04,9,303.93,78,33.77,Regular
103331,2016-01-04,5,87.8,322,17.56,Regular
103332,2016-09-29,8,297.06,53,37.13,Regular
103333,2016-03-30,5,213.46,236,42.69,Regular
103334,2016-10-07,10,463.59,45,46.36,Regular
103335,2016-08-25,10,243.57,88,24.36,Regular
103336,2016-07-14,6,269.06,130,44.84,Regular
103337,2016-06-02,5,276.05,172,55.21,Regular
103338,2016-10-02,8,256.04,50,32.01,Regular
103339,2016-10-12,2,43.26,40,21.63,Occasional
103340,2016-05-31,9,923.41,174,102.6,Regular
103341,2016-05-14,7,240.32,191,34.33,Regular
103342,2016-08-09,7,191.96,104,27.42,Regular
103343,2016-04-01,4,160.87,234,40.22,Regular
103344,2016-02-16,9,303.33,279,33.7,Regular
103345,2016-10-09,6,206.72,43,34.45,Regular
103346,2016-10-07,7,285.18,45,40.74,Regular
103347,2015-12-08,3,64.19,349,21.4,Occasional
103348,2015-06-24,5,157.4,516,31.48,Regular
103349,2015-08-09,8,284.41,470,35.55,Regular
103350,2015-03-21,5,117.05,611,23.41,Regular
103351,2016-10-08,8,408.94,44,51.12,Regular
103352,2016-11-16,3,107.18,5,35.73,Occasional
103353,2016-09-19,10,207.51,63,20.75,Regular
103354,2016-08-03,12,499.07,110,41.59,Frequent
103355,2016-02-17,5,318.63,278,63.73,Regular
103356,2016-08-18,4,166.05,95,41.51,Regular
103357,2015-10-02,5,188.86,416,37.77,Regular
103358,2016-01-30,4,100.92,296,25.23,Regular
103359,2016-04-07,4,117.36,228,29.34,Regular
103360,2015-12-31,9,300.77,326,33.42,Regular
103361,2016-05-24,9,334.1,181,37.12,Regular
103362,2016-01-13,5,126.73,313,25.35,Regular
103363,2016-06-20,8,194.63,154,24.33,Regular
103364,2016-09-02,8,212.59,80,26.57,Regular
103365,2016-07-09,10,366.72,135,36.67,Regular
103366,2015-11-14,7,241.42,373,34.49,Regular
103367,2016-08-15,4,98.47,98,24.62,Regular
103368,2016-09-20,9,507.42,62,56.38,Regular
103369,2016-06-08,5,151.77,166,30.35,Regular
103370,2015-12-01,6,258.67,356,43.11,Regular
103371,2015-12-07,2,24.92,350,12.46,Occasional
103372,2016-10-22,7,413.49,30,59.07,Regular
103373,2016-01-04,7,200.05,322,28.58,Regular
103374,2016-05-17,2,109.2,188,54.6,Occasional
103375,2016-08-25,8,193.54,88,24.19,Regular
103376,2016-10-10,15,517.46,42,34.5,Frequent
103377,2015-11-10,7,330.14,377,47.16,Regular
103378,2016-01-25,5,145.04,301,29.01,Regular
103379,2016-10-08,10,295.1,44,29.51,Regular
103380,2016-04-30,1,39.14,205,39.14,One-time
103381,2016-09-21,10,544.3,61,54.43,Regular
103382,2016-07-23,10,227.1,121,22.71,Regular
103383,2016-01-31,8,217.49,295,27.19,Regular
103384,2016-01-02,4,104.86,324,26.22,Regular
103385,2016-02-02,2,18.7,293,9.35,Occasional
103386,2016-07-27,5,276.06,117,55.21,Regular
103387,2015-12-06,6,145.19,351,24.2,Regular
103388,2015-06-24,7,319.26,516,45.61,Regular
103389,2016-03-29,8,348.33,237,43.54,Regular
103390,2016-05-21,9,280.83,184,31.2,Regular
103391,2016-06-25,6,265.57,149,44.26,Regular
103392,2016-09-24,7,210.77,58,30.11,Regular
103393,2016-09-05,7,168.53,77,24.08,Regular
103394,2016-10-11,3,241.12,41,80.37,Occasional
103395,2016-05-07,9,240.37,198,26.71,Regular
103396,2016-05-03,6,211.63,202,35.27,Regular
103397,2015-05-02,4,165.11,569,41.28,Regular
103398,2016-09-30,6,157.82,52,26.3,Regular
103399,2016-06-11,3,73.88,163,24.63,Occasional
103400,2016-10-08,7,199.09,44,28.44,Regular
103401,2016-04-16,7,310.51,219,44.36,Regular
103402,2016-06-08,5,207.11,166,41.42,Regular
103403,2016-08-04,4,246.27,109,61.57,Regular
103404,2016-05-19,4,122.96,186,30.74,Regular
103405,2016-04-04,6,145.12,231,24.19,Regular
103406,2016-10-04,10,427.91,48,42.79,Regular
103407,2016-02-06,3,97.05,289,32.35,Occasional
103408,2016-10-13,14,730.22,39,52.16,Frequent
103409,2016-11-15,7,337.54,6,48.22,Regular
103410,2015-10-10,4,77.18,408,19.3,Regular
103411,2016-08-28,13,347.02,85,26.69,Frequent
103412,2016-04-24,9,366.09,211,40.68,Regular
103413,2016-02-21,10,261.49,274,26.15,Regular
103414,2016-08-31,6,204.86,82,34.14,Regular
103415,2016-05-16,9,250.33,189,27.81,Regular
103416,2016-03-13,2,86.6,253,43.3,Occasional
103417,2015-08-14,6,213.38,465,35.56,Regular
103418,,0,0.0,1054,0.0,No Donation
103419,2016-08-12,5,240.35,101,48.07,Regular
103420,2016-09-19,9,267.5,63,29.72,Regular
103421,2016-08-19,5,218.96,94,43.79,Regular
103422,2015-12-09,9,472.17,348,52.46,Regular
103423,2015-07-07,5,215.09,503,43.02,Regular
103424,2016-03-16,4,81.69,250,20.42,Regular
103425,2016-06-09,5,110.2,165,22.04,Regular
103426,2015-11-23,11,324.73,364,29.52,Frequent
103427,2016-11-16,5,420.31,5,84.06,Regular
103428,2016-11-19,6,86.86,2,14.48,Regular
103429,2016-04-29,2,50.81,206,25.4,Occasional
103430,2016-06-21,7,120.77,153,17.25,Regular
103431,2016-05-04,8,578.31,201,72.29,Regular
103432,2015-11-21,6,104.52,366,17.42,Regular
103433,2015-11-09,7,142.34,378,20.33,Regular
103434,2016-04-30,8,393.64,205,49.2,Regular
103435,2016-10-16,3,126.6,36,42.2,Occasional
103436,2016-07-05,4,124.33,139,31.08,Regular
103437,2016-08-13,11,329.18,100,29.93,Frequent
103438,2016-11-03,9,250.7,18,27.86,Regular
103439,2016-09-26,7,179.9,56,25.7,Regular
103440,2016-08-31,9,566.93,82,62.99,Regular
103441,2016-09-14,8,363.18,68,45.4,Regular
103442,2016-07-06,6,302.72,138,50.45,Regular
103443,2016-10-25,6,246.2,27,41.03,Regular
103444,2016-09-15,4,69.85,67,17.46,Regular
103445,2016-10-31,6,242.96,21,40.49,Regular
103446,2016-11-12,5,159.49,9,31.9,Regular
103447,2016-09-23,5,231.14,59,46.23,Regular
103448,2016-07-02,9,249.76,142,27.75,Regular
103449,2015-10-18,1,27.49,400,27.49,One-time
103450,2016-01-03,6,172.14,323,28.69,Regular
103451,2016-10-15,7,207.95,37,29.71,Regular
103452,2016-08-03,4,187.13,110,46.78,Regular
103453,2016-10-18,6,241.97,34,40.33,Regular
103454,2015-12-16,8,223.5,341,27.94,Regular
103455,2016-08-14,7,258.0,99,36.86,Regular
103456,2014-12-20,5,145.01,702,29.0,Regular
103457,2016-06-12,3,120.37,162,40.12,Occasional
103458,2016-07-17,3,139.67,127,46.56,Occasional
103459,2016-03-31,9,295.1,235,32.79,Regular
103460,2015-03-02,3,159.34,630,53.11,Occasional
103461,2016-06-14,11,415.04,160,37.73,Frequent
103462,2016-11-18,7,139.9,3,19.99,Regular
103463,2016-04-26,6,231.44,209,38.57,Regular
103464,2016-05-11,6,206.32,194,34.39,Regular
103465,2015-06-20,2,82.46,520,41.23,Occasional
103466,2016-04-04,6,262.3,231,43.72,Regular
103467,2016-08-18,3,124.77,95,41.59,Occasional
103468,2016-09-14,7,259.86,68,37.12,Regular
103469,2016-10-01,8,232.87,51,29.11,Regular
103470,2016-04-12,3,71.41,223,23.8,Occasional
103471,2016-09-12,6,118.24,70,19.71,Regular
103472,2016-10-20,4,82.31,32,20.58,Regular
103473,2016-10-07,10,345.98,45,34.6,Regular
103474,2016-08-22,7,247.02,91,35.29,Regular
103475,2016-09-03,7,316.32,79,45.19,Regular
103476,2015-09-14,2,112.87,434,56.44,Occasional
103477,2015-08-27,1,40.37,452,40.37,One-time
103478,2016-11-17,5,134.46,4,26.89,Regular
103479,2015-07-25,3,172.38,485,57.46,Occasional
103480,2016-11-06,9,274.26,15,30.47,Regular
103481,2016-10-11,4,108.8,41,27.2,Regular
103482,2016-10-25,10,285.71,27,28.57,Regular
103483,2016-11-18,8,344.16,3,43.02,Regular
103484,2014-11-17,3,178.86,735,59.62,Occasional
103485,2016-08-26,5,185.14,87,37.03,Regular
103486,2016-11-03,6,238.72,18,39.79,Regular
103487,2016-05-23,2,40.91,182,20.45,Occasional
103488,2015-01-25,5,175.37,666,35.07,Regular
103489,2016-09-29,5,164.22,53,32.84,Regular
103490,2016-09-24,11,180.7,58,16.43,Frequent
103491,2016-02-24,3,83.68,271,27.89,Occasional
103492,2016-11-11,9,195.75,10,21.75,Regular
103493,2016-10-21,7,141.81,31,20.26,Regular
103494,2016-10-08,2,138.7,44,69.35,Occasional
103495,2015-07-29,4,160.86,481,40.22,Regular
103496,2016-02-03,5,158.14,292,31.63,Regular
103497,2016-08-26,10,345.56,87,34.56,Regular
103498,2016-04-17,8,324.12,218,40.52,Regular
103499,2016-02-22,6,128.21,273,21.37,Regular
103500,2016-04-13,6,326.79,222,54.46,Regular
103501,2016-11-16,5,157.14,5,31.43,Regular
103502,2016-08-10,8,230.31,103,28.79,Regular
103503,2016-10-18,8,273.4,34,34.17,Regular
103504,2016-10-22,7,503.18,30,71.88,Regular
103505,2016-05-31,9,347.28,174,38.59,Regular
103506,2016-10-08,7,128.85,44,18.41,Regular
103507,2016-02-29,2,80.52,266,40.26,Occasional
103508,2014-09-11,2,38.95,802,19.48,Occasional
103509,2015-07-04,4,133.93,506,33.48,Regular
103510,2016-07-12,7,106.58,132,15.23,Regular
103511,2016-05-26,6,186.23,179,31.04,Regular
103512,2016-10-11,7,375.83,41,53.69,Regular
103513,2016-02-21,5,254.85,274,50.97,Regular
103514,2016-05-01,6,218.72,204,36.45,Regular
103515,2016-03-29,5,209.17,237,41.83,Regular
103516,2015-11-26,3,105.63,361,35.21,Occasional
103517,2016-08-18,8,229.51,95,28.69,Regular
103518,2016-06-19,11,504.13,155,45.83,Frequent
103519,2016-10-12,5,143.07,40,28.61,Regular
103520,2016-10-17,6,225.73,35,37.62,Regular
103521,2016-07-08,8,196.08,136,24.51,Regular
103522,2016-02-25,6,235.14,270,39.19,Regular
103523,2016-08-14,5,189.71,99,37.94,Regular
103524,2014-08-20,2,41.61,824,20.8,Occasional
103525,2015-10-30,10,296.75,388,29.68,Regular
103526,2016-06-06,5,204.82,168,40.96,Regular
103527,2016-08-28,5,235.29,85,47.06,Regular
103528,2016-11-03,9,281.1,18,31.23,Regular
103529,2016-06-17,4,126.1,157,31.52,Regular
103530,2016-10-17,9,270.88,35,30.1,Regular
103531,2015-12-10,5,234.67,347,46.93,Regular
103532,2016-05-29,6,166.35,176,27.72,Regular
103533,2016-08-02,5,208.68,111,41.74,Regular
103534,2015-06-13,3,132.1,527,44.03,Occasional
103535,2016-09-22,3,120.31,60,40.1,Occasional
103536,2016-10-13,12,927.85,39,77.32,Frequent
103537,2016-02-15,5,162.25,280,32.45,Regular
103538,2015-12-06,1,25.64,351,25.64,One-time
103539,2016-08-22,3,77.07,91,25.69,Occasional
103540,2016-08-09,1,22.71,104,22.71,One-time
103541,2016-08-28,3,92.21,85,30.74,Occasional
103542,2016-09-18,5,210.16,64,42.03,Regular
103543,2016-03-15,5,202.91,251,40.58,Regular
103544,2015-10-14,5,195.11,404,39.02,Regular
103545,2016-08-19,8,333.78,94,41.72,Regular
103546,2016-09-22,10,289.42,60,28.94,Regular
103547,2015-08-28,2,39.82,451,19.91,Occasional
103548,2016-04-02,5,127.21,233,25.44,Regular
103549,2015-12-30,8,450.19,327,56.27,Regular
103550,2016-10-30,5,222.28,22,44.46,Regular
103551,2016-09-20,3,71.51,62,23.84,Occasional
103552,2016-11-06,5,165.74,15,33.15,Regular
103553,2016-05-23,8,254.59,182,31.82,Regular
103554,2016-09-19,6,132.57,63,22.1,Regular
103555,2016-06-27,4,110.89,147,27.72,Regular
103556,2016-11-06,5,154.92,15,30.98,Regular
103557,2016-02-14,6,178.38,281,29.73,Regular
103558,2016-11-05,8,366.01,16,45.75,Regular
103559,2016-10-19,6,169.46,33,28.24,Regular
103560,2016-04-07,6,147.93,228,24.66,Regular
103561,2016-06-28,6,181.64,146,30.27,Regular
103562,2016-09-04,7,485.77,78,69.4,Regular
103563,2015-10-02,5,135.21,416,27.04,Regular
103564,2016-10-07,6,220.39,45,36.73,Regular
103565,2016-09-13,13,470.05,69,36.16,Frequent
103566,2016-06-28,7,403.28,146,57.61,Regular
103567,2015-09-03,3,84.9,445,28.3,Occasional
103568,2016-04-28,10,438.24,207,43.82,Regular
103569,2016-02-12,4,167.94,283,41.98,Regular
103570,2016-11-07,5,136.51,14,27.3,Regular
103571,2016-07-06,3,40.13,138,13.38,Occasional
103572,2016-03-01,7,216.4,265,30.91,Regular
103573,2016-09-16,5,119.85,66,23.97,Regular
103574,2016-03-27,6,309.12,239,51.52,Regular
103575,2016-07-02,4,208.19,142,52.05,Regular
103576,2016-10-29,9,224.5,23,24.94,Regular
103577,2016-08-30,2,44.08,83,22.04,Occasional
103578,2016-03-26,7,171.5,240,24.5,Regular
103579,2015-07-26,4,115.49,484,28.87,Regular
103580,2016-10-15,7,303.98,37,43.43,Regular
103581,2016-09-15,5,90.67,67,18.13,Regular
103582,2016-04-28,5,132.73,207,26.55,Regular
103583,2016-07-30,9,371.42,114,41.27,Regular
103584,2016-10-28,8,248.95,24,31.12,Regular
103585,2016-10-03,5,190.63,49,38.13,Regular
103586,2015-12-31,5,375.91,326,75.18,Regular
103587,2016-03-10,5,114.09,256,22.82,Regular
103588,2016-10-26,5,220.68,26,44.14,Regular
103589,2016-10-26,7,325.61,26,46.52,Regular
103590,2016-11-08,6,174.92,13,29.15,Regular
103591,2016-07-29,4,327.45,115,81.86,Regular
103592,2016-06-06,7,133.0,168,19.0,Regular
103593,2016-09-22,5,199.77,60,39.95,Regular
103594,2016-02-19,6,118.27,276,19.71,Regular
103595,2015-12-28,4,242.41,329,60.6,Regular
103596,2016-04-13,3,43.28,222,14.43,Occasional
103597,2016-08-03,4,104.58,110,26.14,Regular
103598,2015-06-14,2,38.18,526,19.09,Occasional
103599,2016-10-25,5,159.1,27,31.82,Regular
103600,2016-11-09,5,120.77,12,24.15,Regular
103601,2016-05-12,8,232.19,193,29.02,Regular
103602,2016-10-29,7,200.81,23,28.69,Regular
103603,2016-10-31,10,216.19,21,21.62,Regular
103604,2016-10-30,5,171.72,22,34.34,Regular
103605,2016-07-17,5,97.36,127,19.47,Regular
103606,2016-10-06,8,390.95,46,48.87,Regular
103607,2016-11-15,11,285.29,6,25.94,Frequent
103608,2016-10-26,4,323.47,26,80.87,Regular
103609,2016-11-02,6,265.2,19,44.2,Regular
103610,2016-09-17,3,102.29,65,34.1,Occasional
103611,2016-07-09,7,207.71,135,29.67,Regular
103612,2016-11-14,4,140.25,7,35.06,Regular
103613,2016-03-06,5,143.67,260,28.73,Regular
103614,2016-09-09,8,337.28,73,42.16,Regular
103615,2016-07-11,7,247.42,133,35.35,Regular
103616,2016-10-23,7,215.93,29,30.85,Regular
103617,2016-06-19,3,77.75,155,25.92,Occasional
103618,2015-10-23,4,109.29,395,27.32,Regular
103619,2016-11-17,7,260.27,4,37.18,Regular
103620,2016-09-06,11,332.8,76,30.25,Frequent
103621,2016-08-26,7,285.24,87,40.75,Regular
103622,2016-11-14,4,131.03,7,32.76,Regular
103623,2016-05-27,2,24.04,178,12.02,Occasional
103624,2016-08-22,4,83.45,91,20.86,Regular
103625,2016-08-01,11,308.49,112,28.04,Frequent
103626,2016-09-29,7,380.83,53,54.4,Regular
103627,2016-06-29,5,349.96,145,69.99,Regular
103628,2015-12-19,6,158.22,338,26.37,Regular
103629,2016-09-02,11,365.62,80,33.24,Frequent
103630,2016-04-28,6,464.47,207,77.41,Regular
103631,2016-08-19,8,242.43,94,30.3,Regular
103632,2016-03-03,10,433.31,263,43.33,Regular
103633,2016-07-31,5,267.31,113,53.46,Regular
103634,2015-10-20,6,301.51,398,50.25,Regular
103635,2016-06-30,5,237.87,144,47.57,Regular
103636,2016-08-30,8,209.87,83,26.23,Regular
103637,2016-11-01,12,384.34,20,32.03,Frequent
103638,2016-11-05,5,178.59,16,35.72,Regular
103639,2016-07-26,6,258.88,118,43.15,Regular
103640,2016-08-02,6,234.21,111,39.04,Regular
103641,2015-11-12,6,161.79,375,26.96,Regular
103642,2016-02-23,5,231.05,272,46.21,Regular
103643,2015-08-20,2,186.57,459,93.28,Occasional
103644,2015-10-12,5,283.84,406,56.77,Regular
103645,2016-08-20,3,105.2,93,35.07,Occasional
103646,2016-10-07,6,140.39,45,23.4,Regular
103647,2016-05-17,8,222.82,188,27.85,Regular
103648,2016-11-04,10,332.55,17,33.26,Regular
103649,2016-02-21,4,160.87,274,40.22,Regular
103650,2016-04-05,4,116.22,230,29.06,Regular
103651,2016-10-31,7,194.62,21,27.8,Regular
103652,2016-06-18,4,99.82,156,24.96,Regular
103653,2016-08-11,5,188.69,102,37.74,Regular
103654,2016-11-19,9,352.49,2,39.17,Regular
103655,2016-10-15,10,305.83,37,30.58,Regular
103656,2014-12-07,2,89.97,715,44.98,Occasional
103657,2016-04-08,7,239.06,227,34.15,Regular
103658,2016-11-14,7,142.98,7,20.43,Regular
103659,2016-11-09,9,307.42,12,34.16,Regular
103660,2016-03-14,2,41.89,252,20.94,Occasional
103661,2016-09-07,4,208.04,75,52.01,Regular
103662,2016-04-29,9,223.89,206,24.88,Regular
103663,2016-01-24,7,236.58,302,33.8,Regular
103664,2016-10-24,5,139.62,28,27.92,Regular
103665,2016-08-13,9,432.05,100,48.01,Regular
103666,2016-09-15,6,161.4,67,26.9,Regular
103667,2016-09-09,4,95.73,73,23.93,Regular
103668,2015-12-25,6,221.58,332,36.93,Regular
103669,2015-05-30,1,274.66,541,274.66,One-time
103670,2016-06-19,7,270.47,155,38.64,Regular
103671,2016-10-01,4,84.08,51,21.02,Regular
103672,2016-08-20,6,108.99,93,18.16,Regular
103673,2016-05-10,6,182.6,195,30.43,Regular
103674,2016-10-20,4,207.2,32,51.8,Regular
103675,2016-10-14,6,256.37,38,42.73,Regular
103676,2014-06-02,1,8.46,903,8.46,One-time
103677,2016-11-13,9,236.6,8,26.29,Regular
103678,2016-04-27,5,144.48,208,28.9,Regular
103679,2016-10-07,5,270.94,45,54.19,Regular
103680,2016-01-20,4,142.94,306,35.74,Regular
103681,2015-12-27,5,115.47,330,23.09,Regular
103682,2016-01-01,7,400.83,325,57.26,Regular
103683,2016-11-14,7,172.48,7,24.64,Regular
103684,2016-01-18,4,139.74,308,34.94,Regular
103685,2015-10-29,5,89.05,389,17.81,Regular
103686,2016-07-05,2,33.08,139,16.54,Occasional
103687,2016-07-08,7,163.93,136,23.42,Regular
103688,2016-09-07,10,330.46,75,33.05,Regular
103689,2016-06-30,2,57.71,144,28.85,Occasional
103690,2016-10-08,3,52.12,44,17.37,Occasional
103691,2016-10-31,9,243.43,21,27.05,Regular
103692,2016-11-02,10,556.28,19,55.63,Regular
103693,2015-08-08,5,295.43,471,59.09,Regular
103694,2016-08-27,5,223.66,86,44.73,Regular
103695,2016-08-20,5,205.75,93,41.15,Regular
103696,2016-04-01,5,198.33,234,39.67,Regular
103697,2016-10-27,5,110.1,25,22.02,Regular
103698,2016-10-29,7,316.48,23,45.21,Regular
103699,2016-10-28,8,239.62,24,29.95,Regular
103700,2016-03-21,5,70.27,245,14.05,Regular
103701,2016-10-30,8,161.02,22,20.13,Regular
103702,2016-02-20,3,94.88,275,31.63,Occasional
103703,2015-10-26,5,67.92,392,13.58,Regular
103704,2015-10-16,9,423.88,402,47.1,Regular
103705,2016-07-15,4,142.11,129,35.53,Regular
103706,2016-07-29,8,202.36,115,25.3,Regular
103707,2016-10-12,7,155.2,40,22.17,Regular
103708,2016-05-17,5,136.46,188,27.29,Regular
103709,2016-07-28,6,232.18,116,38.7,Regular
103710,2016-11-07,8,400.15,14,50.02,Regular
103711,2016-10-22,3,46.58,30,15.53,Occasional
103712,2016-06-12,4,81.69,162,20.42,Regular
103713,2016-09-18,6,255.91,64,42.65,Regular
103714,2016-10-20,7,211.52,32,30.22,Regular
103715,2016-04-07,6,276.37,228,46.06,Regular
103716,2015-06-05,4,145.14,535,36.28,Regular
103717,2015-10-23,7,173.14,395,24.73,Regular
103718,2016-05-21,3,96.09,184,32.03,Occasional
103719,2016-04-12,4,67.6,223,16.9,Regular
103720,2016-01-06,5,222.72,320,44.54,Regular
103721,2016-11-09,5,304.03,12,60.81,Regular
103722,2016-08-28,4,74.78,85,18.7,Regular
103723,2016-09-30,10,385.67,52,38.57,Regular
103724,2016-10-22,3,67.78,30,22.59,Occasional
103725,2016-10-20,8,266.03,32,33.25,Regular
103726,2016-05-23,4,65.61,182,16.4,Regular
103727,2016-03-13,4,152.86,253,38.22,Regular
103728,2016-10-20,6,201.05,32,33.51,Regular
103729,2015-01-14,3,101.39,677,33.8,Occasional
103730,2016-07-15,6,203.22,129,33.87,Regular
103731,2016-05-16,6,210.94,189,35.16,Regular
103732,2016-05-16,7,385.27,189,55.04,Regular
103733,2016-03-18,5,157.54,248,31.51,Regular
103734,2016-01-05,3,67.87,321,22.62,Occasional
103735,2016-07-28,4,91.3,116,22.82,Regular
103736,2016-09-18,7,262.72,64,37.53,Regular
103737,2016-10-23,11,419.24,29,38.11,Frequent
103738,2015-12-19,6,148.45,338,24.74,Regular
103739,2016-08-31,4,73.36,82,18.34,Regular
103740,2016-11-01,6,254.83,20,42.47,Regular
103741,2016-10-08,6,180.13,44,30.02,Regular
103742,2016-08-08,5,136.35,105,27.27,Regular
103743,2015-11-27,4,128.22,360,32.06,Regular
103744,2016-05-17,4,110.95,188,27.74,Regular
103745,2016-11-17,4,106.73,4,26.68,Regular
103746,2016-11-06,10,255.59,15,25.56,Regular
103747,2015-11-10,6,88.29,377,14.71,Regular
103748,2016-08-21,6,468.93,92,78.15,Regular
103749,2016-10-06,11,421.5,46,38.32,Frequent
103750,2016-08-02,4,133.1,111,33.28,Regular
103751,2016-10-17,7,238.58,35,34.08,Regular
103752,2016-10-11,6,308.4,41,51.4,Regular
103753,2016-09-27,3,129.22,55,43.07,Occasional
103754,2016-10-15,4,68.08,37,17.02,Regular
103755,2016-03-04,4,88.69,262,22.17,Regular
103756,2016-10-17,7,172.54,35,24.65,Regular
103757,2016-09-27,3,63.51,55,21.17,Occasional
103758,2016-04-01,9,237.33,234,26.37,Regular
103759,2015-10-12,10,279.9,406,27.99,Regular
103760,2015-10-13,6,227.45,405,37.91,Regular
103761,2016-06-22,3,86.03,152,28.68,Occasional
103762,2016-02-24,8,320.14,271,40.02,Regular
103763,2016-09-07,9,284.27,75,31.59,Regular
103764,2016-05-02,4,108.15,203,27.04,Regular
103765,2016-09-09,10,301.05,73,30.1,Regular
103766,2016-10-19,2,53.5,33,26.75,Occasional
103767,2016-07-08,6,305.06,136,50.84,Regular
103768,2015-08-30,2,93.11,449,46.56,Occasional
103769,2016-09-02,10,141.44,80,14.14,Regular
103770,2016-10-03,12,513.9,49,42.82,Frequent
103771,2015-02-24,5,127.83,636,25.57,Regular
103772,2016-08-07,6,220.79,106,36.8,Regular
103773,2016-10-27,10,312.45,25,31.24,Regular
103774,2016-11-08,6,390.07,13,65.01,Regular
103775,2016-09-10,8,292.21,72,36.53,Regular
103776,2016-09-29,7,304.77,53,43.54,Regular
103777,2016-10-23,5,219.91,29,43.98,Regular
103778,2015-04-15,1,38.97,586,38.97,One-time
103779,2016-10-03,6,138.28,49,23.05,Regular
103780,2016-09-17,4,81.07,65,20.27,Regular
103781,2016-08-08,7,401.94,105,57.42,Regular
103782,2015-07-21,4,84.8,489,21.2,Regular
103783,2016-10-06,9,560.06,46,62.23,Regular
103784,2016-05-04,4,113.22,201,28.3,Regular
103785,2016-06-16,6,208.8,158,34.8,Regular
103786,2016-10-29,6,152.02,23,25.34,Regular
103787,2016-05-06,4,142.73,199,35.68,Regular
103788,2016-10-02,8,382.07,50,47.76,Regular
103789,2016-11-05,8,387.93,16,48.49,Regular
103790,2016-01-17,6,310.75,309,51.79,Regular
103791,2016-11-01,4,159.57,20,39.89,Regular
103792,2016-07-09,6,312.78,135,52.13,Regular
103793,2016-08-08,5,130.35,105,26.07,Regular
103794,2016-05-24,5,199.95,181,39.99,Regular
103795,2016-06-03,7,432.02,171,61.72,Regular
103796,2015-09-07,5,121.68,441,24.34,Regular
103797,2016-08-21,5,169.23,92,33.85,Regular
103798,2015-11-29,8,205.57,358,25.7,Regular
103799,2016-02-03,5,115.06,292,23.01,Regular
103800,2016-11-14,6,167.57,7,27.93,Regular
103801,2016-10-06,9,325.26,46,36.14,Regular
103802,2015-12-12,3,76.77,345,25.59,Occasional
103803,2016-04-03,7,219.94,232,31.42,Regular
103804,2015-05-19,2,51.08,552,25.54,Occasional
103805,2015-11-17,3,57.49,370,19.16,Occasional
103806,2015-07-08,6,273.81,502,45.64,Regular
103807,2015-12-01,6,241.2,356,40.2,Regular
103808,2016-07-21,8,247.76,123,30.97,Regular
103809,2016-05-21,6,258.25,184,43.04,Regular
103810,2016-03-01,3,102.59,265,34.2,Occasional
103811,2016-10-19,7,207.4,33,29.63,Regular
103812,2016-11-16,7,249.19,5,35.6,Regular
103813,2016-08-01,2,106.47,112,53.24,Occasional
103814,2016-10-21,7,222.57,31,31.8,Regular
103815,2016-09-12,4,191.67,70,47.92,Regular
103816,2016-10-06,5,188.57,46,37.71,Regular
103817,2016-09-19,5,128.07,63,25.61,Regular
103818,2016-08-26,11,370.28,87,33.66,Frequent
103819,2016-04-18,8,283.62,217,35.45,Regular
103820,2016-10-30,4,80.02,22,20.0,Regular
103821,2016-04-16,10,335.38,219,33.54,Regular
103822,2016-08-20,4,77.74,93,19.43,Regular
103823,2016-08-01,8,173.07,112,21.63,Regular
103824,2016-10-28,4,98.49,24,24.62,Regular
103825,2016-08-31,7,239.0,82,34.14,Regular
103826,2016-11-08,4,143.75,13,35.94,Regular
103827,2016-11-12,2,156.93,9,78.46,Occasional
103828,2016-11-19,7,363.79,2,51.97,Regular
103829,2016-10-01,3,104.51,51,34.84,Occasional
103830,2016-10-18,5,213.16,34,42.63,Regular
103831,2016-01-31,4,132.36,295,33.09,Regular
103832,2015-09-30,2,81.37,418,40.68,Occasional
103833,2016-08-08,7,188.21,105,26.89,Regular
103834,2016-08-07,5,274.13,106,54.83,Regular
103835,2016-05-25,4,130.58,180,32.64,Regular
103836,2016-07-19,4,92.37,125,23.09,Regular
103837,2016-06-02,6,250.63,172,41.77,Regular
103838,2016-08-31,5,197.15,82,39.43,Regular
103839,2016-07-26,8,406.79,118,50.85,Regular
103840,2016-05-24,9,360.14,181,40.02,Regular
103841,2016-11-17,7,267.25,4,38.18,Regular
103842,2016-07-05,4,142.02,139,35.51,Regular
103843,2016-10-02,9,637.25,50,70.81,Regular
103844,2016-09-28,10,513.64,54,51.36,Regular
103845,2016-10-03,10,252.0,49,25.2,Regular
103846,2016-04-19,6,402.77,216,67.13,Regular
103847,2016-06-30,4,149.03,144,37.26,Regular
103848,2016-11-14,10,518.91,7,51.89,Regular
103849,2016-09-13,8,231.68,69,28.96,Regular
103850,2016-09-25,5,179.49,57,35.9,Regular
103851,2015-06-20,6,136.2,520,22.7,Regular
103852,2016-11-12,4,95.44,9,23.86,Regular
103853,2016-06-17,7,198.18,157,28.31,Regular
103854,2016-08-25,3,101.45,88,33.82,Occasional
103855,2016-09-05,6,121.89,77,20.32,Regular
103856,2015-10-13,2,24.72,405,12.36,Occasional
103857,2016-08-18,4,73.44,95,18.36,Regular
103858,2016-11-19,6,165.17,2,27.53,Regular
103859,2015-09-11,3,130.62,437,43.54,Occasional
103860,2016-05-12,5,130.9,193,26.18,Regular
103861,2016-10-03,7,331.09,49,47.3,Regular
103862,2016-04-20,8,252.82,215,31.6,Regular
103863,2016-03-05,5,143.67,261,28.73,Regular
103864,2016-05-31,4,137.87,174,34.47,Regular
103865,2016-09-07,6,157.22,75,26.2,Regular
103866,2016-07-19,6,143.77,125,23.96,Regular
103867,2016-07-13,7,292.21,131,41.74,Regular
103868,2016-10-17,7,140.94,35,20.13,Regular
103869,2016-09-06,8,262.75,76,32.84,Regular
103870,2016-09-12,8,268.18,70,33.52,Regular
103871,2016-08-28,5,139.81,85,27.96,Regular
103872,2016-10-23,7,187.36,29,26.77,Regular
103873,2016-11-15,3,85.64,6,28.55,Occasional
103874,2016-08-06,7,231.59,107,33.08,Regular
103875,2016-08-01,5,77.52,112,15.5,Regular
103876,2016-07-24,4,140.94,120,35.24,Regular
103877,2016-10-15,3,143.51,37,47.84,Occasional
103878,2016-04-03,7,176.12,232,25.16,Regular
103879,2016-10-21,9,389.42,31,43.27,Regular
103880,2016-07-11,5,115.35,133,23.07,Regular
103881,2016-08-10,7,256.54,103,36.65,Regular
103882,2015-11-22,4,150.14,365,37.53,Regular
103883,2016-11-11,3,61.21,10,20.4,Occasional
103884,2016-06-26,7,184.96,148,26.42,Regular
103885,2015-12-31,4,89.44,326,22.36,Regular
103886,2016-05-25,9,341.32,180,37.92,Regular
103887,2016-05-21,10,254.31,184,25.43,Regular
103888,2016-08-11,4,60.48,102,15.12,Regular
103889,2016-09-27,8,129.87,55,16.23,Regular
103890,2016-05-28,4,101.3,177,25.32,Regular
103891,2016-10-29,6,239.59,23,39.93,Regular
103892,2015-11-14,4,53.52,373,13.38,Regular
103893,2016-04-23,9,249.3,212,27.7,Regular
103894,2016-05-14,6,139.61,191,23.27,Regular
103895,2016-08-26,4,241.76,87,60.44,Regular
103896,2016-11-06,12,685.3,15,57.11,Frequent
103897,2016-05-20,6,300.91,185,50.15,Regular
103898,2016-11-09,8,351.66,12,43.96,Regular
103899,2016-01-01,9,252.26,325,28.03,Regular
103900,2016-09-21,11,284.6,61,25.87,Frequent
103901,2016-10-05,7,290.48,47,41.5,Regular
103902,2015-04-23,3,187.53,578,62.51,Occasional
103903,2015-12-12,4,122.92,345,30.73,Regular
103904,2016-11-06,4,103.6,15,25.9,Regular
103905,2016-08-30,8,181.11,83,22.64,Regular
103906,2016-09-25,10,370.49,57,37.05,Regular
103907,2016-04-14,3,101.47,221,33.82,Occasional
103908,2016-06-04,2,176.34,170,88.17,Occasional
103909,2015-09-03,4,121.71,445,30.43,Regular
103910,2016-07-17,6,315.69,127,52.62,Regular
103911,2016-06-19,8,199.17,155,24.9,Regular
103912,2016-07-05,4,156.02,139,39.0,Regular
103913,2015-10-23,7,206.21,395,29.46,Regular
103914,2016-09-17,5,357.68,65,71.54,Regular
103915,2016-10-24,6,322.14,28,53.69,Regular
103916,2016-09-25,9,249.84,57,27.76,Regular
103917,2015-08-20,3,113.39,459,37.8,Occasional
103918,2016-10-18,4,63.76,34,15.94,Regular
103919,2015-08-26,3,62.04,453,20.68,Occasional
103920,2016-10-17,11,308.99,35,28.09,Frequent
103921,2015-09-21,6,614.72,427,102.45,Regular
103922,2016-09-04,6,138.65,78,23.11,Regular
103923,2016-08-05,5,119.56,108,23.91,Regular
103924,2015-12-07,3,119.36,350,39.79,Occasional
103925,2016-06-28,5,144.92,146,28.98,Regular
103926,2016-09-03,7,228.31,79,32.62,Regular
103927,2016-04-10,6,178.77,225,29.8,Regular
103928,2016-08-28,7,235.48,85,33.64,Regular
103929,2014-07-08,1,32.37,867,32.37,One-time
103930,2016-03-03,4,149.65,263,37.41,Regular
103931,2016-11-11,5,104.99,10,21.0,Regular
103932,2016-09-09,6,162.47,73,27.08,Regular
103933,2015-11-26,5,102.33,361,20.47,Regular
103934,2016-07-20,7,231.76,124,33.11,Regular
103935,2016-09-12,7,352.8,70,50.4,Regular
103936,2016-05-03,10,321.11,202,32.11,Regular
103937,2016-11-07,5,161.38,14,32.28,Regular
103938,2016-10-19,11,239.15,33,21.74,Frequent
103939,2016-08-20,5,152.17,93,30.43,Regular
103940,2016-10-21,5,317.96,31,63.59,Regular
103941,2016-07-25,6,198.56,119,33.09,Regular
103942,2016-06-04,5,150.67,170,30.13,Regular
103943,2016-10-08,4,201.86,44,50.46,Regular
103944,2016-11-02,7,210.82,19,30.12,Regular
103945,2016-10-17,7,206.52,35,29.5,Regular
103946,2016-09-24,4,147.84,58,36.96,Regular
103947,2016-02-06,6,215.21,289,35.87,Regular
103948,2016-08-09,8,330.0,104,41.25,Regular
103949,2015-05-17,3,107.5,554,35.83,Occasional
103950,2016-09-26,6,261.2,56,43.53,Regular
103951,2016-09-11,8,278.33,71,34.79,Regular
103952,2016-07-21,4,147.42,123,36.86,Regular
103953,2016-06-26,2,28.83,148,14.42,Occasional
103954,2016-11-09,5,141.6,12,28.32,Regular
103955,2016-07-10,9,349.97,134,38.89,Regular
103956,2016-08-30,6,127.32,83,21.22,Regular
103957,2016-09-04,10,480.22,78,48.02,Regular
103958,2016-05-17,7,214.44,188,30.63,Regular
103959,2016-05-30,6,290.96,175,48.49,Regular
103960,2016-09-28,4,162.52,54,40.63,Regular
103961,2016-07-20,2,16.35,124,8.18,Occasional
103962,2015-04-22,3,111.92,579,37.31,Occasional
103963,2016-08-17,8,445.15,96,55.64,Regular
103964,2016-10-18,5,188.07,34,37.61,Regular
103965,2016-10-27,6,143.73,25,23.96,Regular
103966,2016-05-13,11,347.77,192,31.62,Frequent
103967,2016-06-28,8,185.58,146,23.2,Regular
103968,2016-06-09,8,261.7,165,32.71,Regular
103969,2016-06-15,3,102.28,159,34.09,Occasional
103970,2016-07-24,4,73.01,120,18.25,Regular
103971,2016-03-26,3,306.99,240,102.33,Occasional
103972,2016-08-15,6,302.48,98,50.41,Regular
103973,2015-11-10,4,304.94,377,76.24,Regular
103974,2016-09-02,4,162.94,80,40.74,Regular
103975,2016-09-25,7,169.5,57,24.21,Regular
103976,2016-08-14,10,225.34,99,22.53,Regular
103977,2016-10-18,7,109.19,34,15.6,Regular
103978,2016-10-04,3,42.22,48,14.07,Occasional
103979,2016-11-06,7,115.92,15,16.56,Regular
103980,2015-06-30,8,264.11,510,33.01,Regular
103981,2016-10-11,5,183.13,41,36.63,Regular
103982,2016-04-09,8,385.96,226,48.24,Regular
103983,2016-07-14,4,153.24,130,38.31,Regular
103984,2015-11-27,2,91.83,360,45.92,Occasional
103985,2016-10-02,6,159.42,50,26.57,Regular
103986,2015-10-22,6,260.07,396,43.34,Regular
103987,2016-11-11,5,136.78,10,27.36,Regular
103988,2016-08-12,5,159.89,101,31.98,Regular
103989,2016-08-17,5,170.65,96,34.13,Regular
103990,2016-09-24,9,320.85,58,35.65,Regular
103991,2015-10-03,6,132.8,415,22.13,Regular
103992,2016-11-16,11,600.17,5,54.56,Frequent
103993,2016-02-06,10,356.68,289,35.67,Regular
103994,2016-06-06,2,156.45,168,78.22,Occasional
103995,2016-03-27,11,384.11,239,34.92,Frequent
103996,2016-10-26,4,357.72,26,89.43,Regular
103997,2016-06-09,9,207.9,165,23.1,Regular
103998,2016-11-08,7,228.77,13,32.68,Regular
103999,2015-12-21,6,165.87,336,27.64,Regular
104000,2016-09-06,5,204.32,76,40.86,Regular
104001,2016-06-07,12,391.31,167,32.61,Frequent
104002,2015-01-27,6,253.91,664,42.32,Regular
104003,2016-11-14,5,282.25,7,56.45,Regular
104004,2016-08-25,5,170.54,88,34.11,Regular
104005,2016-07-17,7,210.69,127,30.1,Regular
104006,,0,0.0,1054,0.0,No Donation
104007,2015-10-01,3,87.85,417,29.28,Occasional
104008,2016-07-21,8,238.44,123,29.8,Regular
104009,2016-09-21,7,215.0,61,30.71,Regular
104010,2016-11-19,5,99.14,2,19.83,Regular
104011,2016-10-30,7,222.38,22,31.77,Regular
104012,2016-11-11,8,226.38,10,28.3,Regular
104013,2016-04-19,3,102.01,216,34.0,Occasional
104014,2016-08-18,5,197.33,95,39.47,Regular
104015,2016-09-16,8,339.65,66,42.46,Regular
104016,2016-01-15,5,213.08,311,42.62,Regular
104017,2016-01-10,4,162.24,316,40.56,Regular
104018,2016-11-10,7,287.86,11,41.12,Regular
104019,2016-06-16,8,191.02,158,23.88,Regular
104020,2016-07-12,6,177.0,132,29.5,Regular
104021,2016-10-05,6,164.43,47,27.4,Regular
104022,2016-07-27,8,353.94,117,44.24,Regular
104023,2015-08-15,6,215.31,464,35.88,Regular
104024,2015-10-19,5,199.99,399,40.0,Regular
104025,2016-06-02,6,224.38,172,37.4,Regular
104026,2016-09-21,6,183.25,61,30.54,Regular
104027,2016-06-04,6,125.67,170,20.94,Regular
104028,2016-01-20,7,222.65,306,31.81,Regular
104029,2016-04-08,3,83.06,227,27.69,Occasional
104030,2016-09-17,2,198.3,65,99.15,Occasional
104031,2016-08-19,6,559.08,94,93.18,Regular
104032,2016-05-06,3,81.09,199,27.03,Occasional
104033,2015-12-02,5,110.33,355,22.07,Regular
104034,2016-11-13,6,205.13,8,34.19,Regular
104035,2016-10-24,6,278.79,28,46.46,Regular
104036,2016-11-08,7,201.83,13,28.83,Regular
104037,2016-02-24,6,218.74,271,36.46,Regular
104038,2016-01-19,3,86.58,307,28.86,Occasional
104039,2016-04-22,9,355.01,213,39.45,Regular
104040,2016-03-13,6,272.38,253,45.4,Regular
104041,2016-10-09,11,309.86,43,28.17,Frequent
104042,2016-11-18,9,416.99,3,46.33,Regular
104043,2016-08-24,6,217.35,89,36.22,Regular
104044,2016-07-21,3,45.25,123,15.08,Occasional
104045,2016-10-24,3,124.13,28,41.38,Occasional
104046,2016-11-04,6,154.39,17,25.73,Regular
104047,2016-09-19,12,421.95,63,35.16,Frequent
104048,2016-05-16,5,135.42,189,27.08,Regular
104049,2016-09-21,8,156.45,61,19.56,Regular
104050,2016-08-20,3,190.53,93,63.51,Occasional
104051,2016-08-08,5,169.79,105,33.96,Regular
104052,2016-08-17,3,66.87,96,22.29,Occasional
104053,2016-05-12,8,225.05,193,28.13,Regular
104054,2016-07-27,4,95.79,117,23.95,Regular
104055,2016-09-04,12,472.07,78,39.34,Frequent
104056,2016-02-03,5,127.31,292,25.46,Regular
104057,2016-05-30,6,180.48,175,30.08,Regular
104058,2016-09-21,7,307.18,61,43.88,Regular
104059,2016-04-25,6,360.97,210,60.16,Regular
104060,,0,0.0,1054,0.0,No Donation
104061,2015-05-14,6,213.79,557,35.63,Regular
104062,2016-05-27,4,152.61,178,38.15,Regular
104063,2016-09-02,7,211.54,80,30.22,Regular
104064,2016-08-07,5,143.99,106,28.8,Regular
104065,2016-09-21,9,294.48,61,32.72,Regular
104066,2016-10-28,6,139.92,24,23.32,Regular
104067,2016-04-17,6,234.46,218,39.08,Regular
104068,2016-07-12,3,126.87,132,42.29,Occasional
104069,2016-03-18,5,135.65,248,27.13,Regular
104070,2016-02-22,5,174.9,273,34.98,Regular
104071,2016-09-04,6,152.6,78,25.43,Regular
104072,2016-06-11,6,331.66,163,55.28,Regular
104073,2016-10-15,11,354.97,37,32.27,Frequent
104074,2016-10-16,7,171.73,36,24.53,Regular
104075,2016-11-20,5,126.77,1,25.35,Regular
104076,2016-11-17,7,515.66,4,73.67,Regular
104077,2016-11-03,8,273.64,18,34.21,Regular
104078,2016-05-07,6,162.47,198,27.08,Regular
104079,2016-08-04,6,324.49,109,54.08,Regular
104080,2015-11-10,6,153.58,377,25.6,Regular
104081,2016-10-13,6,98.44,39,16.41,Regular
104082,2016-09-05,4,203.59,77,50.9,Regular
104083,2016-08-14,10,232.05,99,23.2,Regular
104084,2016-07-20,6,149.4,124,24.9,Regular
104085,2016-10-19,4,123.97,33,30.99,Regular
104086,2016-09-13,10,316.99,69,31.7,Regular
104087,2016-06-08,7,263.95,166,37.71,Regular
104088,2016-08-24,10,337.59,89,33.76,Regular
104089,2015-10-27,5,156.42,391,31.28,Regular
104090,2016-03-07,5,158.96,259,31.79,Regular
104091,2016-06-23,5,254.58,151,50.92,Regular
104092,2016-07-17,6,336.54,127,56.09,Regular
104093,2016-07-09,4,113.25,135,28.31,Regular
104094,2016-11-17,8,262.9,4,32.86,Regular
104095,2014-12-15,1,59.36,707,59.36,One-time
104096,2016-08-04,9,231.38,109,25.71,Regular
104097,2015-08-12,6,168.09,467,28.02,Regular
104098,2016-07-15,7,670.06,129,95.72,Regular
104099,2015-01-12,2,86.14,679,43.07,Occasional
104100,2016-08-06,5,233.44,107,46.69,Regular
104101,2016-07-28,6,177.11,116,29.52,Regular
104102,2015-01-05,2,89.68,686,44.84,Occasional
104103,2016-09-07,6,399.99,75,66.67,Regular
104104,2015-11-11,4,105.6,376,26.4,Regular
104105,2016-08-19,7,284.06,94,40.58,Regular
104106,2016-01-28,3,58.44,298,19.48,Occasional
104107,2016-11-08,6,148.5,13,24.75,Regular
104108,2015-03-29,1,28.34,603,28.34,One-time
104109,2016-10-29,10,453.7,23,45.37,Regular
104110,2016-05-21,5,135.9,184,27.18,Regular
104111,2016-11-14,6,126.51,7,21.08,Regular
104112,2016-06-14,7,227.14,160,32.45,Regular
104113,2016-04-15,7,487.02,220,69.57,Regular
104114,2015-10-05,5,174.62,413,34.92,Regular
104115,2016-08-25,5,183.5,88,36.7,Regular
104116,2016-10-15,9,217.55,37,24.17,Regular
104117,2016-03-29,2,40.51,237,20.26,Occasional
104118,2016-06-07,6,390.23,167,65.04,Regular
104119,2016-11-19,5,170.08,2,34.02,Regular
104120,,0,0.0,1054,0.0,No Donation
104121,2016-02-20,6,75.99,275,12.66,Regular
104122,2016-02-19,6,156.65,276,26.11,Regular
104123,2016-10-04,11,436.99,48,39.73,Frequent
104124,2016-06-01,4,167.01,173,41.75,Regular
104125,2015-04-21,2,106.77,580,53.39,Occasional
104126,2016-03-21,5,190.01,245,38.0,Regular
104127,2016-06-02,4,216.27,172,54.07,Regular
104128,2016-10-19,5,129.24,33,25.85,Regular
104129,2015-02-24,1,61.11,636,61.11,One-time
104130,2016-07-17,6,179.38,127,29.9,Regular
104131,2016-04-23,3,285.93,212,95.31,Occasional
104132,2016-06-09,6,181.32,165,30.22,Regular
104133,2016-11-10,13,467.21,11,35.94,Frequent
104134,2016-11-19,9,423.25,2,47.03,Regular
104135,2016-06-24,5,320.57,150,64.11,Regular
104136,2016-11-05,5,101.9,16,20.38,Regular
104137,2016-04-21,6,147.19,214,24.53,Regular
104138,2016-02-16,6,161.06,279,26.84,Regular
104139,2016-08-18,4,131.86,95,32.97,Regular
104140,2016-11-03,6,249.57,18,41.6,Regular
104141,2015-09-30,4,59.63,418,14.91,Regular
104142,2016-09-21,6,208.08,61,34.68,Regular
104143,2016-05-22,4,201.48,183,50.37,Regular
104144,2016-11-14,7,209.57,7,29.94,Regular
104145,2016-10-25,6,258.45,27,43.08,Regular
104146,2016-07-08,7,200.97,136,28.71,Regular
104147,2016-09-09,7,257.23,73,36.75,Regular
104148,2016-07-16,7,303.32,128,43.33,Regular
104149,2015-11-26,4,96.22,361,24.06,Regular
104150,2016-08-31,10,446.82,82,44.68,Regular
104151,2016-10-09,5,221.5,43,44.3,Regular
104152,2016-10-26,5,185.74,26,37.15,Regular
104153,2016-05-20,9,311.52,185,34.61,Regular
104154,2016-05-14,4,127.75,191,31.94,Regular
104155,2016-07-08,5,158.02,136,31.6,Regular
104156,2016-09-16,9,671.98,66,74.66,Regular
104157,2016-02-23,5,244.73,272,48.95,Regular
104158,2016-07-24,2,84.08,120,42.04,Occasional
104159,2016-08-30,5,178.55,83,35.71,Regular
104160,2016-05-27,4,144.18,178,36.04,Regular
104161,2016-05-31,4,105.42,174,26.36,Regular
104162,2016-10-16,5,123.47,36,24.69,Regular
104163,2016-08-28,9,326.1,85,36.23,Regular
104164,2016-06-15,7,245.07,159,35.01,Regular
104165,2016-11-09,6,367.08,12,61.18,Regular
104166,2016-02-14,6,204.71,281,34.12,Regular
104167,2016-10-04,9,246.55,48,27.39,Regular
104168,2016-09-23,4,114.62,59,28.66,Regular
104169,2015-08-24,4,82.99,455,20.75,Regular
104170,2016-04-12,5,84.62,223,16.92,Regular
104171,2016-09-27,9,354.32,55,39.37,Regular
104172,2016-05-01,6,179.08,204,29.85,Regular
104173,2016-09-28,5,215.1,54,43.02,Regular
104174,2016-06-24,8,391.97,150,49.0,Regular
104175,2016-10-23,7,349.88,29,49.98,Regular
104176,2016-06-02,4,111.67,172,27.92,Regular
104177,2016-10-24,8,279.63,28,34.95,Regular
104178,2015-07-29,2,169.28,481,84.64,Occasional
104179,2016-04-13,11,458.49,222,41.68,Frequent
104180,2015-12-02,5,425.06,355,85.01,Regular
104181,2016-10-11,3,73.75,41,24.58,Occasional
104182,2016-10-08,7,135.03,44,19.29,Regular
104183,2016-10-20,5,109.28,32,21.86,Regular
104184,2016-09-15,10,271.45,67,27.14,Regular
104185,2016-06-13,11,509.72,161,46.34,Frequent
104186,2016-11-06,10,364.9,15,36.49,Regular
104187,2015-03-13,2,61.09,619,30.54,Occasional
104188,2015-10-12,8,267.56,406,33.44,Regular
104189,2016-05-30,9,258.04,175,28.67,Regular
104190,2016-10-30,8,322.09,22,40.26,Regular
104191,2016-05-03,5,96.3,202,19.26,Regular
104192,2015-06-04,5,150.0,536,30.0,Regular
104193,2016-02-03,4,139.13,292,34.78,Regular
104194,2015-10-01,7,143.46,417,20.49,Regular
104195,2016-09-14,9,422.02,68,46.89,Regular
104196,2016-05-05,7,202.71,200,28.96,Regular
104197,2016-05-21,6,297.06,184,49.51,Regular
104198,2016-10-28,11,322.05,24,29.28,Frequent
104199,2016-11-05,3,92.44,16,30.81,Occasional
104200,2015-11-21,4,69.96,366,17.49,Regular
104201,2016-03-16,5,153.42,250,30.68,Regular
104202,2016-10-19,7,169.59,33,24.23,Regular
104203,2016-10-24,8,420.38,28,52.55,Regular
104204,2016-05-21,7,343.13,184,49.02,Regular
104205,2016-10-13,7,208.4,39,29.77,Regular
104206,2016-09-06,5,126.32,76,25.26,Regular
104207,2016-08-21,8,329.77,92,41.22,Regular
104208,2015-04-05,4,45.16,596,11.29,Regular
104209,2015-06-29,4,129.68,511,32.42,Regular
104210,2016-09-02,6,238.9,80,39.82,Regular
104211,2016-09-17,7,142.27,65,20.32,Regular
104212,2015-06-23,3,44.17,517,14.72,Occasional
104213,2016-01-22,7,190.78,304,27.25,Regular
104214,2015-12-28,5,160.58,329,32.12,Regular
104215,2016-02-01,5,207.16,294,41.43,Regular
104216,2015-06-06,2,56.7,534,28.35,Occasional
104217,2016-09-26,8,211.83,56,26.48,Regular
104218,2016-09-03,6,130.5,79,21.75,Regular
104219,2016-06-06,8,178.78,168,22.35,Regular
104220,2016-10-18,6,210.39,34,35.06,Regular
104221,2016-06-26,8,591.48,148,73.94,Regular
104222,2016-10-16,7,303.44,36,43.35,Regular
104223,2016-11-08,7,290.95,13,41.56,Regular
104224,2016-04-05,9,453.81,230,50.42,Regular
104225,2016-07-04,7,225.21,140,32.17,Regular
104226,2016-10-28,4,113.53,24,28.38,Regular
104227,2015-10-24,4,145.44,394,36.36,Regular
104228,2016-02-25,5,184.96,270,36.99,Regular
104229,2016-10-09,4,107.37,43,26.84,Regular
104230,2016-07-06,6,481.34,138,80.22,Regular
104231,2016-08-12,3,62.02,101,20.67,Occasional
104232,2015-12-17,4,218.43,340,54.61,Regular
104233,2016-11-16,4,118.57,5,29.64,Regular
104234,2016-11-07,7,196.09,14,28.01,Regular
104235,2016-06-27,10,380.53,147,38.05,Regular
104236,2016-11-14,6,346.47,7,57.74,Regular
104237,2015-06-13,5,183.54,527,36.71,Regular
104238,2016-05-03,7,285.73,202,40.82,Regular
104239,2016-11-18,6,257.05,3,42.84,Regular
104240,2016-05-03,3,99.52,202,33.17,Occasional
104241,2015-11-07,1,38.26,380,38.26,One-time
104242,2016-07-19,2,172.29,125,86.15,Occasional
104243,2016-09-03,5,272.45,79,54.49,Regular
104244,2016-10-24,5,226.44,28,45.29,Regular
104245,2015-11-12,4,89.75,375,22.44,Regular
104246,2016-10-19,7,243.48,33,34.78,Regular
104247,2016-07-23,5,190.42,121,38.08,Regular
104248,2016-09-07,7,188.43,75,26.92,Regular
104249,2016-07-13,3,72.83,131,24.28,Occasional
104250,2016-09-18,8,203.25,64,25.41,Regular
104251,2016-10-11,5,99.85,41,19.97,Regular
104252,2016-07-16,7,374.26,128,53.47,Regular
104253,2015-07-12,6,136.44,498,22.74,Regular
104254,2015-06-20,7,216.21,520,30.89,Regular
104255,2016-08-13,2,79.19,100,39.6,Occasional
104256,2016-06-26,6,150.93,148,25.16,Regular
104257,2016-07-17,9,250.26,127,27.81,Regular
104258,2016-07-03,8,360.29,141,45.04,Regular
104259,2016-03-26,3,178.06,240,59.35,Occasional
104260,2016-04-24,5,281.69,211,56.34,Regular
104261,2016-10-24,6,215.91,28,35.98,Regular
104262,2016-04-15,6,209.79,220,34.97,Regular
104263,2016-04-20,5,98.38,215,19.68,Regular
104264,2016-09-18,3,53.86,64,17.95,Occasional
104265,2015-10-28,3,76.57,390,25.52,Occasional
104266,2016-07-08,10,326.19,136,32.62,Regular
104267,2016-11-20,10,403.81,1,40.38,Regular
104268,,0,0.0,1054,0.0,No Donation
104269,2016-02-25,5,127.73,270,25.55,Regular
104270,2015-03-21,2,53.9,611,26.95,Occasional
104271,2016-02-29,7,137.13,266,19.59,Regular
104272,2015-12-27,5,176.81,330,35.36,Regular
104273,2016-11-12,7,253.44,9,36.21,Regular
104274,2014-03-25,2,78.13,972,39.07,Occasional
104275,2016-10-12,7,171.77,40,24.54,Regular
104276,2016-11-12,2,56.53,9,28.26,Occasional
104277,2016-08-23,5,216.55,90,43.31,Regular
104278,2016-09-05,6,92.18,77,15.36,Regular
104279,2016-07-28,4,74.62,116,18.66,Regular
104280,2016-04-16,8,364.59,219,45.57,Regular
104281,2016-08-15,7,310.89,98,44.41,Regular
104282,2015-06-14,2,23.31,526,11.66,Occasional
104283,2015-01-17,2,93.05,674,46.52,Occasional
104284,2016-11-16,6,143.58,5,23.93,Regular
104285,2016-02-11,2,80.77,284,40.39,Occasional
104286,2016-10-10,7,166.53,42,23.79,Regular
104287,2016-04-06,10,317.61,229,31.76,Regular
104288,2016-07-27,6,166.67,117,27.78,Regular
104289,2016-10-31,6,220.94,21,36.82,Regular
104290,2016-05-06,8,390.61,199,48.83,Regular
104291,2015-07-22,4,134.96,488,33.74,Regular
104292,2016-10-08,6,220.35,44,36.72,Regular
104293,2016-10-14,8,280.89,38,35.11,Regular
104294,2015-05-29,1,21.43,542,21.43,One-time
104295,2016-05-04,9,271.75,201,30.19,Regular
104296,2015-08-23,3,117.15,456,39.05,Occasional
104297,2016-07-05,7,358.99,139,51.28,Regular
104298,2016-05-01,7,526.14,204,75.16,Regular
104299,2016-10-07,9,248.17,45,27.57,Regular
104300,2016-01-31,5,171.53,295,34.31,Regular
104301,2016-11-01,9,390.43,20,43.38,Regular
104302,2015-05-20,4,90.29,551,22.57,Regular
104303,2014-07-17,1,44.17,858,44.17,One-time
104304,2016-05-19,4,140.2,186,35.05,Regular
104305,2016-11-01,7,246.89,20,35.27,Regular
104306,2016-10-10,9,264.57,42,29.4,Regular
104307,2016-02-04,5,264.98,291,53.0,Regular
104308,2016-05-22,6,323.8,183,53.97,Regular
104309,2015-09-10,4,86.54,438,21.64,Regular
104310,2016-01-17,3,101.51,309,33.84,Occasional
104311,2016-04-16,3,116.87,219,38.96,Occasional
104312,2016-09-29,11,414.58,53,37.69,Frequent
104313,2016-10-09,5,187.16,43,37.43,Regular
104314,2016-01-20,2,68.02,306,34.01,Occasional
104315,2016-07-16,11,394.89,128,35.9,Frequent
104316,2016-01-09,4,251.72,317,62.93,Regular
104317,2016-09-01,3,77.26,81,25.75,Occasional
104318,2016-04-16,6,175.86,219,29.31,Regular
104319,2016-10-11,12,547.9,41,45.66,Frequent
104320,2015-10-26,5,183.96,392,36.79,Regular
104321,2016-08-19,7,364.12,94,52.02,Regular
104322,2016-05-06,12,450.33,199,37.53,Frequent
104323,2016-11-17,2,41.57,4,20.78,Occasional
104324,2016-04-12,4,142.74,223,35.68,Regular
104325,2015-09-21,3,74.09,427,24.7,Occasional
104326,2015-08-24,6,171.81,455,28.64,Regular
104327,2016-05-16,4,103.66,189,25.92,Regular
104328,2016-11-03,8,258.31,18,32.29,Regular
104329,2015-08-13,2,154.23,466,77.11,Occasional
104330,2016-02-19,9,312.45,276,34.72,Regular
104331,2016-10-02,4,100.45,50,25.11,Regular
104332,2016-10-06,6,155.55,46,25.92,Regular
104333,2015-08-29,4,130.37,450,32.59,Regular
104334,2016-06-21,5,208.93,153,41.79,Regular
104335,2016-06-11,8,261.62,163,32.7,Regular
104336,2016-07-23,6,179.32,121,29.89,Regular
104337,2016-07-11,5,107.75,133,21.55,Regular
104338,2015-11-22,5,105.59,365,21.12,Regular
104339,2016-09-23,5,152.21,59,30.44,Regular
104340,2016-11-07,8,408.78,14,51.1,Regular
104341,2016-09-06,8,233.84,76,29.23,Regular
104342,2016-06-07,4,126.59,167,31.65,Regular
104343,2016-10-06,7,121.1,46,17.3,Regular
104344,2016-11-02,7,270.64,19,38.66,Regular
104345,2016-06-22,5,253.52,152,50.7,Regular
104346,2014-02-19,1,29.67,1006,29.67,One-time
104347,2016-07-03,4,86.79,141,21.7,Regular
104348,2015-10-23,3,88.33,395,29.44,Occasional
104349,2016-05-30,4,196.9,175,49.22,Regular
104350,2015-09-23,7,194.48,425,27.78,Regular
104351,2016-06-26,4,74.03,148,18.51,Regular
104352,2016-01-01,5,208.8,325,41.76,Regular
104353,2016-11-06,9,444.94,15,49.44,Regular
104354,2016-11-14,9,298.85,7,33.21,Regular
104355,2016-08-21,9,351.82,92,39.09,Regular
104356,2016-08-13,4,127.32,100,31.83,Regular
104357,2016-11-17,8,408.49,4,51.06,Regular
104358,2016-03-29,13,581.37,237,44.72,Frequent
104359,2016-05-30,3,98.0,175,32.67,Occasional
104360,2015-08-19,3,95.15,460,31.72,Occasional
104361,2015-08-22,2,100.99,457,50.5,Occasional
104362,2016-06-10,8,221.79,164,27.72,Regular
104363,2016-07-22,7,269.31,122,38.47,Regular
104364,2016-09-17,5,119.0,65,23.8,Regular
104365,2015-08-11,2,29.59,468,14.8,Occasional
104366,2016-09-13,8,272.13,69,34.02,Regular
104367,2016-11-19,8,270.45,2,33.81,Regular
104368,2016-04-10,5,99.24,225,19.85,Regular
104369,2016-02-04,1,82.58,291,82.58,One-time
104370,2016-09-10,6,312.58,72,52.1,Regular
104371,2016-06-03,3,203.6,171,67.87,Occasional
104372,2016-04-15,6,279.04,220,46.51,Regular
104373,2016-06-30,7,96.61,144,13.8,Regular
104374,2016-10-22,3,81.95,30,27.32,Occasional
104375,2016-10-03,6,245.06,49,40.84,Regular
104376,2016-06-20,6,165.65,154,27.61,Regular
104377,2016-03-14,6,146.66,252,24.44,Regular
104378,2016-10-11,9,246.03,41,27.34,Regular
104379,2016-02-15,5,166.16,280,33.23,Regular
104380,2016-01-17,6,166.4,309,27.73,Regular
104381,2016-08-06,10,274.28,107,27.43,Regular
104382,2016-11-19,5,135.58,2,27.12,Regular
104383,2016-04-29,2,54.32,206,27.16,Occasional
104384,2016-10-25,9,249.41,27,27.71,Regular
104385,2016-04-11,4,48.4,224,12.1,Regular
104386,2016-11-18,6,255.22,3,42.54,Regular
104387,2016-04-28,4,68.95,207,17.24,Regular
104388,2016-01-19,5,173.73,307,34.75,Regular
104389,2016-09-19,6,323.07,63,53.85,Regular
104390,2016-10-09,12,293.36,43,24.45,Frequent
104391,2016-11-11,8,356.45,10,44.56,Regular
104392,2016-11-02,7,314.52,19,44.93,Regular
104393,2016-08-11,8,170.14,102,21.27,Regular
104394,2016-02-22,6,139.98,273,23.33,Regular
104395,2016-06-24,10,422.35,150,42.24,Regular
104396,2016-06-26,7,216.84,148,30.98,Regular
104397,2016-05-05,7,332.91,200,47.56,Regular
104398,2016-11-12,8,157.88,9,19.74,Regular
104399,2016-05-15,5,366.82,190,73.36,Regular
104400,2016-09-29,11,416.1,53,37.83,Frequent
104401,2016-08-05,6,145.19,108,24.2,Regular
104402,2016-09-29,10,391.71,53,39.17,Regular
104403,2016-10-23,10,455.93,29,45.59,Regular
104404,2016-11-14,9,394.27,7,43.81,Regular
104405,2015-10-05,6,85.79,413,14.3,Regular
104406,2016-03-11,2,21.1,255,10.55,Occasional
104407,2016-07-02,4,147.05,142,36.76,Regular
104408,2016-09-13,4,130.59,69,32.65,Regular
104409,2016-09-25,6,302.79,57,50.46,Regular
104410,2016-07-15,8,164.83,129,20.6,Regular
104411,2015-09-10,4,113.03,438,28.26,Regular
104412,2016-07-13,7,246.51,131,35.22,Regular
104413,2015-09-15,6,159.73,433,26.62,Regular
104414,2016-07-21,6,202.59,123,33.76,Regular
104415,2016-07-28,5,104.21,116,20.84,Regular
104416,2015-10-13,3,89.65,405,29.88,Occasional
104417,2016-10-13,5,162.61,39,32.52,Regular
104418,2016-06-20,5,200.11,154,40.02,Regular
104419,2015-09-14,3,60.99,434,20.33,Occasional
104420,2016-10-27,6,384.05,25,64.01,Regular
104421,2016-05-17,6,186.96,188,31.16,Regular
104422,2016-04-03,4,139.97,232,34.99,Regular
104423,2015-11-17,7,189.95,370,27.14,Regular
104424,2016-07-05,8,321.47,139,40.18,Regular
104425,2015-12-27,6,149.65,330,24.94,Regular
104426,2016-09-01,7,222.19,81,31.74,Regular
104427,2016-11-16,3,245.51,5,81.84,Occasional
104428,2016-06-06,7,576.51,168,82.36,Regular
104429,2016-09-05,6,218.83,77,36.47,Regular
104430,2016-10-24,10,301.78,28,30.18,Regular
104431,2016-02-02,4,108.52,293,27.13,Regular
104432,2016-04-29,7,429.35,206,61.34,Regular
104433,2016-11-13,3,50.89,8,16.96,Occasional
104434,2016-07-19,6,141.98,125,23.66,Regular
104435,2015-08-03,2,43.07,476,21.53,Occasional
104436,2016-07-24,4,76.42,120,19.1,Regular
104437,2016-08-12,4,119.67,101,29.92,Regular
104438,2016-07-20,6,219.97,124,36.66,Regular
104439,2015-12-17,9,231.66,340,25.74,Regular
104440,2016-06-19,8,227.89,155,28.49,Regular
104441,2016-05-19,10,548.13,186,54.81,Regular
104442,2016-08-11,5,291.51,102,58.3,Regular
104443,2016-01-16,4,94.5,310,23.62,Regular
104444,2016-09-19,9,273.56,63,30.4,Regular
104445,2016-04-23,8,322.74,212,40.34,Regular
104446,2016-11-09,8,489.69,12,61.21,Regular
104447,2016-09-14,6,344.98,68,57.5,Regular
104448,2016-01-09,10,546.14,317,54.61,Regular
104449,2016-07-27,3,109.64,117,36.55,Occasional
104450,2016-07-22,8,336.3,122,42.04,Regular
104451,2016-06-25,5,176.52,149,35.3,Regular
104452,2016-09-15,8,299.84,67,37.48,Regular
104453,2016-08-22,5,177.01,91,35.4,Regular
104454,2015-04-27,6,165.83,574,27.64,Regular
104455,2016-04-03,7,207.38,232,29.63,Regular
104456,2015-03-05,6,223.03,627,37.17,Regular
104457,2016-05-12,7,236.2,193,33.74,Regular
104458,2016-03-14,8,363.63,252,45.45,Regular
104459,2016-08-02,7,181.97,111,26.0,Regular
104460,2016-08-25,7,219.53,88,31.36,Regular
104461,2016-04-26,3,154.29,209,51.43,Occasional
104462,2016-05-28,6,196.43,177,32.74,Regular
104463,2016-09-02,9,365.58,80,40.62,Regular
104464,2016-11-15,5,196.33,6,39.27,Regular
104465,2016-06-26,3,35.23,148,11.74,Occasional
104466,2016-11-13,8,321.31,8,40.16,Regular
104467,2016-10-24,4,93.05,28,23.26,Regular
104468,2016-09-22,6,139.19,60,23.2,Regular
104469,2016-10-15,5,183.37,37,36.67,Regular
104470,2015-09-28,4,99.71,420,24.93,Regular
104471,2015-12-11,7,239.05,346,34.15,Regular
104472,2016-10-23,5,151.73,29,30.35,Regular
104473,2016-10-10,7,212.26,42,30.32,Regular
104474,2016-06-02,7,113.69,172,16.24,Regular
104475,2016-01-10,5,152.49,316,30.5,Regular
104476,2016-07-26,2,56.22,118,28.11,Occasional
104477,2016-11-17,6,289.23,4,48.21,Regular
104478,2016-07-31,5,214.09,113,42.82,Regular
104479,2015-10-13,9,417.13,405,46.35,Regular
104480,2016-06-11,6,199.5,163,33.25,Regular
104481,2014-08-31,1,24.86,813,24.86,One-time
104482,2016-11-15,10,271.33,6,27.13,Regular
104483,2016-07-02,3,185.43,142,61.81,Occasional
104484,2016-02-05,6,254.72,290,42.45,Regular
104485,2016-10-13,8,256.42,39,32.05,Regular
104486,2015-10-15,2,25.33,403,12.66,Occasional
104487,2016-10-22,8,150.37,30,18.8,Regular
104488,2016-09-25,5,97.25,57,19.45,Regular
104489,2016-03-25,3,96.63,241,32.21,Occasional
104490,2016-07-04,4,188.32,140,47.08,Regular
104491,2016-11-13,7,260.64,8,37.23,Regular
104492,2016-09-05,4,127.39,77,31.85,Regular
104493,2016-06-08,7,120.14,166,17.16,Regular
104494,2016-10-28,4,69.9,24,17.48,Regular
104495,2016-08-21,6,219.4,92,36.57,Regular
104496,2016-06-13,4,125.1,161,31.28,Regular
104497,2016-01-22,2,40.77,304,20.39,Occasional
104498,2016-08-22,6,219.85,91,36.64,Regular
104499,2015-08-23,4,104.1,456,26.02,Regular
104500,2015-07-11,6,153.26,499,25.54,Regular
104501,2016-09-07,7,192.68,75,27.53,Regular
104502,2016-08-27,7,148.6,86,21.23,Regular
104503,2016-07-13,5,90.95,131,18.19,Regular
104504,2016-09-08,6,236.99,74,39.5,Regular
104505,2016-08-07,9,596.27,106,66.25,Regular
104506,2016-11-10,9,233.75,11,25.97,Regular
104507,2016-01-06,4,125.73,320,31.43,Regular
104508,2016-05-10,9,306.04,195,34.0,Regular
104509,2016-02-10,5,108.05,285,21.61,Regular
104510,2016-08-19,6,260.66,94,43.44,Regular
104511,2016-06-18,6,236.79,156,39.46,Regular
104512,2015-12-30,4,103.56,327,25.89,Regular
104513,2016-02-09,4,169.86,286,42.46,Regular
104514,2016-10-25,3,146.34,27,48.78,Occasional
104515,2016-04-13,6,163.91,222,27.32,Regular
104516,2016-05-23,7,215.44,182,30.78,Regular
104517,2016-08-21,6,157.18,92,26.2,Regular
104518,2016-10-09,7,239.2,43,34.17,Regular
104519,2016-04-21,8,199.32,214,24.92,Regular
104520,2016-07-22,3,112.77,122,37.59,Occasional
104521,2016-11-05,9,577.38,16,64.15,Regular
104522,2016-06-24,3,76.25,150,25.42,Occasional
104523,2016-06-01,5,158.03,173,31.61,Regular
104524,2016-08-10,8,324.13,103,40.52,Regular
104525,2015-09-24,6,328.67,424,54.78,Regular
104526,2016-04-04,3,87.35,231,29.12,Occasional
104527,2016-08-14,5,218.44,99,43.69,Regular
104528,2016-08-19,5,195.66,94,39.13,Regular
104529,2016-10-29,6,176.12,23,29.35,Regular
104530,2016-03-24,6,143.21,242,23.87,Regular
104531,2015-09-23,3,49.89,425,16.63,Occasional
104532,2016-03-12,3,129.54,254,43.18,Occasional
104533,2016-08-09,10,345.27,104,34.53,Regular
104534,2016-11-06,5,205.34,15,41.07,Regular
104535,2015-09-09,2,53.13,439,26.56,Occasional
104536,2016-08-31,9,370.57,82,41.17,Regular
104537,2016-03-25,4,136.81,241,34.2,Regular
104538,2016-02-26,7,152.1,269,21.73,Regular
104539,2015-08-15,10,271.7,464,27.17,Regular
104540,2015-09-22,5,195.29,426,39.06,Regular
104541,2016-02-15,5,261.25,280,52.25,Regular
104542,2016-10-01,9,384.26,51,42.7,Regular
104543,2016-06-01,6,89.62,173,14.94,Regular
104544,2016-10-13,4,63.69,39,15.92,Regular
104545,2016-10-24,7,463.82,28,66.26,Regular
104546,2015-07-06,5,167.9,504,33.58,Regular
104547,2015-09-20,2,73.78,428,36.89,Occasional
104548,2016-08-20,11,511.92,93,46.54,Frequent
104549,2015-03-12,1,26.26,620,26.26,One-time
104550,2016-11-10,6,179.69,11,29.95,Regular
104551,2016-09-15,8,245.04,67,30.63,Regular
104552,2016-02-20,4,120.32,275,30.08,Regular
104553,2016-04-30,3,84.84,205,28.28,Occasional
104554,2016-03-11,5,140.8,255,28.16,Regular
104555,2016-11-09,2,36.86,12,18.43,Occasional
104556,2016-05-11,5,167.48,194,33.5,Regular
104557,2016-05-10,9,251.19,195,27.91,Regular
104558,2016-10-24,3,72.77,28,24.26,Occasional
104559,2016-10-05,3,168.95,47,56.32,Occasional
104560,2016-09-05,6,179.98,77,30.0,Regular
104561,2016-02-20,7,279.68,275,39.95,Regular
104562,2016-07-18,2,76.33,126,38.16,Occasional
104563,2016-09-30,3,87.3,52,29.1,Occasional
104564,2016-01-15,3,138.01,311,46.0,Occasional
104565,2016-10-20,5,255.05,32,51.01,Regular
104566,2016-03-07,4,179.42,259,44.86,Regular
104567,2016-05-06,5,77.57,199,15.51,Regular
104568,2015-07-31,6,260.7,479,43.45,Regular
104569,2016-08-11,7,282.3,102,40.33,Regular
104570,2016-07-17,7,156.9,127,22.41,Regular
104571,2016-10-03,6,204.81,49,34.14,Regular
104572,2016-06-03,3,77.44,171,25.81,Occasional
104573,2016-03-04,7,293.05,262,41.86,Regular
104574,2016-07-25,5,121.58,119,24.32,Regular
104575,,0,0.0,1054,0.0,No Donation
104576,2015-11-12,6,210.04,375,35.01,Regular
104577,2016-10-29,5,223.26,23,44.65,Regular
104578,2016-09-12,7,317.28,70,45.33,Regular
104579,2016-07-07,9,213.39,137,23.71,Regular
104580,2016-10-17,7,220.49,35,31.5,Regular
104581,2016-05-02,1,21.69,203,21.69,One-time
104582,2015-12-23,5,153.5,334,30.7,Regular
104583,2016-08-24,2,28.93,89,14.46,Occasional
104584,2016-10-15,9,370.93,37,41.21,Regular
104585,2016-01-14,3,99.54,312,33.18,Occasional
104586,2016-11-01,6,445.16,20,74.19,Regular
104587,2016-06-20,6,130.15,154,21.69,Regular
104588,2016-10-15,3,144.86,37,48.29,Occasional
104589,2016-11-07,6,310.03,14,51.67,Regular
104590,2016-09-15,5,172.44,67,34.49,Regular
104591,2016-10-24,9,316.32,28,35.15,Regular
104592,2016-10-30,8,373.89,22,46.74,Regular
104593,2016-09-07,9,287.96,75,32.0,Regular
104594,2016-10-12,6,294.73,40,49.12,Regular
104595,2016-09-09,6,128.03,73,21.34,Regular
104596,2016-06-28,5,105.33,146,21.07,Regular
104597,2016-11-03,7,228.14,18,32.59,Regular
104598,2016-11-14,8,250.64,7,31.33,Regular
104599,2016-06-27,5,213.09,147,42.62,Regular
104600,2016-01-13,6,129.73,313,21.62,Regular
104601,2016-07-19,7,116.23,125,16.6,Regular
104602,2016-09-07,6,366.22,75,61.04,Regular
104603,2015-06-13,3,89.54,527,29.85,Occasional
104604,2016-04-21,11,478.4,214,43.49,Frequent
104605,2016-08-10,6,404.28,103,67.38,Regular
104606,2016-07-11,3,87.35,133,29.12,Occasional
104607,2016-06-18,5,79.28,156,15.86,Regular
104608,2016-05-24,6,142.12,181,23.69,Regular
104609,2016-06-09,7,192.66,165,27.52,Regular
104610,2016-11-01,7,131.71,20,18.82,Regular
104611,2015-12-15,4,108.37,342,27.09,Regular
104612,2016-09-23,2,64.31,59,32.16,Occasional
104613,2015-01-19,4,109.95,672,27.49,Regular
104614,2016-04-14,4,62.45,221,15.61,Regular
104615,2015-09-02,7,209.84,446,29.98,Regular
104616,2016-08-12,6,182.14,101,30.36,Regular
104617,2015-10-11,7,269.04,407,38.43,Regular
104618,2016-09-24,4,81.35,58,20.34,Regular
104619,2016-10-03,8,270.4,49,33.8,Regular
104620,2016-09-19,5,106.87,63,21.37,Regular
104621,2015-12-26,7,268.38,331,38.34,Regular
104622,2016-09-07,6,207.88,75,34.65,Regular
104623,2016-03-16,3,79.39,250,26.46,Occasional
104624,2015-11-19,4,75.54,368,18.89,Regular
104625,2015-05-26,6,131.21,545,21.87,Regular
104626,2016-07-27,8,194.78,117,24.35,Regular
104627,2016-02-28,8,328.42,267,41.05,Regular
104628,2015-10-06,7,267.32,412,38.19,Regular
104629,2016-01-28,5,181.44,298,36.29,Regular
104630,2016-11-17,6,159.48,4,26.58,Regular
104631,2016-01-16,5,119.84,310,23.97,Regular
104632,2015-12-24,3,73.89,333,24.63,Occasional
104633,2016-02-17,2,17.51,278,8.75,Occasional
104634,2015-02-19,3,115.48,641,38.49,Occasional
104635,2016-09-30,6,132.17,52,22.03,Regular
104636,2016-06-01,5,182.35,173,36.47,Regular
104637,2016-08-07,8,341.48,106,42.68,Regular
104638,2016-09-15,7,214.77,67,30.68,Regular
104639,2016-03-08,1,165.21,258,165.21,One-time
104640,2015-08-13,5,190.01,466,38.0,Regular
104641,2016-08-26,8,442.41,87,55.3,Regular
104642,2015-12-23,6,149.59,334,24.93,Regular
104643,2015-12-31,4,132.92,326,33.23,Regular
104644,2016-11-18,7,220.54,3,31.51,Regular
104645,2016-11-14,12,525.52,7,43.79,Frequent
104646,2016-11-04,7,287.44,17,41.06,Regular
104647,2016-07-15,5,176.9,129,35.38,Regular
104648,2015-08-14,5,141.69,465,28.34,Regular
104649,2016-10-15,4,145.43,37,36.36,Regular
104650,2016-08-07,3,186.26,106,62.09,Occasional
104651,2016-08-03,7,188.65,110,26.95,Regular
104652,2015-07-28,3,125.69,482,41.9,Occasional
104653,2016-10-27,7,261.61,25,37.37,Regular
104654,2015-07-28,5,136.46,482,27.29,Regular
104655,2016-04-03,7,130.5,232,18.64,Regular
104656,2016-11-09,4,199.12,12,49.78,Regular
104657,2016-03-25,3,98.15,241,32.72,Occasional
104658,2016-05-08,3,176.61,197,58.87,Occasional
104659,2016-01-29,5,198.3,297,39.66,Regular
104660,2016-08-14,10,266.1,99,26.61,Regular
104661,2016-11-13,7,477.14,8,68.16,Regular
104662,2016-05-13,6,424.21,192,70.7,Regular
104663,2016-04-21,6,257.37,214,42.9,Regular
104664,2016-11-16,8,212.57,5,26.57,Regular
104665,2016-08-28,9,406.33,85,45.15,Regular
104666,2016-09-07,9,230.93,75,25.66,Regular
104667,2014-10-05,2,38.26,778,19.13,Occasional
104668,2016-10-20,7,220.49,32,31.5,Regular
104669,2016-11-18,3,50.1,3,16.7,Occasional
104670,2016-08-05,4,135.27,108,33.82,Regular
104671,2014-09-26,5,356.55,787,71.31,Regular
104672,2016-08-26,3,64.05,87,21.35,Occasional
104673,2015-12-08,6,216.7,349,36.12,Regular
104674,2016-03-09,6,236.81,257,39.47,Regular
104675,2016-05-12,13,468.15,193,36.01,Frequent
104676,2016-08-23,12,264.9,90,22.08,Frequent
104677,2016-07-29,9,367.61,115,40.85,Regular
104678,2016-01-29,5,156.2,297,31.24,Regular
104679,2016-11-15,5,210.68,6,42.14,Regular
104680,2015-11-28,6,251.19,359,41.86,Regular
104681,2015-12-08,2,68.63,349,34.32,Occasional
104682,2016-08-28,8,309.17,85,38.65,Regular
104683,2016-08-12,4,64.16,101,16.04,Regular
104684,2016-11-09,3,92.62,12,30.87,Occasional
104685,2016-09-13,4,185.6,69,46.4,Regular
104686,2016-11-09,8,287.34,12,35.92,Regular
104687,2016-09-13,5,141.84,69,28.37,Regular
104688,2015-09-04,5,223.15,444,44.63,Regular
104689,2016-05-08,3,122.41,197,40.8,Occasional
104690,2015-01-12,3,107.46,679,35.82,Occasional
104691,2015-11-15,6,251.91,372,41.98,Regular
104692,2016-09-24,3,59.74,58,19.91,Occasional
104693,2016-09-27,4,116.31,55,29.08,Regular
104694,2016-10-17,9,281.78,35,31.31,Regular
104695,2016-08-31,5,245.2,82,49.04,Regular
104696,2016-02-22,4,201.5,273,50.38,Regular
104697,2015-03-25,1,16.22,607,16.22,One-time
104698,2014-04-01,1,51.3,965,51.3,One-time
104699,2016-05-25,6,661.82,180,110.3,Regular
104700,2016-07-03,7,206.45,141,29.49,Regular
104701,2016-09-20,7,237.82,62,33.97,Regular
104702,2016-10-03,7,258.84,49,36.98,Regular
104703,2016-08-24,6,154.24,89,25.71,Regular
104704,2016-07-25,6,192.31,119,32.05,Regular
104705,2016-09-06,8,327.47,76,40.93,Regular
104706,2016-05-25,7,205.02,180,29.29,Regular
104707,2016-08-16,7,180.2,97,25.74,Regular
104708,2016-07-15,11,501.31,129,45.57,Frequent
104709,2016-11-10,3,110.66,11,36.89,Occasional
104710,2016-10-14,6,231.72,38,38.62,Regular
104711,2016-07-23,8,347.23,121,43.4,Regular
104712,2016-02-27,7,273.56,268,39.08,Regular
104713,2016-06-30,6,300.33,144,50.06,Regular
104714,2016-07-26,7,193.35,118,27.62,Regular
104715,2016-11-09,3,107.66,12,35.89,Occasional
104716,2016-10-13,10,443.3,39,44.33,Regular
104717,2015-08-24,1,8.56,455,8.56,One-time
104718,2014-04-14,2,62.72,952,31.36,Occasional
104719,2016-11-06,6,222.34,15,37.06,Regular
104720,2016-07-11,7,210.39,133,30.06,Regular
104721,2016-09-21,7,234.15,61,33.45,Regular
104722,2016-01-02,4,144.37,324,36.09,Regular
104723,2016-08-23,1,15.86,90,15.86,One-time
104724,2016-07-05,6,217.85,139,36.31,Regular
104725,2016-11-08,12,556.57,13,46.38,Frequent
104726,2016-11-20,8,260.28,1,32.53,Regular
104727,2016-09-24,3,126.52,58,42.17,Occasional
104728,2016-09-04,8,409.18,78,51.15,Regular
104729,2016-11-19,6,185.62,2,30.94,Regular
104730,2016-07-09,6,256.96,135,42.83,Regular
104731,2016-02-25,9,357.48,270,39.72,Regular
104732,2016-07-07,6,207.27,137,34.54,Regular
104733,2016-02-20,3,134.86,275,44.95,Occasional
104734,2016-04-26,6,159.14,209,26.52,Regular
104735,2016-11-07,9,395.78,14,43.98,Regular
104736,2015-09-05,4,54.94,443,13.74,Regular
104737,2016-10-28,4,167.15,24,41.79,Regular
104738,2016-04-14,7,137.98,221,19.71,Regular
104739,2016-10-05,9,220.47,47,24.5,Regular
104740,2016-06-16,4,196.0,158,49.0,Regular
104741,2015-12-07,6,186.43,350,31.07,Regular
104742,2016-11-17,13,393.29,4,30.25,Frequent
104743,2016-02-15,9,330.59,280,36.73,Regular
104744,2016-01-05,2,77.34,321,38.67,Occasional
104745,2016-10-05,5,162.76,47,32.55,Regular
104746,2015-09-17,1,90.43,431,90.43,One-time
104747,2015-08-24,3,363.87,455,121.29,Occasional
104748,2016-09-08,3,65.86,74,21.95,Occasional
104749,2016-05-20,9,279.15,185,31.02,Regular
104750,2016-02-16,7,206.6,279,29.51,Regular
104751,2016-10-02,7,246.01,50,35.14,Regular
104752,2016-08-12,5,98.37,101,19.67,Regular
104753,2016-03-30,6,313.5,236,52.25,Regular
104754,2016-10-07,8,280.3,45,35.04,Regular
104755,2016-03-13,5,166.99,253,33.4,Regular
104756,2016-04-01,3,124.68,234,41.56,Occasional
104757,2016-02-15,4,93.94,280,23.48,Regular
104758,2016-07-26,4,263.44,118,65.86,Regular
104759,2016-09-30,4,139.8,52,34.95,Regular
104760,2016-06-13,7,191.69,161,27.38,Regular
104761,2016-10-07,6,164.52,45,27.42,Regular
104762,2016-11-04,2,104.36,17,52.18,Occasional
104763,2016-09-07,8,309.16,75,38.64,Regular
104764,2016-06-11,6,363.03,163,60.5,Regular
104765,2016-09-30,13,565.93,52,43.53,Frequent
104766,2016-03-05,7,191.43,261,27.35,Regular
104767,2015-11-03,5,256.25,384,51.25,Regular
104768,2016-06-13,6,197.01,161,32.84,Regular
104769,2015-09-21,3,105.17,427,35.06,Occasional
104770,2016-11-18,7,100.44,3,14.35,Regular
104771,2016-11-13,8,264.53,8,33.07,Regular
104772,2016-10-14,9,325.04,38,36.12,Regular
104773,2016-07-30,6,145.18,114,24.2,Regular
104774,2016-09-04,7,263.38,78,37.63,Regular
104775,2016-08-06,3,87.14,107,29.05,Occasional
104776,2016-08-07,3,130.66,106,43.55,Occasional
104777,2016-03-07,1,16.63,259,16.63,One-time
104778,2016-11-15,10,383.88,6,38.39,Regular
104779,2016-11-05,4,104.11,16,26.03,Regular
104780,2014-08-19,3,95.88,825,31.96,Occasional
104781,2015-05-11,2,54.44,560,27.22,Occasional
104782,2016-01-26,5,182.64,300,36.53,Regular
104783,2016-10-05,9,306.89,47,34.1,Regular
104784,2016-03-12,5,157.16,254,31.43,Regular
104785,2016-05-20,7,158.74,185,22.68,Regular
104786,2016-11-12,8,262.08,9,32.76,Regular
104787,2016-10-25,6,126.17,27,21.03,Regular
104788,2016-11-10,6,135.83,11,22.64,Regular
104789,2016-06-02,8,325.28,172,40.66,Regular
104790,2016-10-14,5,135.28,38,27.06,Regular
104791,2016-06-03,8,307.82,171,38.48,Regular
104792,2016-05-02,5,95.79,203,19.16,Regular
104793,2014-07-25,2,41.85,850,20.92,Occasional
104794,2015-03-09,3,41.25,623,13.75,Occasional
104795,2015-07-11,3,64.57,499,21.52,Occasional
104796,2016-09-07,6,187.26,75,31.21,Regular
104797,2016-11-06,7,257.87,15,36.84,Regular
104798,2016-01-11,3,97.43,315,32.48,Occasional
104799,2015-12-08,5,207.57,349,41.51,Regular
104800,2016-07-17,7,329.11,127,47.02,Regular
104801,2016-08-03,3,26.5,110,8.83,Occasional
104802,2016-10-05,9,171.46,47,19.05,Regular
104803,2016-10-25,12,580.01,27,48.33,Frequent
104804,2016-09-25,7,298.07,57,42.58,Regular
104805,2016-04-05,7,255.52,230,36.5,Regular
104806,2016-09-13,6,234.59,69,39.1,Regular
104807,2016-05-27,6,184.94,178,30.82,Regular
104808,2016-11-17,8,266.96,4,33.37,Regular
104809,2016-03-07,6,166.7,259,27.78,Regular
104810,2016-10-31,7,269.48,21,38.5,Regular
104811,2016-07-15,10,282.34,129,28.23,Regular
104812,2016-10-19,7,199.66,33,28.52,Regular
104813,2016-09-09,1,42.52,73,42.52,One-time
104814,2016-06-17,5,79.08,157,15.82,Regular
104815,2016-06-26,3,143.53,148,47.84,Occasional
104816,2015-01-28,2,156.14,663,78.07,Occasional
104817,2016-06-09,5,88.43,165,17.69,Regular
104818,2016-09-12,10,270.36,70,27.04,Regular
104819,2016-11-08,9,280.09,13,31.12,Regular
104820,2016-05-30,6,160.03,175,26.67,Regular
104821,2016-11-11,5,104.3,10,20.86,Regular
104822,2016-11-03,12,306.27,18,25.52,Frequent
104823,2016-09-20,8,483.11,62,60.39,Regular
104824,2016-10-26,7,194.5,26,27.79,Regular
104825,2016-09-17,6,178.53,65,29.75,Regular
104826,2016-06-28,4,132.14,146,33.03,Regular
104827,2016-08-28,13,527.0,85,40.54,Frequent
104828,2016-11-05,6,218.34,16,36.39,Regular
104829,2016-07-11,5,247.0,133,49.4,Regular
104830,2016-11-18,6,196.66,3,32.78,Regular
104831,2015-12-04,6,303.46,353,50.58,Regular
104832,2016-03-24,5,265.17,242,53.03,Regular
104833,2016-09-10,3,180.86,72,60.29,Occasional
104834,2016-03-13,4,127.39,253,31.85,Regular
104835,2016-05-02,5,191.71,203,38.34,Regular
104836,2016-11-11,10,325.55,10,32.56,Regular
104837,2016-05-18,5,109.36,187,21.87,Regular
104838,2016-10-19,2,214.64,33,107.32,Occasional
104839,2016-07-16,11,276.49,128,25.14,Frequent
104840,2016-09-27,6,214.51,55,35.75,Regular
104841,2016-06-20,8,242.27,154,30.28,Regular
104842,2016-09-13,4,171.57,69,42.89,Regular
104843,2016-10-09,9,494.57,43,54.95,Regular
104844,2016-08-13,7,265.8,100,37.97,Regular
104845,2014-02-04,1,44.44,1021,44.44,One-time
104846,2016-05-18,7,235.72,187,33.67,Regular
104847,2016-09-23,7,215.0,59,30.71,Regular
104848,2016-02-23,6,211.09,272,35.18,Regular
104849,2016-09-04,6,157.65,78,26.28,Regular
104850,2016-01-10,4,126.36,316,31.59,Regular
104851,2016-04-16,5,220.74,219,44.15,Regular
104852,2016-11-15,8,255.96,6,32.0,Regular
104853,2016-09-27,6,176.54,55,29.42,Regular
104854,2016-07-11,8,317.06,133,39.63,Regular
104855,2016-11-08,4,184.44,13,46.11,Regular
104856,2016-10-28,4,222.12,24,55.53,Regular
104857,2015-03-20,2,52.94,612,26.47,Occasional
104858,2016-11-15,4,157.33,6,39.33,Regular
104859,2016-06-24,4,116.2,150,29.05,Regular
104860,2016-05-04,7,166.68,201,23.81,Regular
104861,2015-10-23,4,158.03,395,39.51,Regular
104862,2016-09-08,5,164.54,74,32.91,Regular
104863,2016-10-23,5,177.21,29,35.44,Regular
104864,2015-07-25,2,121.83,485,60.92,Occasional
104865,2016-08-11,7,160.7,102,22.96,Regular
104866,2016-08-07,5,126.77,106,25.35,Regular
104867,2016-11-02,3,49.08,19,16.36,Occasional
104868,2015-10-23,5,134.96,395,26.99,Regular
104869,2016-03-26,4,132.85,240,33.21,Regular
104870,2016-10-03,6,96.84,49,16.14,Regular
104871,2016-10-15,6,147.14,37,24.52,Regular
104872,2016-10-17,3,98.26,35,32.75,Occasional
104873,2016-11-11,3,59.42,10,19.81,Occasional
104874,2016-07-01,4,89.76,143,22.44,Regular
104875,2015-07-03,3,109.5,507,36.5,Occasional
104876,2016-10-31,9,264.16,21,29.35,Regular
104877,2016-10-22,7,240.13,30,34.3,Regular
104878,2016-02-04,6,186.46,291,31.08,Regular
104879,2016-07-22,8,228.93,122,28.62,Regular
104880,2015-09-20,3,69.01,428,23.0,Occasional
104881,2016-11-13,5,183.2,8,36.64,Regular
104882,2016-07-15,2,109.51,129,54.76,Occasional
104883,2015-08-13,6,181.97,466,30.33,Regular
104884,2016-06-07,3,58.05,167,19.35,Occasional
104885,2016-08-31,9,310.54,82,34.5,Regular
104886,2015-04-19,3,91.63,582,30.54,Occasional
104887,2016-09-23,4,200.15,59,50.04,Regular
104888,2016-04-30,2,97.6,205,48.8,Occasional
104889,2015-12-06,5,210.87,351,42.17,Regular
104890,2016-03-25,8,359.95,241,44.99,Regular
104891,2016-10-20,6,185.03,32,30.84,Regular
104892,2015-11-09,4,144.65,378,36.16,Regular
104893,2016-04-03,5,110.91,232,22.18,Regular
104894,2016-09-01,7,208.14,81,29.73,Regular
104895,2016-11-13,8,239.22,8,29.9,Regular
104896,2016-11-16,5,105.83,5,21.17,Regular
104897,2016-07-14,9,350.08,130,38.9,Regular
104898,2015-05-13,3,89.68,558,29.89,Occasional
104899,2016-10-21,8,278.22,31,34.78,Regular
104900,2016-11-10,10,312.37,11,31.24,Regular
104901,2016-05-27,2,137.16,178,68.58,Occasional
104902,2015-12-28,4,230.47,329,57.62,Regular
104903,2015-06-08,3,130.15,532,43.38,Occasional
104904,2015-12-01,7,300.65,356,42.95,Regular
104905,2015-12-15,9,422.19,342,46.91,Regular
104906,2016-09-21,4,108.95,61,27.24,Regular
104907,2016-10-12,8,300.33,40,37.54,Regular
104908,2016-01-15,6,196.43,311,32.74,Regular
104909,2016-11-08,9,661.12,13,73.46,Regular
104910,2016-09-29,5,180.54,53,36.11,Regular
104911,2016-07-06,5,293.33,138,58.67,Regular
104912,2016-09-23,7,240.84,59,34.41,Regular
104913,2016-02-11,6,96.21,284,16.04,Regular
104914,2016-08-24,8,395.76,89,49.47,Regular
104915,2016-10-09,6,213.89,43,35.65,Regular
104916,2015-11-21,7,302.11,366,43.16,Regular
104917,2016-07-14,7,243.38,130,34.77,Regular
104918,2016-05-19,4,249.84,186,62.46,Regular
104919,2016-03-22,6,361.12,244,60.19,Regular
104920,2015-11-28,10,325.09,359,32.51,Regular
104921,2016-08-15,6,183.24,98,30.54,Regular
104922,2016-08-29,3,134.63,84,44.88,Occasional
104923,2015-07-10,1,12.48,500,12.48,One-time
104924,2016-09-22,6,314.07,60,52.34,Regular
104925,2016-09-23,9,260.18,59,28.91,Regular
104926,2016-11-14,7,141.69,7,20.24,Regular
104927,2016-09-22,5,164.95,60,32.99,Regular
104928,2016-07-06,7,264.34,138,37.76,Regular
104929,2016-11-04,8,235.38,17,29.42,Regular
104930,2015-10-19,4,201.2,399,50.3,Regular
104931,2015-12-16,4,179.24,341,44.81,Regular
104932,2015-09-14,3,147.6,434,49.2,Occasional
104933,2016-07-13,5,112.41,131,22.48,Regular
104934,2016-08-28,5,122.45,85,24.49,Regular
104935,2016-06-16,4,171.3,158,42.82,Regular
104936,2016-01-31,8,150.01,295,18.75,Regular
104937,2016-10-03,7,277.86,49,39.69,Regular
104938,2016-04-26,12,455.66,209,37.97,Frequent
104939,2016-08-05,3,83.98,108,27.99,Occasional
104940,2016-09-11,6,210.28,71,35.05,Regular
104941,2016-10-06,12,356.25,46,29.69,Frequent
104942,2015-07-27,5,170.74,483,34.15,Regular
104943,2016-10-01,6,229.27,51,38.21,Regular
104944,2016-06-28,7,205.34,146,29.33,Regular
104945,2016-11-04,5,131.74,17,26.35,Regular
104946,2016-10-26,3,143.06,26,47.69,Occasional
104947,2016-01-17,4,96.98,309,24.24,Regular
104948,2016-10-23,9,232.06,29,25.78,Regular
104949,2016-11-10,8,256.03,11,32.0,Regular
104950,2015-11-09,3,140.63,378,46.88,Occasional
104951,2016-09-26,7,190.01,56,27.14,Regular
104952,2016-09-08,5,283.22,74,56.64,Regular
104953,2016-04-07,8,426.17,228,53.27,Regular
104954,2015-06-19,3,130.16,521,43.39,Occasional
104955,2016-08-11,4,294.6,102,73.65,Regular
104956,2016-09-23,6,239.95,59,39.99,Regular
104957,2016-09-02,6,352.66,80,58.78,Regular
104958,2016-10-27,8,259.03,25,32.38,Regular
104959,2015-04-30,4,114.06,571,28.52,Regular
104960,2016-02-22,6,197.78,273,32.96,Regular
104961,2016-02-29,5,153.09,266,30.62,Regular
104962,2016-08-21,5,183.61,92,36.72,Regular
104963,2016-10-21,6,195.66,31,32.61,Regular
104964,2016-11-05,5,90.12,16,18.02,Regular
104965,2016-05-19,5,170.7,186,34.14,Regular
104966,2016-10-20,6,166.93,32,27.82,Regular
104967,2016-11-18,7,223.69,3,31.96,Regular
104968,2016-06-11,9,287.15,163,31.91,Regular
104969,2015-12-14,7,167.71,343,23.96,Regular
104970,2016-08-05,5,366.58,108,73.32,Regular
104971,2016-10-04,5,103.03,48,20.61,Regular
104972,2015-07-06,3,106.55,504,35.52,Occasional
104973,2016-08-09,6,204.55,104,34.09,Regular
104974,2015-06-13,5,82.57,527,16.51,Regular
104975,2016-08-30,2,30.39,83,15.2,Occasional
104976,2016-09-13,6,131.64,69,21.94,Regular
104977,2016-10-25,10,257.05,27,25.7,Regular
104978,2016-10-08,7,167.75,44,23.96,Regular
104979,2016-09-26,5,72.45,56,14.49,Regular
104980,2016-10-06,4,119.14,46,29.78,Regular
104981,2016-10-19,8,175.68,33,21.96,Regular
104982,2014-12-01,3,65.47,721,21.82,Occasional
104983,2016-10-22,6,145.39,30,24.23,Regular
104984,2016-09-17,5,154.56,65,30.91,Regular
104985,2016-06-02,6,207.52,172,34.59,Regular
104986,2016-10-22,5,225.43,30,45.09,Regular
104987,2016-10-08,10,297.95,44,29.8,Regular
104988,2015-09-30,8,397.57,418,49.7,Regular
104989,2016-02-28,4,87.59,267,21.9,Regular
104990,2015-06-02,2,75.94,538,37.97,Occasional
104991,2016-02-10,2,17.7,285,8.85,Occasional
104992,2016-05-10,2,192.85,195,96.43,Occasional
104993,2016-11-12,5,138.74,9,27.75,Regular
104994,2015-08-05,2,27.97,474,13.98,Occasional
104995,2015-12-19,3,135.41,338,45.14,Occasional
104996,2016-08-20,6,494.55,93,82.42,Regular
104997,2016-01-15,3,90.1,311,30.03,Occasional
104998,2016-06-12,4,171.75,162,42.94,Regular
104999,2016-08-02,5,103.89,111,20.78,Regular
105000,2016-07-05,12,271.59,139,22.63,Frequent
